[{"text": "Boardwalk Empire has me like \ud83d\ude22\ud83d\ude23\ud83d\ude27\ud83d\ude2d", "user": "Beer_n_Cheetos", "id": 399275261021003776}, {"text": "I'm watching Boardwalk Empire, The Old Ship of Zion (S4EP8) #BoardwalkEmpire @BoardwalkEmpHBO @intonow http://t.co/gxYRJnnBMF", "user": "captspastic", "id": 399274279956525056}, {"text": "@vincentharinam have you watched Boardwalk Empire yet? I feel like you'd enjoy the historical aspect of it and Buscemi's face", "user": "DreadieW", "id": 399047537472319488}, {"text": "Mueller on BOARDWALK EMPIRE is one of the most interesting characters on screen.", "user": "Gabrielle_Faust", "id": 398982869457981440}, {"text": "i'm gonna tweet a boardwalk empire spoiler it happened a few episodes back buT STILL just thought i'd warn people", "user": "breadkink", "id": 398977444780068864}, {"text": "I kinda wanna see that Mob City show, but it looks too much like boardwalk empire", "user": "shitbruh", "id": 398663960792023041}, {"text": "Still need to see Boardwalk Empire, The Sopranos, Girls, and a few more.", "user": "JosephAPadilla", "id": 398636192708562944}, {"text": "RT @mricosuave: Mexican hot chocolate. Pan dulce. Boardwalk Empire.", "user": "jchapa0923", "id": 398306315967016961}, {"text": "Mexican hot chocolate. Pan dulce. Boardwalk Empire.", "user": "mricosuave", "id": 398304322418507776}, {"text": "Holy crap. That's Patricia Arquette's old aff in Boardwalk Empire.", "user": "iSonnyDiaz", "id": 398281865288617984}, {"text": "RT @nprmusic: The Man Behind The 'Boardwalk Empire' Big Band: @_vincegiordano On @nprfreshair http://t.co/7O7iS6qkle", "user": "TixieAustin", "id": 398237267351072768}, {"text": "I have 2 new shows to catch up on and watch now. Fairly Legal and Boardwalk Empire.", "user": "AmariMeadows", "id": 398086126138695680}, {"text": "I want to watch scandal and boardwalk empire and the x-files and the shield and oh god so many shows so little time I'm overwhelmed", "user": "elskay_", "id": 398085412628856832}, {"text": "RT @JoePatrickLynch: \"Boardwalk Empire\" should be called \"god who the fuck cares this isn't going ANYWHERE this is all just a bunch of fast\u2026", "user": "zachlynchmusic", "id": 397896834258976768}, {"text": "\"Boardwalk Empire\" should be called \"god who the fuck cares this isn't going ANYWHERE this is all just a bunch of fast-talking-high-trousers", "user": "JoePatrickLynch", "id": 397894599064043521}, {"text": "Here\u2019s the Full Trailer for Season Four of \u2018Boardwalk Empire\u2019 http://t.co/TECdPDpP20 via @BroBible", "user": "RealWildboy2008", "id": 397782235643772928}, {"text": "catching up on 2 seasons of Boardwalk Empire", "user": "The_Abbot36", "id": 397633899733336064}, {"text": "About to finish boardwalk empire", "user": "dylanvillalon", "id": 397578355135885312}, {"text": "RT @sarahkcarlson: In honor of last night\u2019s @BoardwalkEmpire, let\u2019s revisit this: Why Richard Harrow is Excellent Boyfriend Material http:/\u2026", "user": "FernSimon2", "id": 397486947792203776}, {"text": "RT @sarahkcarlson: In honor of last night\u2019s @BoardwalkEmpire, let\u2019s revisit this: Why Richard Harrow is Excellent Boyfriend Material http:/\u2026", "user": "SareneLeeds", "id": 397473531623403520}, {"text": "RT @sarahkcarlson: In honor of last night\u2019s @BoardwalkEmpire, let\u2019s revisit this: Why Richard Harrow is Excellent Boyfriend Material http:/\u2026", "user": "pajiba", "id": 397472733770313728}, {"text": "RT @sarahkcarlson: In honor of last night\u2019s @BoardwalkEmpire, let\u2019s revisit this: Why Richard Harrow is Excellent Boyfriend Material http:/\u2026", "user": "patman23", "id": 397463474194104320}, {"text": "RT @sarahkcarlson: In honor of last night\u2019s @BoardwalkEmpire, let\u2019s revisit this: Why Richard Harrow is Excellent Boyfriend Material http:/\u2026", "user": "courtenlow", "id": 397460632263352320}, {"text": "In honor of last night\u2019s @BoardwalkEmpire, let\u2019s revisit this: Why Richard Harrow is Excellent Boyfriend Material http://t.co/OmbC6YnwQI", "user": "sarahkcarlson", "id": 397430804944416768}, {"text": "@G_Standish Idk if youve ever watched Boardwalk Empire, but everytime I watch this season theres this woman who reminds me of you!", "user": "macuhDamien", "id": 397337707174559744}, {"text": "Wordy Old Men on Boardwalk Empire: Season Four, Episode Nine \"Marriage and Hunting\" http://t.co/5snsUOxg7r", "user": "oldmanduggan", "id": 397255254901030912}, {"text": "Wordy Old Men on Boardwalk Empire: Season Four, Episode Nine \"Marriage and Hunting\" http://t.co/Az4igwQ8Me", "user": "oldmanduggan", "id": 397255248416239616}, {"text": "Esther Randolph is on Masters of Sex. It's basically as if Margaret's Sex Ed storyline on Boardwalk Empire was its own show. #BEMoScrossover", "user": "DuskySprngfield", "id": 397231504129921024}, {"text": "Sick Beard: Download Finished: Boardwalk Empire - 4x09 - Marriage And Hunting", "user": "wavecentral", "id": 397223194467123200}, {"text": "Photo: I just unlocked the Boardwalk Empire: 1924 Gillian Darmody sticker on GetGlue 5853 others have also... http://t.co/GwcBiiDiSl", "user": "MafiosoTees", "id": 397219348097798144}, {"text": "Photo: I just unlocked the Boardwalk Empire: 1924 Gillian Darmody sticker on GetGlue 1163 others have also... http://t.co/HV0nOOmmiF", "user": "sharonljmoore", "id": 397214007876415488}, {"text": "Michael Shannon in a wife beater. This is already my favorite episode of Boardwalk Empire this season.", "user": "DuskySprngfield", "id": 397213063650111490}, {"text": "'Boardwalk Empire' Recap: Still Sitting: Wimmen Dames No matter what you Pee-Wee Herman or Kap'n Karl (RIP Phi... http://t.co/Lqb5ER7wv9", "user": "MikeHolp", "id": 397209063387189249}, {"text": "Boardwalk. Empire does it again.", "user": "erik891", "id": 397199569982730240}, {"text": "I'm #Viggling \"Boardwalk Empire\". TV loves you back with #ViggleTV!\n\n #BoardwalkEmpire #viggle", "user": "Screwhead45", "id": 397197996321828864}, {"text": "Personally been a little disappointed with this season of Boardwalk Empire so far...", "user": "therealDanManz", "id": 397195997144567809}, {"text": "Good one, boardwalk empire. #hotthickpattyarquette #nelsontakingcontrol #noboringnephewplotline #gillian http://t.co/JIY8Eyi1kd", "user": "MaraElizabeth", "id": 397195948885286912}, {"text": "Photo: I\u2019m watching Boardwalk Empire 3867 others are also watching. Boardwalk Empire on http://t.co/UEVzoLKMyo http://t.co/mPT9pqcZRO", "user": "docinaustin", "id": 397185374130536448}, {"text": "Photo: I just unlocked the Boardwalk Empire: 1924 Gillian Darmody sticker on GetGlue 3613 others have also... http://t.co/tXQjYU6oHA", "user": "docinaustin", "id": 397185368870879232}, {"text": "look what's happening on the boardwalk empire page via #GetGlue #BoardwalkEmpire http://t.co/07Q3J5AYWb", "user": "Screwhead45", "id": 397182492890775553}, {"text": "Time for a new Boardwalk Empire! :) #ArnoldRothstein #NuckyThompson #BoardwalkEmpire #1920s\u2026 http://t.co/8Qb9PU5dzZ", "user": "StephenAGutierr", "id": 397182212950724608}, {"text": "My TV night: Saban 60 Minutes, Walking /Talking Dead, Boardwalk Empire and/or Homeland #dvrsaregreat #snfonnbc is low priority tonight. #TV", "user": "ctxsportsvoice", "id": 397166263425708032}, {"text": "I'm watching Boardwalk Empire (645 others are watching) http://t.co/0wLHsiOyBg #GetGlue @boardwalkempire", "user": "Rhettoric_1", "id": 397158885666332672}]