[{"text": "In case you might have an interest, @rickdunkle: http://t.co/IRcJ7TDMke @GUBLERNATION #CriminalMinds", "user": "Willowy04", "id": 399418160505319424}, {"text": "criminal minds is so eerie sometimes but I still watch it", "user": "briannanatasha_", "id": 399372204099375105}, {"text": "tbh all I did today is watch criminal minds and the hills all day, and eat. \ud83c\udf74", "user": "SMillergenuine", "id": 399314153011032064}, {"text": "I just voted for Criminal Minds #tvcrimedrama #PeoplesChoice. Retweet to vote http://t.co/CM0gLMhkLb via @peopleschoice", "user": "NaudiaCarreon", "id": 399257884338311168}, {"text": "Yup I'm just gonna sit in bed and watch criminal minds..", "user": "youknowwhy23", "id": 399207063366029312}, {"text": "Criminal Minds, I'm so obsessed. But as if I need more reasons to be paranoid", "user": "CloRalleuc", "id": 399164298691235840}, {"text": "At least Criminal Minds is on", "user": "leftylety", "id": 399156626579402752}, {"text": "@KarmaaLove lol that's how I was with criminal minds", "user": "TheOneZaire", "id": 399077115846340608}, {"text": "when a criminal minds all night marathone is on \nme\nsleep is for the weak http://t.co/BxV5Pi2Gif", "user": "gloriasmilyface", "id": 398958380552691712}, {"text": "Criminal Minds and SVU get my blood going.", "user": "GodDesignedMe", "id": 398894158120620032}, {"text": "Watch criminal minds with me and play with my hair. #soiknowitsreal", "user": "Mahomie_G", "id": 398871976015437824}, {"text": "RT @Willowy04: Check it out! A review of #CriminalMinds episode 9x07, \"Gatekeeper\": http://t.co/IRcJ7TDMke @rickdunkle @GUBLERNATION", "user": "WheresReenie", "id": 398868703569141760}, {"text": "Check it out! A review of #CriminalMinds episode 9x07, \"Gatekeeper\": http://t.co/IRcJ7TDMke @rickdunkle @GUBLERNATION", "user": "Willowy04", "id": 398851556973363200}, {"text": "Criminal Minds in Psychology \ud83d\ude0d", "user": "jasmineele", "id": 398840584237895680}, {"text": "I should be studying for my history quiz tomorrow or putting my laundry away or taking a shower but instead I'm watching criminal minds \ud83d\ude0f", "user": "jamiewarrenn", "id": 398661459162324992}, {"text": "RT @France023: Criminal Minds is just perfect.", "user": "LindsiLynnn", "id": 398647697436966912}, {"text": "RT @France023: Criminal Minds is just perfect.", "user": "LioraHammer", "id": 398647550653505536}, {"text": "Without A Trace and Criminal Minds are my faves. \ud83d\udc9e", "user": "TattedMommyLife", "id": 398647098842677248}, {"text": "Criminal Minds is just perfect.", "user": "France023", "id": 398644946929860608}, {"text": "I haven't watched Criminal Minds in forever", "user": "ValerieNatashaa", "id": 398593345355669504}, {"text": "Criminal minds.  :) always makes my day better watching my shows", "user": "MommaAngela", "id": 398591927613788160}, {"text": "@Mikeaveli one of my fav. Shows that n csi n criminal minds", "user": "UniqkSoUnique", "id": 398575440945635328}, {"text": "@LoveAyshaaa21 @StillGangstaTho @jodymichellee yeah I gotta finish watch last nights episode of criminal minds anyways", "user": "phillysteak84", "id": 398565324875763712}, {"text": "Criminal Minds all day\ud83d\udc4c", "user": "UrestiNick", "id": 398550712960823297}, {"text": "When reed goes all smart and geeky on criminal minds \ud83d\ude0d\ud83d\ude18 #sexy #mynerdtype #whiteboys", "user": "MissC_Evans", "id": 398510563312951297}, {"text": "Criminal minds how I love thee \ud83d\ude0d\ud83d\ude0d\ud83d\ude0d\ud83d\ude18\ud83d\ude18\ud83d\ude18 #happy", "user": "MissC_Evans", "id": 398510375831748608}, {"text": "I think I could almost waste a third of my life watching criminal minds and be content.", "user": "DJ_notaDJ", "id": 398356693358096384}, {"text": "Criminal minds is my shit :) ! #tunedin", "user": "LiddoMsMoe5", "id": 398284608933867520}, {"text": "@GUBLERNATION greattt job tonight on the new criminal minds ILYSM", "user": "joann_francis", "id": 398284284542205952}, {"text": "You know its sad when you run back and forth to see both the CMA's and Criminal Minds lol!", "user": "MomToBoo", "id": 398278129908609024}, {"text": "Criminal minds all night long !", "user": "kristennchilds", "id": 398276543534735361}, {"text": "A new episode of Criminal Minds is on. #YeeeeeaaaaaahBuddy", "user": "EricMorgan210", "id": 398270000315641856}, {"text": "Ugh criminal minds\ud83d\ude0d\ud83d\ude0d", "user": "alysondavis14", "id": 398269863803629568}, {"text": "#ViggleTV makes watching \"Criminal Minds\" even more entertaining!\n\n #CriminalMinds #viggle", "user": "Lazyjbbq", "id": 398269563516637184}, {"text": "Let's play the game of can I finish cooking dinner and eating all in 20 minutes before criminal minds #letsdothis", "user": "joann_francis", "id": 398263399793958912}, {"text": "@KaitlinSwift21 screw the essay and criminal minds. Eat tamales while listening to Nothing Was The Same.", "user": "OVOEric", "id": 398259468296671232}, {"text": "To watch the #CMAawards or watch Criminal Minds and CSI?... \ud83d\ude2c\ud83d\ude2e", "user": "jessie_hope27", "id": 398253205093486592}, {"text": "Im like obsessed with like csi, ncis, criminal minds, law &amp; order:svu like alll of them", "user": "becccamichele", "id": 398239105533751296}, {"text": "Please retweet and get Criminal Minds to win! \"@ajcookofficial: Criminal Minds #tvcrimedrama #PeoplesChoice http://t.co/zLG8GvdyI5\u201d", "user": "APD3109SgtWife", "id": 398235496985292800}, {"text": "criminal minds and ahs tonight #happywednesdays !!!", "user": "joann_francis", "id": 398233985283010560}, {"text": "I guess I'm watching Criminal Minds alone tonight.", "user": "DreamMakeCreate", "id": 398228730222346241}, {"text": "Oh, I meant to talk bout this yesterday, had a criminal minds dream. (:", "user": "EricDariuse", "id": 398220874483916800}, {"text": "Looking forward to all the GIFs on tumblr of tonight's Criminal Minds.", "user": "RodneyDylano", "id": 398200746698477569}, {"text": "Shemare Moore talking about #Criminal Minds on ET. &lt;3 Love that man!", "user": "TracyJaniyad", "id": 398199066015719424}, {"text": "#CriminalMinds fans! @GUBLERNATION directs tonight's episode! Here, he talks about it, too: http://t.co/G4dkOp7EPV", "user": "Willowy04", "id": 398198212747464705}, {"text": "Shemare Moore talking about #Criminal Minds on ET. &lt;3 Love that man!", "user": "JasmineCoras", "id": 398195728071135232}, {"text": "Yay! Criminal Minds and CSI are on the same night now! (:", "user": "JenniferSerenae", "id": 398193969210744833}, {"text": "Bleh, ready to go home and sleep some before Criminal Minds comes on and then sleep some more. Work at 9 tomorrow. &gt;.&lt;", "user": "JustinRaymondb", "id": 398178870827823105}, {"text": "Looking forward to all the GIFs on tumblr of tonight's Criminal Minds.", "user": "AllenTimothya", "id": 398177926840987648}, {"text": "Ack the official criminal minds Twitter just used \"Can't hardly wait\"! Such a pet peeve of mine. It's like a double negative! &gt;.&lt;", "user": "SimeonVictorv", "id": 398176274843066369}, {"text": "Why does Grimm have to come on the same time as Criminal Minds? T_T", "user": "CoraPreciousp", "id": 398174677698228225}, {"text": "Yay! Criminal Minds and CSI are on the same night now! (:", "user": "JustineJaydenf", "id": 398166235172442112}, {"text": "RT @samRileee03: @dudeitsvictoria  try criminal minds \ud83d\ude0c", "user": "dudeitsvictoria", "id": 398144248442150912}, {"text": "@dudeitsvictoria  try criminal minds \ud83d\ude0c", "user": "samRileee03", "id": 398143254446616576}, {"text": "I just remembered Criminal Minds and Arrow is on tonight! Yay!", "user": "dylanohhbrien", "id": 398139907798880256}, {"text": "RT @jduenes2333: Criminal minds is so badass. watch it!", "user": "Roxacious", "id": 398103871488135169}, {"text": "Criminal minds is so badass. watch it!", "user": "jduenes2333", "id": 398101349402832897}, {"text": "The love I have for Criminal Minds &gt;", "user": "Diamonddd21", "id": 398090978013093888}, {"text": "again doesn't mean that I've already killed someone before okay so I'm not a serial killer or a murderer from criminal minds", "user": "sparklerzayn", "id": 398034884825853953}, {"text": "Criminal Minds is the way to go!!\ud83c\udfa5", "user": "KeatonKubicek", "id": 397962423392403456}, {"text": "My sis got me hip to criminal minds", "user": "BigHeadNegro", "id": 397936024418287616}, {"text": "This episode of criminal minds I'm watching is pretty much a Saw rip off", "user": "_maxsupreme", "id": 397928165323988992}, {"text": "I love watching Criminal Minds \u2661", "user": "_annalisamarie_", "id": 397921511568191488}, {"text": "RT @kai_essie: criminal minds is my favorite", "user": "Emuuuuuuuhlee", "id": 397918150806601729}, {"text": "RT @kai_essie: criminal minds is my favorite", "user": "Audrey_Hustler", "id": 397917009658130432}, {"text": "RT @kai_essie: criminal minds is my favorite", "user": "saulsexyruizz", "id": 397916912706789378}, {"text": "criminal minds is my favorite", "user": "kai_essie", "id": 397916651586199552}, {"text": "Criminal minds season 9  :)", "user": "MommaAngela", "id": 397911398123974657}, {"text": "OMG Shaggy from Scooby Doo is on Criminal Minds.", "user": "_cashlikejohnny", "id": 397909956282052608}, {"text": "RT @aleckoshki: Some of the cases in criminal minds are so fucked up and make me want to throw up abit", "user": "flizskibish", "id": 397903177376227328}, {"text": "Some of the cases in criminal minds are so fucked up and make me want to throw up abit", "user": "aleckoshki", "id": 397902730506678272}, {"text": "Criminal Minds is my shit.", "user": "c_chavez13", "id": 397900932395982850}, {"text": "criminal minds makes me so paranoid", "user": "GaryGonzales44", "id": 397895681949437952}, {"text": "I love Agent Reed from Criminal Minds!", "user": "LoveCamry", "id": 397886860443144192}, {"text": "Yay! Criminal Minds and CSI are on the same night now! (:", "user": "MichelleHoped", "id": 397864236535119872}, {"text": "I'm addicted to Criminal Minds...", "user": "KellseyRinker", "id": 397863086750576640}, {"text": "I just voted for Criminal Minds #tvcrimedrama #PeoplesChoice. Retweet to vote http://t.co/nnXMDdcKVR via @peopleschoice", "user": "x__yevonne", "id": 397843710798352384}, {"text": "Oh, I meant to talk bout this yesterday, had a criminal minds dream. (:", "user": "LucasDrakep", "id": 397821080485629952}, {"text": "Oh, I meant to talk bout this yesterday, had a criminal minds dream. (:", "user": "DemetriusLukel", "id": 397813268648955904}, {"text": "The criminal minds episode that's on right now is the reason why I hate rest stops", "user": "cassidywillits", "id": 397808010904342528}, {"text": "Never cried so hard during an episode of criminal minds holy fuck", "user": "kassidyreaay", "id": 397800686844649472}, {"text": "Not going to class until this episode of criminal minds is over.", "user": "lolo_lil", "id": 397798591147692032}, {"text": "@CraigyFerg hit up the criminal minds people!", "user": "1SGFitzsWife", "id": 397763315167809536}, {"text": "#NowWatching Criminal Minds", "user": "prettyterumi", "id": 397753795733508096}, {"text": "\u201c@S_Kathryn53: \u201c@Gloriaagreatest: Criminal minds is my shit man ! \ud83d\udd2b\ud83d\udd26\ud83d\udd0e\u201d \ud83d\ude4c #FavoriteShow\u201d gawd yes !", "user": "Gloriaagreatest", "id": 397752323465678848}, {"text": "\u201c@Gloriaagreatest: Criminal minds is my shit man ! \ud83d\udd2b\ud83d\udd26\ud83d\udd0e\u201d \ud83d\ude4c #FavoriteShow", "user": "S_Kathryn53", "id": 397751258238296064}, {"text": "Criminal minds is my shit man ! \ud83d\udd2b\ud83d\udd26\ud83d\udd0e", "user": "Gloriaagreatest", "id": 397750261617139712}, {"text": "Had a question that read \"The National Police Academy in Quantico, is run by?\" I knew it was the FBI bc of Criminal Minds \ud83d\ude02 @CrimMinds_CBS", "user": "franciiaaa", "id": 397571867982041089}, {"text": "Watching Criminal Minds Marathon. I swear I love crime shows like this", "user": "ashkat_23", "id": 397569423692673025}, {"text": "When is the Criminal minds epiosed w/ you coming out ? @IamRonnieBanks", "user": "itsanelisia_", "id": 397558886325948416}, {"text": "it's so awkward when i'm watching something and i'm like i recignize this actor and i realize \"oh wait they played a pedo on criminal minds\"", "user": "africa2k13", "id": 397549036099493889}, {"text": "wednesdays are are sorta great bc ahs and criminal minds come on #favoritecreepyshows", "user": "joann_francis", "id": 397548717584039936}, {"text": "Criminal Minds marathon &amp; Chinese food with the fambam\ud83d\udc4c", "user": "KellseyRinker", "id": 397542495963189248}, {"text": "im watching criminal minds and this nigga killed this lady to fucking eat her!!", "user": "monteniggga", "id": 397503084261167104}, {"text": "If I can stop watching criminal minds and get off my lazy ass.. \ud83d\ude10\ud83d\ude10", "user": "youknowwhy23", "id": 397496168453656576}, {"text": "Oh, I meant to talk bout this yesterday, had a criminal minds dream. (:", "user": "DarienKevinx", "id": 397480001139785728}, {"text": "RT @youknowwhy23: Criminal minds is life. #everyday", "user": "Ceedee_19", "id": 397477273311268864}, {"text": "Criminal minds is life. #everyday", "user": "youknowwhy23", "id": 397476736461332480}, {"text": "\"@TayySavannah: I tried to take a nap, but criminal minds was on.\" I know the struggle", "user": "Dr_Franks13", "id": 397447823618088960}, {"text": "I tried to take a nap, but criminal minds was on.", "user": "TayySavannah", "id": 397431700688347136}, {"text": "@catsyuk so you wanna be Criminal Minds?", "user": "CaseyCoffee8", "id": 397427402294296577}, {"text": "going to watch criminal minds bc fuck school.", "user": "ghostprincesa", "id": 397383938739429376}, {"text": "Criminal minds is too real", "user": "SwaglessDillon", "id": 397377652396269568}, {"text": "Heavy metal music is associated with satanists- hotchner on criminal minds", "user": "MandyMBernard", "id": 397374107920003073}, {"text": "Bitches on Criminal Minds basically beg to die smh http://t.co/yhX4DqflQI", "user": "SwaglessDillon", "id": 397364710439653376}, {"text": "I e feel physiclly sick&amp;i have to say, watching some man chop people up&amp;feed them pigs on criminal minds isn't helping at all", "user": "Vinny_Carsuo", "id": 397359289670443008}, {"text": "RT @Pattriciaax: Matthew Gray Gubler from Criminal Minds! \ud83d\ude0d\u2764\ufe0f\ud83d\ude18", "user": "patishhh", "id": 397249064791580673}, {"text": "The first 2 min of criminal minds makes me watch the whole episode, every time!", "user": "caammillleee", "id": 397235586626359296}, {"text": "I love criminal minds \ud83d\ude0b\ud83d\ude2b", "user": "Wanderlustwaves", "id": 397222767025590272}, {"text": "6 long years. Fuck you long drawn out process. I watch criminal minds all day. I know how to do my damn job. Lol", "user": "chilindrina_xOx", "id": 397166398117400577}, {"text": "I need to start watching Criminal Minds again", "user": "ValerieNatashaa", "id": 397135401300656128}, {"text": "First lazy day in forever.. I'm just watching criminal minds all dayy\ud83d\ude48", "user": "MALLORYTATMAN", "id": 397060933542883328}, {"text": "Same here bb :);RT @DereksPrettyBoy Talking about Criminal Minds with @.AKTF_0729 has become my new hobby 8D", "user": "AKTF_0729", "id": 397051749124431872}, {"text": "about to go so hard tonight...on that criminal minds marathon #TURNTUUUPPPPP #nolife", "user": "nicoletaylor13", "id": 396851463667724288}, {"text": "Drinking coffee with my grandma, watching Criminal Minds, and making late night trips to Target. This is what I miss about home. :(", "user": "JbriannaC", "id": 396848895231160320}]