[{"text": "RT @YoungCons: Obama\u2019s cousin, who is also a doctor, puts #Obamacare on blast: \u201cNot a word of it is true\u2026\u201d http://t.co/bPKrDdqkSJ", "user": "Coinsocal", "id": 399584820356849664}, {"text": "I liked a @YouTube video http://t.co/mcXaF8yyLX The Day of the Doctor: The Second TV Trailer - Doctor Who 50th Anniversary - BBC One", "user": "waywardwoad", "id": 399583499239190529}, {"text": "Doctor Who binge watching", "user": "mr_berlanga", "id": 399577059015417856}, {"text": "Footed penguin jammies, classic doctor who (number 7 was always my favorite, but I think I'm falling\u2026 http://t.co/JOuxGBL9cZ", "user": "girlwgreenhair", "id": 399570853559816192}, {"text": "I'm watching a Doctor Who special and Reggie Watts is on it. MY FAVORITE THINGS ARE COMING TOGETHER", "user": "Rachel_Martin1", "id": 399570222652215297}, {"text": "Photoset: onelastgeronimo: lestradde: doctor who: a summary Hope you all enjoy watching http://t.co/u63iJ7OK4W", "user": "NiNiChan12", "id": 399538993760837632}, {"text": "I liked a @YouTube video http://t.co/Bakl6KTsSW The Day of the Doctor: The Second TV Trailer - Doctor Who 50th Anniversary - BBC One", "user": "VandalX187", "id": 399536326816456704}, {"text": "RT @YoungCons: Obama\u2019s cousin, who is also a doctor, puts #Obamacare on blast: \u201cNot a word of it is true\u2026\u201d http://t.co/bPKrDdqkSJ", "user": "GmailWhitfield", "id": 399534812051943426}, {"text": "Doctor Who Is That A Sonic Screwdriver in Your Pocket T-Shirt: \nWe would all like to be like the Doctor and ... http://t.co/U9Fh7vIeAM", "user": "DrGuyGadget", "id": 399498500569698305}, {"text": "\"The best thing about \u201cDoctor Who\u201d for me has been the response I\u2019ve had from children, both in the  http://t.co/oyhZ6t2Z8t", "user": "Illbethere4evea", "id": 399471038163349504}, {"text": "Can. Not. Wait. RT @SFXmagazine: Geronimo! Here's the official The Day Of The Doctor trailer: http://t.co/xREGNqGBMR", "user": "Bookindle", "id": 399456461740572672}, {"text": "RT @KingTralle: I hate niggas who got tattoos but scared of needles at the doctor", "user": "BrianaSheri", "id": 399435469793939456}, {"text": "I hate niggas who got tattoos but scared of needles at the doctor", "user": "KingTralle", "id": 399435414399762432}, {"text": "RT @YoungCons: Obama\u2019s cousin, who is also a doctor, puts #Obamacare on blast: \u201cNot a word of it is true\u2026\u201d http://t.co/bPKrDdqkSJ", "user": "BigRMV", "id": 399411683442958336}, {"text": "Ben Browder on Doctor Who!? So awesome. Yes, I'm still catching up.", "user": "TeknoFiend", "id": 399411506858586112}, {"text": "Doctor Who: The Day of the Doctor. Anyone else going? \u2013 http://t.co/Qa2hkMYFTR #Austin", "user": "RedditAustin", "id": 399411286133710848}, {"text": "RT @YoungCons: Obama\u2019s cousin, who is also a doctor, puts #Obamacare on blast: \u201cNot a word of it is true\u2026\u201d http://t.co/bPKrDdqkSJ", "user": "nsaidian", "id": 399410746955956224}, {"text": "RT @YoungCons: Obama\u2019s cousin, who is also a doctor, puts #Obamacare on blast: \u201cNot a word of it is true\u2026\u201d http://t.co/bPKrDdqkSJ", "user": "CarolHello1", "id": 399410738147516417}, {"text": "doctor who soon AKA HEAVEN", "user": "theysaymeredith", "id": 399406088094642176}, {"text": "hey who likes doctor who", "user": "queenwitchiepoo", "id": 399401202686771200}, {"text": "So excited! I just bought my ticket to see the Doctor Who 50th Anniversary \ud83c\udf89  @DoctorWho_BBCA", "user": "LazoGabby", "id": 399399379267624960}, {"text": "RT @YoungCons: Obama\u2019s cousin, who is also a doctor, puts #Obamacare on blast: \u201cNot a word of it is true\u2026\u201d http://t.co/bPKrDdqkSJ", "user": "AndrewHebeler", "id": 399397862205046784}, {"text": "If I have to watch the ending of season 12 of Doctor Who next week I will cry", "user": "lowrahgee", "id": 399397691962032128}, {"text": "DOCTOR WHO though &gt;&gt;&gt; #TheRunawayBride", "user": "passion_fuse", "id": 399394167295455232}, {"text": "Doctor Who ily", "user": "lowrahgee", "id": 399390553969659905}, {"text": "im watching doctor who s3 because i miss david tennant's face", "user": "eknielsen", "id": 399388900554051584}, {"text": "\u2018Doctor Who: The Day of the Doctor\u2019 50th Anniversary Trailers: Three Doctors vs. the Time War [UPDATED] http://t.co/xbg86QXH4I #11232013", "user": "ChrisLoehr", "id": 399374607875993600}, {"text": "Check out http://t.co/WWC1k166tT I can't wait", "user": "PipsKay", "id": 399372967609503744}, {"text": "RT @YoungCons: Obama\u2019s cousin, who is also a doctor, puts #Obamacare on blast: \u201cNot a word of it is true\u2026\u201d http://t.co/bPKrDdqkSJ", "user": "RoniciaGump", "id": 399372818497822720}, {"text": "I liked a @YouTube video http://t.co/Q6or8vqP3y The Day of the Doctor: The TV Trailer - Doctor Who 50th Anniversary - BBC One", "user": "KomiExplosion", "id": 399365074454065152}, {"text": "'Doctor Who' 50th Anniversary Special Trailer Debuts Online http://t.co/dkjpQIYXwd via @mashable", "user": "RealWildboy2008", "id": 399364808228610048}, {"text": "RT @YoungCons: Obama\u2019s cousin, who is also a doctor, puts #Obamacare on blast: \u201cNot a word of it is true\u2026\u201d http://t.co/bPKrDdqkSJ", "user": "ldog70", "id": 399360847341817856}, {"text": "RT @YoungCons: Obama\u2019s cousin, who is also a doctor, puts #Obamacare on blast: \u201cNot a word of it is true\u2026\u201d http://t.co/bPKrDdqkSJ", "user": "o1d_dude", "id": 399360728034861056}, {"text": "\u201c@Tiffvstheworld: Seriously I love all the Doctor Who episodes\u201d", "user": "shelly_kay02", "id": 399359082395492353}, {"text": "RT @YoungCons: Obama\u2019s cousin, who is also a doctor, puts #Obamacare on blast: \u201cNot a word of it is true\u2026\u201d http://t.co/bPKrDdqkSJ", "user": "Littlecondo", "id": 399357308234661888}, {"text": "RT @YoungCons: Obama\u2019s cousin, who is also a doctor, puts #Obamacare on blast: \u201cNot a word of it is true\u2026\u201d http://t.co/bPKrDdqkSJ", "user": "hayleesgrammie", "id": 399353665724502016}, {"text": "RT @YoungCons: Obama\u2019s cousin, who is also a doctor, puts #Obamacare on blast: \u201cNot a word of it is true\u2026\u201d http://t.co/bPKrDdqkSJ", "user": "dexybailman", "id": 399352953808891904}, {"text": "I'm so excited for Billie Piper in the 50th doctor who ep though. Also I won't be watching it till it's out for a day or so so no spoilers", "user": "almostleah", "id": 399352779702956032}, {"text": "RT @YoungCons: Obama\u2019s cousin, who is also a doctor, puts #Obamacare on blast: \u201cNot a word of it is true\u2026\u201d http://t.co/bPKrDdqkSJ", "user": "mami19180", "id": 399351755320082433}, {"text": "RT @YoungCons: Obama\u2019s cousin, who is also a doctor, puts #Obamacare on blast: \u201cNot a word of it is true\u2026\u201d http://t.co/bPKrDdqkSJ", "user": "Liz_Estes", "id": 399350032232894464}, {"text": "RT @YoungCons: Obama\u2019s cousin, who is also a doctor, puts #Obamacare on blast: \u201cNot a word of it is true\u2026\u201d http://t.co/bPKrDdqkSJ", "user": "BradMD", "id": 399349955837825024}, {"text": "Photo: bbcamerica: BBC America announces the U.S. premiere of Doctor Who: The Day of The Doctor + the Doctor... http://t.co/YrJlUd4Bb6", "user": "paulzepeda722", "id": 399345974893875200}, {"text": "I forgot how much I loved Doctor Who... \ud83d\ude0d\ud83d\ude0d\ud83d\ude0d\ud83d\udc99 #Netflix #DoctorWho #love", "user": "Zookie_Monster", "id": 399343571616026624}, {"text": "UPDATE! The Day of the Doctor Is Upon Us! \u2013 Doctor Who 50th Anniversary Trailer(s) http://t.co/nsa3WZ8Q2o", "user": "Sullivan_Smith", "id": 399341522425880577}, {"text": "Nurse: \"There's a man in the waiting room who claims he's invisible.\" \nDoctor: \"Tell him I can't see him.\"", "user": "MLongabaugh", "id": 399339877172408320}, {"text": "'Doctor Who' 50th Anniversary Special Trailer Debuts Online http://t.co/z6hFVbSVKO", "user": "CydiaTweeks", "id": 399339327785684992}, {"text": "'Doctor Who' 50th Anniversary Special Trailer Debuts Online http://t.co/QlKjDYfhIJ", "user": "AustinMSlingers", "id": 399338016025870336}, {"text": "'Doctor Who' 50th Anniversary Special Trailer Debuts Online http://t.co/aiNql0sf6S", "user": "technospunky", "id": 399337078783086592}, {"text": "RT @YoungCons: Obama\u2019s cousin, who is also a doctor, puts #Obamacare on blast: \u201cNot a word of it is true\u2026\u201d http://t.co/bPKrDdqkSJ", "user": "NanaOxford", "id": 399329875133083648}, {"text": "RT @YoungCons: Obama\u2019s cousin, who is also a doctor, puts #Obamacare on blast: \u201cNot a word of it is true\u2026\u201d http://t.co/bPKrDdqkSJ", "user": "J0hn_Cahi1z", "id": 399329804866318336}, {"text": "RT @YoungCons: Obama\u2019s cousin, who is also a doctor, puts #Obamacare on blast: \u201cNot a word of it is true\u2026\u201d http://t.co/bPKrDdqkSJ", "user": "joy_anna519", "id": 399325131111403520}, {"text": "'Doctor Who' Celebrates 50 Years with 'Day of the Doctor' Special: The BBC is breaking the bounds of time and ... http://t.co/qxFGuQgIfB", "user": "MikeHolp", "id": 399323209507409920}, {"text": "The Day of the Doctor: The TV Trailer - Doctor Who 50th Anniversary - BB...: http://t.co/cIUbQP8AqE via @youtube", "user": "delfclericgirl", "id": 399322664059154432}, {"text": "RT @YoungCons: Obama\u2019s cousin, who is also a doctor, puts #Obamacare on blast: \u201cNot a word of it is true\u2026\u201d http://t.co/bPKrDdqkSJ", "user": "callander13", "id": 399322390414385152}, {"text": "DID I MISS DOCTOR WHO 50TH ANNIVERSARY WHAT", "user": "levlys", "id": 399321529642516480}, {"text": "Latest and Greatest: 'Doctor Who' Celebrates 50 Years with 'Day of the Doctor' Special http://t.co/VHQxFzq3aY", "user": "JuanChoiceMedia", "id": 399321307323830273}, {"text": "RT @YoungCons: Obama\u2019s cousin, who is also a doctor, puts #Obamacare on blast: \u201cNot a word of it is true\u2026\u201d http://t.co/bPKrDdqkSJ", "user": "kennethholley", "id": 399316435358343169}, {"text": "RT @YoungCons: Obama\u2019s cousin, who is also a doctor, puts #Obamacare on blast: \u201cNot a word of it is true\u2026\u201d http://t.co/bPKrDdqkSJ", "user": "MezzoMoon", "id": 399313478542188544}, {"text": "BBC America's Dr Who takeover schedule: http://t.co/btkbUJEbap #exterminate #bowtiesarecool #fantastic", "user": "RachelNavarre", "id": 399313372996313088}, {"text": "For the life of me I don't understand Doctor Who, nor do I have any desire to.", "user": "BrianAslin", "id": 399311620255387648}, {"text": "Doctor who fiftieth trailer!!!!!!! Cant link from phone but google it !", "user": "britthemighty", "id": 399311378462171136}, {"text": "The Day of the Doctor: The Second TV Trailer - Doctor Who 50th Anniversary - BBC One http://t.co/IUnUWWZEW5", "user": "pmifsud95", "id": 399310744631537664}, {"text": "Watch Extended Trailer for The Day Of The Doctor | Doctor Who TV http://t.co/ifshqHtKad", "user": "wrestlerorca45", "id": 399309229263056897}, {"text": "Who's excited for thr 50th? Doctor Who! #SaveTheDay #fez http://t.co/YAKw75f4Jh", "user": "edwardkoenning", "id": 399308538138210304}, {"text": "I am sick. And in pain. And sooky. \n\nI will make this situation better by watching Doctor Who all day.", "user": "_HelloNorah", "id": 399307062791782400}, {"text": "that doctor who trailer is top notch like wow", "user": "_tragiceyes", "id": 399306017034358785}, {"text": "RT @YoungCons: Obama\u2019s cousin, who is also a doctor, puts #Obamacare on blast: \u201cNot a word of it is true\u2026\u201d http://t.co/bPKrDdqkSJ", "user": "Acidrain_05", "id": 399304479935586304}, {"text": "RT @YoungCons: Obama\u2019s cousin, who is also a doctor, puts #Obamacare on blast: \u201cNot a word of it is true\u2026\u201d http://t.co/bPKrDdqkSJ", "user": "ZachMann11", "id": 399302784522002433}, {"text": "Getting my computer ready for Mavericks. What do I backup first? Doctor Who 50th movie tickets. #SaveTheDay", "user": "catargena", "id": 399301869232586752}, {"text": "RT @YoungCons: Obama\u2019s cousin, who is also a doctor, puts #Obamacare on blast: \u201cNot a word of it is true\u2026\u201d http://t.co/bPKrDdqkSJ", "user": "Bellanieve", "id": 399300885920374784}, {"text": "Doctor Who: The End of the World; Saturday at 9pm\nThe Doctor takes Rose forward in time to witness the... http://t.co/SErpFVwbDJ", "user": "KNCTTV", "id": 399299512248053760}, {"text": "RT @YoungCons: Obama\u2019s cousin, who is also a doctor, puts #Obamacare on blast: \u201cNot a word of it is true\u2026\u201d http://t.co/bPKrDdqkSJ", "user": "OfficialTrentT", "id": 399299268953251840}, {"text": "RT @YoungCons: Obama\u2019s cousin, who is also a doctor, puts #Obamacare on blast: \u201cNot a word of it is true\u2026\u201d http://t.co/bPKrDdqkSJ", "user": "MetroDavid13", "id": 399298758858383360}, {"text": "SWEET MOTHER OF PEARL IM GOING TO THROW UP FROM HAPPINESS AT THE SHEER THOUGHT OF DOCTOR WHO HOLY MOLY GOODBYE WORLD I AM GONE.", "user": "EudyDarian", "id": 399298750394277888}, {"text": "RT @YoungCons: Obama\u2019s cousin, who is also a doctor, puts #Obamacare on blast: \u201cNot a word of it is true\u2026\u201d http://t.co/bPKrDdqkSJ", "user": "aaron_kuhn96", "id": 399298489705713664}, {"text": "The Day of the Doctor: The Second TV Trailer - Doctor Who 50th Anniversary - BBC One - YouTube http://t.co/S6Ilwah9qN", "user": "TheMillipede", "id": 399297682759774208}, {"text": "The Day of the Doctor - OFFICIAL trailer - Doctor Who 50th Anniversary S...: http://t.co/wXYMbAUY5X via @youtube", "user": "WildIrishRose88", "id": 399296980079218688}, {"text": "RT @YoungCons: Obama\u2019s cousin, who is also a doctor, puts #Obamacare on blast: \u201cNot a word of it is true\u2026\u201d http://t.co/bPKrDdqkSJ", "user": "JeremyBalltrip", "id": 399295890898169856}, {"text": "RT @YoungCons: Obama\u2019s cousin, who is also a doctor, puts #Obamacare on blast: \u201cNot a word of it is true\u2026\u201d http://t.co/bPKrDdqkSJ", "user": "RickyWBrowning", "id": 399295596231544832}, {"text": "RT @YoungCons: Obama\u2019s cousin, who is also a doctor, puts #Obamacare on blast: \u201cNot a word of it is true\u2026\u201d http://t.co/bPKrDdqkSJ", "user": "PensativeGuy", "id": 399291868154187776}, {"text": "RT @YoungCons: Obama\u2019s cousin, who is also a doctor, puts #Obamacare on blast: \u201cNot a word of it is true\u2026\u201d http://t.co/bPKrDdqkSJ", "user": "FaithFullMom1", "id": 399289522208243712}, {"text": "RT @YoungCons: Obama\u2019s cousin, who is also a doctor, puts #Obamacare on blast: \u201cNot a word of it is true\u2026\u201d http://t.co/bPKrDdqkSJ", "user": "robinsnewswire", "id": 399288484051288064}, {"text": "RT @YoungCons: Obama\u2019s cousin, who is also a doctor, puts #Obamacare on blast: \u201cNot a word of it is true\u2026\u201d http://t.co/bPKrDdqkSJ", "user": "SONOFDUNE89", "id": 399288435652841473}, {"text": "RT @YoungCons: Obama\u2019s cousin, who is also a doctor, puts #Obamacare on blast: \u201cNot a word of it is true\u2026\u201d http://t.co/bPKrDdqkSJ", "user": "VRBrad", "id": 399288385267068928}, {"text": "The Day of the Doctor - OFFICIAL trailer - Doctor Who 50th Anniversary S...: http://t.co/4j2YSwMoyw via @youtube &lt;3", "user": "Corbellations", "id": 399287890795982848}, {"text": "RT @YoungCons: Obama\u2019s cousin, who is also a doctor, puts #Obamacare on blast: \u201cNot a word of it is true\u2026\u201d http://t.co/bPKrDdqkSJ", "user": "EIFE669903", "id": 399287723569446913}, {"text": "RT @YoungCons: Obama\u2019s cousin, who is also a doctor, puts #Obamacare on blast: \u201cNot a word of it is true\u2026\u201d http://t.co/bPKrDdqkSJ", "user": "algeselle", "id": 399286547020652544}, {"text": "RT @YoungCons: Obama\u2019s cousin, who is also a doctor, puts #Obamacare on blast: \u201cNot a word of it is true\u2026\u201d http://t.co/bPKrDdqkSJ", "user": "starrick1", "id": 399286375025217536}, {"text": "RT @YoungCons: Obama\u2019s cousin, who is also a doctor, puts #Obamacare on blast: \u201cNot a word of it is true\u2026\u201d http://t.co/bPKrDdqkSJ", "user": "wilkiematt", "id": 399286224386789377}, {"text": "RT @YoungCons: Obama\u2019s cousin, who is also a doctor, puts #Obamacare on blast: \u201cNot a word of it is true\u2026\u201d http://t.co/bPKrDdqkSJ", "user": "Money_Delgado", "id": 399286047864942592}, {"text": "RT @YoungCons: Obama\u2019s cousin, who is also a doctor, puts #Obamacare on blast: \u201cNot a word of it is true\u2026\u201d http://t.co/bPKrDdqkSJ", "user": "TurnerGreyson", "id": 399285908740268034}, {"text": "RT @YoungCons: Obama\u2019s cousin, who is also a doctor, puts #Obamacare on blast: \u201cNot a word of it is true\u2026\u201d http://t.co/bPKrDdqkSJ", "user": "LillianSuthard", "id": 399285426776973312}, {"text": "RT @YoungCons: Obama\u2019s cousin, who is also a doctor, puts #Obamacare on blast: \u201cNot a word of it is true\u2026\u201d http://t.co/bPKrDdqkSJ", "user": "BradyLawrence", "id": 399284641825554432}, {"text": "RT @YoungCons: Obama\u2019s cousin, who is also a doctor, puts #Obamacare on blast: \u201cNot a word of it is true\u2026\u201d http://t.co/bPKrDdqkSJ", "user": "mkues65", "id": 399284527685959680}, {"text": "RT @YoungCons: Obama\u2019s cousin, who is also a doctor, puts #Obamacare on blast: \u201cNot a word of it is true\u2026\u201d http://t.co/bPKrDdqkSJ", "user": "hgreer34", "id": 399284456130748416}, {"text": "RT @YoungCons: Obama\u2019s cousin, who is also a doctor, puts #Obamacare on blast: \u201cNot a word of it is true\u2026\u201d http://t.co/bPKrDdqkSJ", "user": "DanFinocchio", "id": 399284289738928128}, {"text": "RT @YoungCons: Obama\u2019s cousin, who is also a doctor, puts #Obamacare on blast: \u201cNot a word of it is true\u2026\u201d http://t.co/bPKrDdqkSJ", "user": "Hillbilly_sean", "id": 399284208981786624}, {"text": "RT @YoungCons: Obama\u2019s cousin, who is also a doctor, puts #Obamacare on blast: \u201cNot a word of it is true\u2026\u201d http://t.co/bPKrDdqkSJ", "user": "LA_zente", "id": 399284135183003648}, {"text": "RT @YoungCons: Obama\u2019s cousin, who is also a doctor, puts #Obamacare on blast: \u201cNot a word of it is true\u2026\u201d http://t.co/bPKrDdqkSJ", "user": "JRiddle3", "id": 399284084070830080}, {"text": "RT @YoungCons: Obama\u2019s cousin, who is also a doctor, puts #Obamacare on blast: \u201cNot a word of it is true\u2026\u201d http://t.co/bPKrDdqkSJ", "user": "WonkaRepub", "id": 399284084058226688}, {"text": "Obama\u2019s cousin, who is also a doctor, puts #Obamacare on blast: \u201cNot a word of it is true\u2026\u201d http://t.co/bPKrDdqkSJ", "user": "YoungCons", "id": 399284048104660992}, {"text": "The Day of the Doctor - OFFICIAL trailer - Doctor Who 50th Anniversary S...: http://t.co/6oktk8FEDA #squealingwithexcitement.", "user": "TamomoRealness", "id": 399281254148734977}, {"text": "RT @sheilaffin: DOCTOR WHO EVERYBODY! IT'S COMING, IT REALLY IS!", "user": "SherliPL", "id": 399276810296623104}, {"text": "RT @AngelTobias4: The Day of the Doctor - OFFICIAL trailer - Doctor Who 50th Anniversary Special #SaveTheDay - BBC http://t.co/PzLZO3kYJI v\u2026", "user": "RacheleDouglas", "id": 399271379654443008}, {"text": "The Day of the Doctor - OFFICIAL trailer - Doctor Who 50th Anniversary Special #SaveTheDay - BBC http://t.co/PzLZO3kYJI via @youtube", "user": "AngelTobias4", "id": 399271234451410944}, {"text": "@bbcone Doctor Who, The Day of the Doctor, Doctor Who: The Day of the Doctor - The Second Trailer http://t.co/1qGW6D9DOD SOO PRETTYYYYYYYYYY", "user": "DangHerbert4", "id": 399271076330356736}, {"text": "@DanNerdCubed I hope you're fangirling over the new Doctor Who trailer as much as I am.", "user": "GatesToTheAbyss", "id": 399270009924759552}, {"text": "THE NEW DOCTOR WHO TRAILER JUST PREIMERED ONGFKDNSOWQNWQOWNWONWQOQNWIANS", "user": "GatesToTheAbyss", "id": 399265874148085761}, {"text": "The Day of the Doctor Is Nearly Upon Us! \u2013 Doctor Who 50th Anniversary Trailer http://t.co/nsa3WZ8Q2o", "user": "Sullivan_Smith", "id": 399259198803832832}, {"text": "i just saw the line up for BBCAmerica for the week of the doctor who special and its going to be fun! #DoctorWho all week", "user": "wrestlerorca45", "id": 399251508484505601}, {"text": "\u201c@EW 'Doctor Who' special: Check out Matt Smith, David Tennant, and John Hurt in new trailer\n http://t.co/IL4ToPqbri\u201dEEEK!!!", "user": "CynDeeRella", "id": 399250635398193152}, {"text": "The Day of the Doctor: The TV Trailer - #DoctorWho 50th Anniversary http://t.co/NgYhbthEBt #savetheday", "user": "Bullitt33", "id": 399250109919420416}, {"text": "Two weeks until the Doctor Who 50th. Awesome.", "user": "Krosecz", "id": 399248016420245505}, {"text": "Watch the 'Dr Who' 50th Anniversary Trailer! #DrWho #oneofus http://t.co/mwSzzt8uQM", "user": "BriguySalisbury", "id": 399244106024493056}, {"text": "Watch the 'Dr Who' 50th Anniversary Trailer! #DrWho #oneofus http://t.co/26Y9ldhbeO", "user": "DigiNoiseCast", "id": 399244105995124736}, {"text": "Hope I didn't look too silly, but I just was really excited and I really like Doctor Who! \u263a\ufe0f", "user": "Regina_LMorris", "id": 399236813228752896}, {"text": "At the theater to watch Thor 2 and the Doctor Who: the day of the Doctor ad came on and I couldn't help but jump up &amp; down in my seat a bit.", "user": "Regina_LMorris", "id": 399236474148626432}, {"text": "Costume for Doctor Who quiz COMPLETE!  Can't wait for next weekend!", "user": "Gallifreak", "id": 399229793587060737}, {"text": "Who wants to go see The Day of the Doctor with me when it comes out in theaters? ;)", "user": "AdamChaseHansen", "id": 399207575373107200}, {"text": "Doctor who? #SaveTheDay http://t.co/ilUA5CzfT4", "user": "UTOPIANIST_", "id": 399200378895360000}, {"text": "I liked a @YouTube video http://t.co/2mNm4HrTwe The Day of the Doctor: The TV Trailer - Doctor Who 50th Anniversary - BBC One", "user": "VandalX187", "id": 399189380201340928}, {"text": "BBC One has now posted the official Doctor Who: The Day of the Doctor trailer after leak:    submitted... http://t.co/l064asjIDw #Reddit", "user": "HunksNotDead", "id": 399158802781454337}, {"text": "DOCTOR WHO EVERYBODY! IT'S COMING, IT REALLY IS!", "user": "sheilaffin", "id": 399151078195089408}, {"text": "All I want to do today is to watch doctor who but i have to do my homework cause im busy tomorrow W H Y", "user": "sheilaffin", "id": 399147299966046208}, {"text": "Birthday gift ideas for a fan of Metallica and Doctor Who? - http://t.co/LDaAZA9MKF http://t.co/v7tHI0itak", "user": "michaelgssr", "id": 399146022456139776}, {"text": "Just booked tickets to go see the Doctor Who special in a cinema. *nerding out so hard for big screen doctor who*", "user": "tejayfc", "id": 399101160717447168}, {"text": "DOCTOR WHO TIME!!!!", "user": "dwc_josh", "id": 399074838637072384}, {"text": "Photoset: \"Respect the thing.\" Doctor Who 5.5 \u2014 Flesh and Stone http://t.co/tOlVTPF1BY", "user": "JustbecuzZavior", "id": 399064068495245312}, {"text": "Spoiler alert! For those of you behind on Season 7 of Doctor Who, there are spoilers in the trailer. If you're... http://t.co/53aplTMkEj", "user": "DLairSA", "id": 399060405760180224}, {"text": "Photoset: doctor-tardis-rosetyler: Here\u2019s to the Crazy Ones. The ones who can change the world. Wow did not... http://t.co/8nLhuBymMt", "user": "MinaDarling94", "id": 399057178910539776}, {"text": "I am the TARDIS. So not what I was expecting. \u201c@blueboxgirl04: @bookishbritney I'm the Master, who are you? http://t.co/8WTmKWIr5A\u201d", "user": "bookishbritney", "id": 399052604518305793}, {"text": "@GeeksAndParents are giving away 20 prizes for the Doctor Who 50th Anniversary! ENTER HERE: http://t.co/553IVLHG0G https://t.co/kSxi3LojZr", "user": "BlobOfGreen", "id": 399050666544340992}, {"text": "#ThorDarkWorld = A-MA-ZING! It was Star Wars, Doctor Who, Stargate, Independence Day, eye candy, and even a monster that resembled a garthok", "user": "Lucybri83", "id": 399048134069743616}, {"text": "Explaining Game of Thrones and Doctor Who http://t.co/F1CjYRACcT", "user": "LeslieAnnGiese", "id": 399046680475365376}, {"text": "RT @heatherself: First Real Trailer For \u201cDoctor Who\u201d 50th Anniversary Special Just Dropped http://t.co/FFfpf3NrM4 via @MildlyAmused //CHECK\u2026", "user": "CoraCarmack", "id": 399044518227746816}, {"text": "I learn more history from Doctor Who than I do in World History", "user": "CrrrrrrystalM", "id": 399043421605605376}, {"text": "@HuffPostEdu @rklein90 would you hire a doctor who didn't go to med school? Money, good intentions &amp; big connections do not qualify", "user": "dreamarie23", "id": 399043417360986113}, {"text": "RT @heatherself: First Real Trailer For \u201cDoctor Who\u201d 50th Anniversary Special Just Dropped http://t.co/FFfpf3NrM4 via @MildlyAmused //CHECK\u2026", "user": "AuthorMadison", "id": 399039797148536832}, {"text": "Relaxing with Doctor Who", "user": "CrrrrrrystalM", "id": 399036500563591169}, {"text": "First Real Trailer For \u201cDoctor Who\u201d 50th Anniversary Special Just Dropped http://t.co/FFfpf3NrM4 via @MildlyAmused //CHECK IT #Whovians &lt;3", "user": "heatherself", "id": 399033677687963649}, {"text": "There is no one to talk to about Doctor Who :'(", "user": "CrrrrrrystalM", "id": 399032505711333376}, {"text": "Want! ! ! !   Doctor Who Steampunk Necklace Osterhagen Key by TimeMachineJewelry. , via Etsy. http://t.co/wlIO9sVs0B", "user": "NatashaRenee", "id": 399030151151112192}, {"text": "Want! ! ! !   Doctor Who Steampunk Necklace Osterhagen Key by TimeMachineJewelry. , via Etsy. http://t.co/5fY75ya7xc", "user": "NatashaRenee", "id": 399030088320442368}, {"text": "'Doctor Who' 50th anniversary trailer: Doctors, Hurt, and Zygons! http://t.co/Z8O696jYYg", "user": "FandomNStitches", "id": 399029509242257408}, {"text": "RT @Kembrahn: The boys I'm babysitting keep talking about Doctor Who. c: #hopeforhumanity", "user": "SharayahCrowder", "id": 399026094025625600}, {"text": "I can't wait for the Doctor Who Christmas Special! (Doesnt count as a spoiler cuz it's only a quick plot statement.) http://t.co/cyGav9NJnu\u2026", "user": "SandyCharlotteo", "id": 399022404753555456}, {"text": "http://t.co/T4UOwm6P1y ALERT!! DOCTOR WHO FANS!!! A NEW TRAILER OF THE 50TH ANNIVERSARY!!! PLLLEEEASE WATCH!!!", "user": "CernaRip", "id": 399021141102039042}, {"text": "Doctor Who marathon with Nata this weekend *yesssssssssss*", "user": "Sarii_lo", "id": 399015423942750208}, {"text": "Official Star Trek/Doctor Who Crossover comic? How cool is that? (And I'm not even that into Star Trek.) http://t.co/aljv41kTrr\u2026", "user": "ZariahMelanieh", "id": 399015357865672704}, {"text": "Two Doctor Who easter eggs from Google: this one in Google Now http://t.co/0s2ypNPipv", "user": "ZacharyFair", "id": 399015328270647296}, {"text": "@Justin_Jordan mine was that this was a Doctor Who episode + Thor", "user": "DrNerdLove", "id": 399013195148312576}, {"text": "@social_ninja I'm LOFTNOTV with lots of wine and Doctor Who, haha", "user": "klovescoffee", "id": 399010042302570496}, {"text": "I would always encourage you to get checked out with your Doctor.  Having worked with many people who have... http://t.co/oA342KGrHv", "user": "Advsprtsmassage", "id": 399006941688504320}, {"text": "RT @AndrewDessler: NYT on how the internet helps spread belief in zombies and equally dubious climate skepticism http://t.co/EYFU5vooAk", "user": "DRTucker", "id": 399000077731364864}, {"text": "ROSE!!! First Real Trailer for the Doctor Who Anniversary: Daleks and Destiny! http://t.co/pS3Q6tQE6v", "user": "marydoesnttweet", "id": 398996624414081024}, {"text": "no more doctor who for me to watch. someone hang out tonight", "user": "kelswindle_", "id": 398992810025553920}, {"text": "First Real Trailer For \"Doctor Who\" 50th Anniversary Special Just Dropped: Daleks and Gallifrey and Bad Wolf, ... http://t.co/bqTiYeo44r", "user": "alanmichael", "id": 398988140876009472}, {"text": "I'm being very careful browsing on Pinterest RT \u201c@allonsysherly: dear people who are tweeting doctor who spoilers http://t.co/MShhfhRlk4\u201d", "user": "Tesoro_Jewelry", "id": 398986187236323328}, {"text": "THANK YOU TO WHEREVER IT WAS THAT LEAKED THE DOCTOR WHO 50TH TRAILER EARLY. I LOVE YOU.", "user": "Chrissaayyyyy", "id": 398980722376966144}, {"text": "2 weeks till the Doctor Who 50th anniversary special, can't wait for it !", "user": "LeedsHeartWhite", "id": 398977100465459200}, {"text": "There is a power far grater than the doctor who determines the course of our lives.", "user": "KhesJayy", "id": 398976633798799361}, {"text": "The boys I'm babysitting keep talking about Doctor Who. c: #hopeforhumanity", "user": "Kembrahn", "id": 398973634662129664}, {"text": "First Real Trailer for the Doctor Who Anniversary: Daleks and Destiny! http://t.co/mRSm7EC1fW", "user": "TheMillipede", "id": 398972896619814912}, {"text": "Ooh, an episode of Doctor Who with Mr. Weasley and Captain Gregson? Don't mind if I do.", "user": "kxfletch", "id": 398967237065080832}, {"text": "First Real Trailer for the Doctor Who Anniversary: Daleks and Destiny! http://t.co/dSWy0jrDbO", "user": "DDRIP0_0", "id": 398961607742865408}, {"text": "RT @BenWilhelm1230: I actually have no sympathy for those who are surprised that Obama lied about being able to keep your health insurance \u2026", "user": "mkight48", "id": 398961606836510721}, {"text": "RT @BenWilhelm1230: I actually have no sympathy for those who are surprised that Obama lied about being able to keep your health insurance \u2026", "user": "DARIAKRUGER", "id": 398960879481655296}, {"text": "RT @BenWilhelm1230: I actually have no sympathy for those who are surprised that Obama lied about being able to keep your health insurance \u2026", "user": "vito4224", "id": 398960650355245056}, {"text": "I actually have no sympathy for those who are surprised that Obama lied about being able to keep your health insurance and doctor.", "user": "BenWilhelm1230", "id": 398959657365958656}, {"text": "\"maybe they'll play doctor who too\" I just heard that from a", "user": "haibaluhrayy", "id": 398958674447577089}, {"text": "why is this in spanish? still, squee! #BadWolf http://t.co/zOHLqHBqlg", "user": "gfrunnergirl", "id": 398954565757726720}, {"text": "Season 7 of Doctor Who. No one speak to me.", "user": "tbowden53", "id": 398939550329753601}, {"text": "if you need me i'll be watching doctor who. so reconsider needing me", "user": "kelswindle_", "id": 398939417072500739}, {"text": "I feel like I'm in a Doctor Who episode, and I've isolated anyone who didn't find that funny as an invading force of fun-sucking demons.", "user": "ComelyCast", "id": 398938130532687874}, {"text": "USA: BBC America Announce Doctor Who 50th Anniversary Takeover Schedule http://t.co/4hrAdm5NRH", "user": "sonjalanehart", "id": 398931359546085376}, {"text": "I liked a @YouTube video http://t.co/0Q2c3Gg7Ti the new doctor | Doctor Who", "user": "marcpage", "id": 398929363296460800}, {"text": "RT @drafthouse: @Hipstercrite Unfortunately not, we are bummed about it. It is out of our hands. But, a DOCTOR WHO upcoming event - http://\u2026", "user": "nuveeena", "id": 398926646758998017}, {"text": "@Hipstercrite Unfortunately not, we are bummed about it. It is out of our hands. But, a DOCTOR WHO upcoming event - http://t.co/VL0oX0r68G", "user": "drafthouse", "id": 398924258207752194}, {"text": "RT @HeroOfTim: \"I hope Mahammad doesn't make 12 love Clara.\" \"Who's Mahammad?\" \"The guy who writes Doctor Who.\" oh ok", "user": "itsjuliannee", "id": 398923775455940608}, {"text": "\"I hope Mahammad doesn't make 12 love Clara.\" \"Who's Mahammad?\" \"The guy who writes Doctor Who.\" oh ok", "user": "HeroOfTim", "id": 398923393732313088}, {"text": "Just saw the new doctor who trailer. HDOSNSONWSOWJSOWJSODHIDHSOAOS. #SaveTheDay", "user": "GatesToTheAbyss", "id": 398917897705099265}, {"text": "@Cheyiingo tell her you wish you had a tardis so you could travel back in time and prevent doctor who\u2019s worthless existence", "user": "cyberstalin720p", "id": 398889999845703680}, {"text": "Tease! RT @RenZelen: Doctor Who 50th Anniversary Special: New Photos And Trailer TX Date http://t.co/oRuTOugTOx via @SFXmagazine", "user": "PaigeEwing", "id": 398888174543704064}, {"text": "RT @CRod1529: \u201c@jesserene94: @Manuel_bro7 because you're a doctor\u201d doctor who?!?! No pun intended.", "user": "jesserene94", "id": 398883682028515328}, {"text": "\u201c@jesserene94: @Manuel_bro7 because you're a doctor\u201d doctor who?!?! No pun intended.", "user": "CRod1529", "id": 398882982087229440}, {"text": "AMC is showing #TheDayoftheDoctor in 3D on Nov 25th! https://t.co/nuoEJM2UgB", "user": "Hipstercrite", "id": 398879544074969088}, {"text": "Watching classic Doctor Who \"The Face of Evil.\" Meeting Leela for the 1st time. Damn, she's hot.", "user": "djnealb", "id": 398875284423704576}, {"text": "i forgot that Andrew Garfield was on Doctor Who. xD", "user": "MaryMakennav", "id": 398872474927898624}, {"text": "US air dates for Doctor Who marathons, specials, and 50th. http://t.co/NwnG5KNY3R", "user": "EpicButtons", "id": 398864056922034176}, {"text": "US air dates for Doctor Who marathons, specials, and 50th. http://t.co/YU4fUebj57", "user": "SHolmie", "id": 398864056896847872}, {"text": "RT @RoosterTeeth: News: PS4 Gets Dismantled + Dead Rising 3 Not Possible on Current-Gen + Doctor Who Games Cancelled http://t.co/vwfqQrmlEk", "user": "Log1kzTFK", "id": 398859916536201216}, {"text": "RT @RoosterTeeth: News: PS4 Gets Dismantled + Dead Rising 3 Not Possible on Current-Gen + Doctor Who Games Cancelled http://t.co/vwfqQrmlEk", "user": "KodinoFree", "id": 398859591922241536}, {"text": "I really, really hope that they get rid of Clara in Doctor Who soon.  #SaveTheDay", "user": "CheeseAndGlory", "id": 398854814458589184}, {"text": "The Day of the Doctor - Queen Elizabeth's credentials | Videos | Doctor Who http://t.co/3dF8Mf9D2u", "user": "CheeseAndGlory", "id": 398853376185991168}, {"text": "RT @RoosterTeeth: News: PS4 Gets Dismantled + Dead Rising 3 Not Possible on Current-Gen + Doctor Who Games Cancelled http://t.co/vwfqQrmlEk", "user": "laurenza117", "id": 398851714339446784}, {"text": "RT @RoosterTeeth: News: PS4 Gets Dismantled + Dead Rising 3 Not Possible on Current-Gen + Doctor Who Games Cancelled http://t.co/vwfqQrmlEk", "user": "Dresdenfalls", "id": 398851147970404352}, {"text": "RT @RoosterTeeth: News: PS4 Gets Dismantled + Dead Rising 3 Not Possible on Current-Gen + Doctor Who Games Cancelled http://t.co/vwfqQrmlEk", "user": "_RetweetYouTube", "id": 398850932546748417}, {"text": "RT @RoosterTeeth: News: PS4 Gets Dismantled + Dead Rising 3 Not Possible on Current-Gen + Doctor Who Games Cancelled http://t.co/vwfqQrmlEk", "user": "JDguy1203", "id": 398850603503591424}, {"text": "News: PS4 Gets Dismantled + Dead Rising 3 Not Possible on Current-Gen + Doctor Who Games Cancelled http://t.co/vwfqQrmlEk", "user": "RoosterTeeth", "id": 398850188845907968}, {"text": "@nitroslick 2:50p eastern time on the 23 for Doctor Who! We will probably be at the Fair though...", "user": "kxfletch", "id": 398849043553476609}, {"text": "Because duh. RT @sepinwall: New blog post:  BBC America to simulcast 'Doctor Who' 50th anniversary special http://t.co/x893Dx2cRv", "user": "PixelatedVis", "id": 398845113436082176}, {"text": "We will miss him. Michael Palmer, Doctor Who Became Top Author, Dies at 71 http://t.co/saQvipeMzY", "user": "DrKateM", "id": 398805293129154560}, {"text": "Photoset: doctor-tardis-rosetyler: Here\u2019s to the Crazy Ones. The ones who can change the world. This is my... http://t.co/dvHfro955n", "user": "arlery", "id": 398738374049427456}, {"text": "Almost 3am. Mom is still awake and in pain. No sign of the doctor who doesn't want to give her pain meds. Hospitals are creepy.", "user": "freedom__song", "id": 398731188644225024}, {"text": "@patrickstump who's your favorite doctor? Are you excited or disappointed about the new doctor?", "user": "sunburst60s", "id": 398688197292478465}, {"text": "RT @SeaweedBrain320: I just beat the shit out of Emily's arm because I got excited over a Doctor Who trailer #ImSorryThatImNotSorry @emily_\u2026", "user": "emily_bujnoch", "id": 398688082787987457}, {"text": "I just beat the shit out of Emily's arm because I got excited over a Doctor Who trailer #ImSorryThatImNotSorry @emily_bujnoch", "user": "SeaweedBrain320", "id": 398687735570898944}, {"text": "Another Doctor Whovian in Thor besides the 9th Doctor, Christopher Eccleston, is Tony Curran, who played Thor's grandfather Bor...", "user": "EMiLyKRiSTeN", "id": 398683496597573632}, {"text": "RT @EricVespe: Whovians are gonna love the guide this year... there's some super fun Doctor Who stuff out there. #50thanniversary", "user": "indie69", "id": 398675236540776448}, {"text": "Whovians are gonna love the guide this year... there's some super fun Doctor Who stuff out there. #50thanniversary", "user": "EricVespe", "id": 398672596289331200}, {"text": "So what was Thor doing in a Doctor Who episode?", "user": "DrNerdLove", "id": 398672184614203392}, {"text": "RT @xSAxZero_: Doctor Who season finale was just......\n\n......\n...........\n....", "user": "wallflowerlily_", "id": 398661054118391808}, {"text": "Doctor Who season finale was just......\n\n......\n...........\n....", "user": "xSAxZero_", "id": 398658673607573504}, {"text": "@AndyLevy , here's what you can do with all that extra money you are making by being on the #RedEye panel! http://t.co/6tjXrsnZP3", "user": "wikiworf", "id": 398653762228985856}, {"text": "They make Doctor Who Yahtzee! \ud83d\udc9c\ud83d\udc9c\ud83c\udfb2\ud83c\udfb2\ud83c\udfb2\ud83c\udfb2\ud83c\udfb2", "user": "_Call_Me_CC_", "id": 398652895043661824}, {"text": "RT @StevivorGaming: Doctor Who: The Eternity Clock\u2019s two planned sequels have been cancelled: http://t.co/DNf3Rsk33X http://t.co/aEI6e1qSul", "user": "stokegriff", "id": 398636412137791488}, {"text": "My son loves Doctor Who so much that he believes he is the doctor and is trying to grow his hair out\u2026 http://t.co/ysB8AUDijm", "user": "Welovetehchu", "id": 398632679215988736}, {"text": "RT @StevivorGaming: Doctor Who: The Eternity Clock\u2019s two planned sequels have been cancelled: http://t.co/DNf3Rsk33X http://t.co/aEI6e1qSul", "user": "stevivor", "id": 398632283638214656}, {"text": "This doctor obliviously did not realize who he was talking to when he told me I can eat till 1 tomorrow.", "user": "haley_miller15", "id": 398629698835476480}, {"text": "@adelina503 I\u2019m more worried about people I follow spoiling it. Have a lot of Doctor Who friend from UK.", "user": "ntrfc0", "id": 398629513757614080}, {"text": "@coffeeyote Yeah, Doctor Who especially. It's ridiculous how much it thrives on the Internet.", "user": "ASYXCollie", "id": 398627362385829888}, {"text": "RT @StevivorGaming: Doctor Who: The Eternity Clock\u2019s two planned sequels have been cancelled: http://t.co/DNf3Rsk33X http://t.co/aEI6e1qSul", "user": "Sass_Attorney", "id": 398626253718036480}, {"text": "I'm probably the only one in the theater who came just to see my Doctor. Who cares about Loki?", "user": "KriSarchasm", "id": 398624488033497088}, {"text": "I may look dumb, but I'm watching Doctor Who in 3D..... http://t.co/OS3BjcoWDG", "user": "scgoggin", "id": 398615857858768896}, {"text": "RT @emilyooo: 12 Days of Doctor Who starts next Monday on @TweetTheHorn. Every day I'll write a thing about a Doctor! Get excited!", "user": "TweetTheHorn", "id": 398610324103786496}, {"text": "12 Days of Doctor Who starts next Monday on @TweetTheHorn. Every day I'll write a thing about a Doctor! Get excited!", "user": "emilyooo", "id": 398599022388076545}, {"text": "@GeeksAndParents are giving away 20 prizes for the Doctor Who 50th Anniversary! ENTER HERE: http://t.co/dO0JFxaZnr http://t.co/2GcEnTKqU5", "user": "fluffymunky", "id": 398588320822730752}, {"text": "Calling all GEEKS!  Did you know that it's the 50th Anniversary of Doctor Who?  We've got a great promotion going... http://t.co/ruzefwMk9q", "user": "inskein", "id": 398584278709063680}, {"text": "@ATXFestival Copper, Orphan Black, Torchwood, Doctor Who, Ripper (Can you tell I love @BBCAMERICA)", "user": "MusingsByMiriam", "id": 398556215300476929}, {"text": "Doctor Who's time-traveling TARDIS could theoretically exist, says new study http://t.co/1CWZ1SIlyD via @extremetech", "user": "CliffKinard", "id": 398555935217422336}, {"text": "need a download link to the rest of the Doctor Who Series 6 episodes Gaaaah", "user": "Urbanocdm0Hafem", "id": 398552896830062592}, {"text": "@ATXFestival @bbcamerica Definitely Doctor Who. @bbcdoctorwho", "user": "mikerastiello", "id": 398548213273092096}, {"text": "Awesome. http://t.co/jU9FWsbi48 #itsbiggerontheinside", "user": "PrefectGreen", "id": 398536742031994880}, {"text": "I guess I'm going to #SaveTheDay for doctor who stuff...", "user": "rjuner", "id": 398512651715624960}, {"text": "Just located one of the trickier pieces for my Doctor Who quiz costume.  FANTASTIC!", "user": "Gallifreak", "id": 398512602382221312}, {"text": "Who loves doctor's office waiting rooms with aquariums? #calming http://t.co/RgPVdYUgMJ", "user": "OnidaGirl", "id": 398510053793083392}, {"text": "RT @CinapseNews: THE DAY OF THE DOCTOR: How DOCTOR WHO is celebrating 50 Years! - http://t.co/Ot34wwRazk by Jon Partridge #DOCTORWHO", "user": "TrenzaloreTomb", "id": 398487338281865216}, {"text": "RT @CinapseNews: THE DAY OF THE DOCTOR: How DOCTOR WHO is celebrating 50 Years! - http://t.co/Ot34wwRazk by Jon Partridge #DOCTORWHO", "user": "Ed_Travis", "id": 398483855184650240}, {"text": "THE DAY OF THE DOCTOR: How DOCTOR WHO is celebrating 50 Years! http://t.co/RdLf0TfC4R via @CinapseNews", "user": "Texas_Jon", "id": 398483778319818752}, {"text": "\u201c@neilhimself: There's a DOCTOR WHO Nothing O'Clock interview with me...you can only watch in the UK: http://t.co/9pHXnpwKqC\u201d @leleana", "user": "laurabcooper", "id": 398480606784278528}, {"text": "THE DAY OF THE DOCTOR: How DOCTOR WHO is celebrating 50 Years! - http://t.co/Ot34wwRazk by Jon Partridge #DOCTORWHO", "user": "CinapseNews", "id": 398480399623389184}, {"text": "Super massive games still working on until dawn, now more doctor who games", "user": "Gamingunivrse", "id": 398470097259728896}, {"text": "Nerd Alert! \ud83d\ude03 New Photos From The \"Doctor Who\" 50th Anniversary Episode \ud83d\ude03\ud83d\ude03\ud83d\ude03\ud83d\ude03 http://t.co/MQ6D2fruZz", "user": "MalloryKay86", "id": 398408812547551232}, {"text": "@ClassyUnicorn69 doctor who? :3", "user": "lyyyssa_", "id": 398351653155647488}, {"text": "I really need to catch up on doctor who before christmas.", "user": "patthewanderer", "id": 398349515838607360}, {"text": "If you've never watched Doctor Who, Sherlock, or The IT Crowd, you will never understand me. And I feel bad for you.", "user": "DudeItsJustMia", "id": 398348483767173120}, {"text": "@Luckyslyer \n\"Torchwood\" is an anagram for \"Doctor Who\" - Same letters, different order...", "user": "DK_Brandon", "id": 398335094227628032}, {"text": "\"@MikalahW6: Go to sleep or more doctor who? Sleep is overrated. #doctorwho\" more Doctor Who", "user": "TheStarWarsGuru", "id": 398334223888556032}, {"text": "@LeaRGolden\n\"Torchwood\" is an anagram for \"Doctor Who\" - Same letters, different order...", "user": "DK_Brandon", "id": 398333280115630080}, {"text": "i can't stop thinking about that horrible doctor who monster i posted a picture of before. it's by far the worst thing i've ever seen", "user": "jitka", "id": 398321220786999296}, {"text": "RT @BuzzFeed 11 Of The Most Important \"Doctor Who\" Stories (So Far): One per Doctor, of course.\n\n... http://t.co/qSk8Hhqd1e #news", "user": "OmarrCantu", "id": 398310109194907648}, {"text": "Coming Soon: The Tardigan, The 'Doctor Who' TARDIS Cardigan! http://t.co/uhjaB8lp7G", "user": "lavenderlizard", "id": 398287849608740864}, {"text": "That woman has no substance to her character and no bearing on the 50 years of Doctor Who. It makes no damn sense. Damn it, Moff.", "user": "raysgal", "id": 398279494798045184}, {"text": "17 days till Doctor Who 50th!!! @bbcdoctorwho oh how brilliant!", "user": "Carina_Beana", "id": 398275270597038080}, {"text": "Is there anything I cant do RT @_ArchitaPatel: @Streu21 So you're my doctor who only prescribes tequila and now my financial advisor. Noted!", "user": "Streu21", "id": 398272974173663232}, {"text": "@Streu21 So you're my doctor who only prescribes tequila and now my financial advisor. Noted!", "user": "_ArchitaPatel", "id": 398272720573452289}, {"text": "@erockradio @U_Haim @instant_netflix @DoctorWho_BBCA Or as it's officially known, \"Doctor Who (2005)\" starring Christopher Eccleston.", "user": "TexasGunWorks", "id": 398269580537495552}, {"text": "Doctor Who Inspired Bad Wolf Messenger Bag $45.00 http://t.co/gKn7tw409u", "user": "SewGeekAustin", "id": 398261866478444544}, {"text": "Doctor Who Tardis Ornament $12.00 http://t.co/TiSlB846Cy", "user": "SewGeekAustin", "id": 398256305032675328}, {"text": "Wore my Doctor Who tee to class\nProfessor made references to the show\nYeuh I see you \ue404\ue412\ue420", "user": "_emagee", "id": 398254114246627328}, {"text": "RT @swissmom8873: Doctor Who Tardis christmas ornament #doctorwho #sewgeekaustin http://t.co/JQ4oHbKCj0", "user": "TheEmwolfilie", "id": 398252802272530432}, {"text": "Doctor Who Tardis christmas ornament #doctorwho #sewgeekaustin http://t.co/JQ4oHbKCj0", "user": "swissmom8873", "id": 398250318028632064}, {"text": "I should load up all the doctor who episodes I need to catch up with on my iPad so I can watch during our trip", "user": "SeiferA", "id": 398242586868994048}, {"text": "Yay! Doctor Who Christmas Special!! :D", "user": "AvaTayat", "id": 398241749719453696}, {"text": "In honor of Doctor Who coming back on tonight, I am watching a documentary called 'Dalekmania'. :D", "user": "AvaTayat", "id": 398241707868712961}, {"text": "Everything I know, I learned from Doctor Who: The Doctor just taught me about compound interest. XD", "user": "JusticeJettp", "id": 398240729392095232}, {"text": "Just started 2 Doctor Who role-plays...Not conducive to NaNo at all, but they are needed atm. xD", "user": "RexJasonh", "id": 398235927140524032}, {"text": "Really sad to hear that Doctor Who Confidential has been axed. I had a lot of fun working on that show :(", "user": "ZionJoshuav", "id": 398230709946437632}, {"text": "Yay! Doctor Who Christmas Special!! :D", "user": "NestorTaylort", "id": 398230689415319552}, {"text": "I'm learning the 'tick tock, goes the clock' poem from Doctor Who. :3", "user": "MacyRobinj", "id": 398230347315310592}, {"text": "i forgot that Andrew Garfield was on Doctor Who. xD", "user": "BlazeMichaelq", "id": 398226567345623040}, {"text": "I'm learning the 'tick tock, goes the clock' poem from Doctor Who. :3", "user": "JocelynSandraq", "id": 398226251493568512}, {"text": "i forgot that Andrew Garfield was on Doctor Who. xD", "user": "OwenRalphy", "id": 398224407304237056}, {"text": "After watching the best of doctor who Christmas specials, I have to go watch those specials. XD", "user": "BethanyShirleyi", "id": 398223878117273601}, {"text": "In honor of Doctor Who coming back on tonight, I am watching a documentary called 'Dalekmania'. :D", "user": "ShelbyMeadowq", "id": 398192883603238912}, {"text": "Everything I know, I learned from Doctor Who: The Doctor just taught me about compound interest. XD", "user": "ShelbyMeadowq", "id": 398192624093237248}, {"text": "Official Star Trek/Doctor Who Crossover comic? How cool is that? (And I'm not even that into Star Trek.) http://t.co/TgAqUjsH3J\u2026", "user": "MalcolmAxels", "id": 398192299890315264}, {"text": "Rewatching the 6th series of Doctor Who. :) I love rewatching things and going 'That's what was!\" xD", "user": "RiyaJennifern", "id": 398192199713583104}, {"text": "RT @Woooooooten: My teacher is wearing a bowtie which reminds me on how I need to get caught up on Doctor Who... I'm sad forever", "user": "JoshMcGannnn", "id": 398186612493783040}, {"text": "Looking forward to seeing Doctor Who tonight. Oh, hang on, it's finished. Well, bugger.", "user": "CassidyLucillep", "id": 398186339268431872}, {"text": "Everything I know, I learned from Doctor Who: The Doctor just taught me about compound interest. XD", "user": "KeithMathiasd", "id": 398186249715851264}, {"text": "Doctor Who marathon \ud83d\ude0a", "user": "monimcfly", "id": 398186011278077952}, {"text": "Doctor Who City of Death toy set. http://t.co/TL3LhyTInU", "user": "edwardkoenning", "id": 398185265262776320}, {"text": "My teacher is wearing a bowtie which reminds me on how I need to get caught up on Doctor Who... I'm sad forever", "user": "Woooooooten", "id": 398184284319531008}, {"text": "This morning's thought...\nMaybe if I wear my Doctor Who shirt to class my professor will be generous when grading my test", "user": "_emagee", "id": 398176894568239104}, {"text": "In honor of Doctor Who coming back on tonight, I am watching a documentary called 'Dalekmania'. :D", "user": "DanielleShreyan", "id": 398176056835715072}, {"text": "@DugRay :D !!!!! (Part 2) \"Neil Gaiman is writing a Doctor Who ebook\u2014and you can read an excerpt\" http://t.co/Y6oLrpR7m3", "user": "mr_mestopheles", "id": 398167675215433728}, {"text": "Aw the guy who played Craig in Doctor Who is on a show called 'A League of their Own'. I giggled and thought about how the Doc played him xD", "user": "AidenEliasq", "id": 398162797680279552}, {"text": "Everything I know, I learned from Doctor Who: The Doctor just taught me about compound interest. XD", "user": "AnnetteAubreyn", "id": 398161758705041408}, {"text": "xD doctor Who/big bang theory cross over. Need. thaanks to Tony Lee.", "user": "LeslieShaniaj", "id": 398159394845630464}, {"text": "Everything I know, I learned from Doctor Who: The Doctor just taught me about compound interest. XD", "user": "DylanTyraj", "id": 398158142887845888}, {"text": "i forgot that Andrew Garfield was on Doctor Who. xD", "user": "AlexLawsono", "id": 398157375057584128}, {"text": "Going to go watch Doctor Who, since it is the 48th anniversary! :D", "user": "AndrewEddiei", "id": 398154662840250368}, {"text": "18 DAYS TILL DOCTOR WHO CONVENTION YESSS", "user": "_LokiOf_Asgard", "id": 398154444505759744}, {"text": "FINALLY going to watch the season finale of Doctor Who!", "user": "IngridSagee", "id": 398153530608869376}, {"text": "Reading the Doctor Who novel 'Borrowed Time.' &lt;3", "user": "FaithColleenh", "id": 398151869031129088}, {"text": "Yay! Doctor Who Christmas Special!! :D", "user": "JuniorConnort", "id": 398151037011255296}, {"text": "Just started 2 Doctor Who role-plays...Not conducive to NaNo at all, but they are needed atm. xD", "user": "ThaliaLaceyu", "id": 398134505300439040}, {"text": "New Doctor Who!!! :D Let's Kill Hitler. So exciting, the rest of this season is gonna be intense!", "user": "StephanieZariar", "id": 398119641181982721}, {"text": "Just started 2 Doctor Who role-plays...Not conducive to NaNo at all, but they are needed atm. xD", "user": "TravonTerrya", "id": 398116057568665600}, {"text": "I'm learning the 'tick tock, goes the clock' poem from Doctor Who. :3", "user": "TravonTerrya", "id": 398116030326644736}, {"text": "Just had a brilliant video idea! Doctor Who to 'The Galaxy is Ours' from Zenon! Yeah? :D", "user": "ByronConnorp", "id": 398113560233922562}, {"text": "Everything I know, I learned from Doctor Who: The Doctor just taught me about compound interest. XD", "user": "DarienBrennanh", "id": 398109277778219008}, {"text": "Official Star Trek/Doctor Who Crossover comic? How cool is that? (And I'm not even that into Star Trek.) http://t.co/jTYuof4UpJ\u2026", "user": "RavenBlakew", "id": 398102345432571905}, {"text": "RT @Hipstercrite: I'm on the prowl for the mythological creature know as the doctor who listens &amp; knows what they're doing. Do you know any\u2026", "user": "MusicTechPolicy", "id": 398094677989023744}, {"text": "\"This is a military engagement, there's no crying in military engagements!\" xD Best line in Doctor Who EVER!", "user": "AnnikaJanelleg", "id": 398086889707565057}, {"text": "i forgot that Andrew Garfield was on Doctor Who. xD", "user": "WinstonDannyh", "id": 398082178954698752}, {"text": "Little Girl Dresses Up As All 11 Doctors From \"Doctor Who\", Is Both Cute And Geeky http://t.co/X3aqhTJ8NF", "user": "DDRIP0_0", "id": 398044713506598912}, {"text": "RT @kbaum2012: @LarryVire Should go watch Doctor Who then do this whole crazy life theories tweets again.", "user": "LarryVire", "id": 397990543218573313}, {"text": "@LarryVire Should go watch Doctor Who then do this whole crazy life theories tweets again.", "user": "kbaum2012", "id": 397990287110569984}, {"text": "It's weird-whenever I just imagine the character of The Doctor without picturing any of the actors who've played him, I see @neilhimself.", "user": "nerdsingerbeej", "id": 397989504566325249}, {"text": "Someone buy me a calendar for Christmas either marvel doctor who or one direction related", "user": "RoxxiRoxanne", "id": 397986721662382080}, {"text": "Blogger Opportunity: Doctor Who Giveaway http://t.co/0Pl0bQAXbH via @outofbagbooks", "user": "MSRheinlander", "id": 397957375442690048}, {"text": "\u201c@UberFacts: \"Torchwood\" is an anagram for \"Doctor Who\" - Same letters, different order.\u201d\n\nhow did I not realize this wtf", "user": "QuantumLocked", "id": 397952854998388736}, {"text": "Having to walk past the complete 5th-7th seasons of Doctor Who plus The Snowmen Christmas special and not be able to buy them was hard.", "user": "ErinGoolsby", "id": 397938937852743680}, {"text": "@burning_a_star If I was allowed to write Doctor Who, there would be Time Lords. Or I'd have the sense to come up with something&gt;&gt;&gt;&gt;Daleks", "user": "theycallmeMERLE", "id": 397936501494796289}, {"text": "All I want is a girl who will make me pbj sandwiches watch top head maybe doctor who then i would do everything she wanted no complaints", "user": "RickyEstrada816", "id": 397933285998743552}, {"text": "RT @TexasMonthly: Please please think twice if you're considering getting Botox or injections from someone who isn't a doctor:  http://t.co\u2026", "user": "gunn357m", "id": 397931174170882048}, {"text": "RT @TexasMonthly: Please please think twice if you're considering getting Botox or injections from someone who isn't a doctor:  http://t.co\u2026", "user": "kinksfan77", "id": 397929621770874880}, {"text": "Please please think twice if you're considering getting Botox or injections from someone who isn't a doctor:  http://t.co/2iuH1PLR7z", "user": "TexasMonthly", "id": 397929201753276416}, {"text": "RT @bbbbugs: \u201c@maxbemis: Doctor Who where have you been all my life\u201d @megoonforever", "user": "megoonforever", "id": 397916547877855233}, {"text": "Y'all, the Doctor Who Fan Orchestra is freaking amazing. That is all. DWFO #4: \"Dalek Suite\" http://t.co/PuuReaJ4eX", "user": "marydoesnttweet", "id": 397914479347769344}, {"text": "\u201c@maxbemis: Doctor Who where have you been all my life\u201d @megoonforever", "user": "bbbbugs", "id": 397914466219610112}, {"text": "See me in the Doctor Who opening titles. World, are you ready? http://t.co/7ueeMz4Px2 #SaveTheDay #DoctorWho", "user": "Gato_Borracho", "id": 397910736258596864}, {"text": "Finally saw the season finale of Doctor Who, good thing my brothers are around or I'd be crying my eyes out", "user": "tyranosaurusBex", "id": 397898698866188288}, {"text": "RT @swirlnswing: THE PRECIOUS, WE NEEDS IT. RT @Lackadazy: Holy shit MARY POPPINS/DOCTOR WHO mashup coming this week to @teefury.", "user": "teefury", "id": 397897185158651905}, {"text": "RT @headgeek666: 45th PICKS &amp; PEEKS of 2013: James Dean, DePalma, INTOLERANCE, HOBBIT EE, DOCTOR WHO S1-7 Blu! (via @aintitcoolnews) http:/\u2026", "user": "indie69", "id": 397895944995606528}, {"text": "THE PRECIOUS, WE NEEDS IT. RT @Lackadazy: Holy shit MARY POPPINS/DOCTOR WHO mashup coming this week to @teefury.", "user": "swirlnswing", "id": 397892595101085696}, {"text": "@doctor_sanders @TChanMD try telling this to every admin who says against @TJCommission to have food/drink at nurse's station- a myth btw", "user": "embasic", "id": 397890607122628608}, {"text": "I liked a @YouTube video http://t.co/aDAovjmIRf Doctor Who- Typography \"Amy Remembers\"", "user": "andy5421", "id": 397889950625976321}, {"text": "I can't wait for the Doctor Who Christmas Special! (Doesnt count as a spoiler cuz it's only a quick plot statement.) http://t.co/JUxa8zDnMd\u2026", "user": "DarienKevinx", "id": 397882880853962752}, {"text": "RT @itzmicaduh: Dumbest person of the day: girl in anatomy class who thought that because our principle is \"Dr.\" Presley he was also a medi\u2026", "user": "hannnahbbb", "id": 397876606384893952}, {"text": "RT @itzmicaduh: Dumbest person of the day: girl in anatomy class who thought that because our principle is \"Dr.\" Presley he was also a medi\u2026", "user": "abbeyallen_", "id": 397874992391528448}, {"text": "Guess who's cleared by the doctor!!!", "user": "lizatayz12", "id": 397874849034416128}, {"text": "RT @itzmicaduh: Dumbest person of the day: girl in anatomy class who thought that because our principle is \"Dr.\" Presley he was also a medi\u2026", "user": "hannyp95", "id": 397874627893927936}, {"text": "Looking forward to seeing Doctor Who tonight. Oh, hang on, it's finished. Well, bugger.", "user": "AnthonyDannyp", "id": 397865230190903296}, {"text": "i forgot that Andrew Garfield was on Doctor Who. xD", "user": "WarrenAidenk", "id": 397863425696468992}, {"text": "New Doctor Who!!! :D Let's Kill Hitler. So exciting, the rest of this season is gonna be intense!", "user": "WarrenAidenk", "id": 397863374232358912}, {"text": "So here we have a doctor who could not get admitting privileges at a hospital saying he will perform abortions... http://t.co/gJQoHldeOd", "user": "veryhappymama", "id": 397857715730800640}, {"text": "HE LIKES DOCTOR WHO", "user": "NichelleLarae", "id": 397856280372867072}, {"text": "watching the Doctor Who Brit List :3", "user": "CampbellKevinw", "id": 397856239998103552}, {"text": "FINALLY going to watch the season finale of Doctor Who!", "user": "CampbellKevinw", "id": 397856210839273472}, {"text": "Rewatching the 6th series of Doctor Who. :) I love rewatching things and going 'That's what was!\" xD", "user": "JasonTerryb", "id": 397851598266703873}, {"text": "A talking cactus. RT @BlueCollarDrWho: @kody3am There is Doctor Who story about talking Cactus!", "user": "edwardkoenning", "id": 397850223659474944}, {"text": "I'm on the prowl for the mythological creature know as the doctor who listens &amp; knows what they're doing. Do you know any in #ATX like this?", "user": "Hipstercrite", "id": 397815366782431232}, {"text": "@WizardWorld When will you post the schedule for panels? And will you be showing the Doctor Who episode live on 11/22 somewhere?", "user": "mekkalekkah", "id": 397811531066249216}, {"text": "My daughter discovered Doctor Who this weekend. Now every time she sees me she asks \"Are you my mommy?\" And bursts into giggles.", "user": "donnawoodwell", "id": 397807066922119168}, {"text": "Read a creepy excerpt from Neil Gaiman's new Doctor Who short story http://t.co/pqX3tF3yRU", "user": "awalrusdarkly", "id": 397806486094495744}, {"text": "Horace and I finally caught up with Doctor Who this weekend and ohhhh myyyy goooosh", "user": "rubyeyedlion", "id": 397805741781680128}, {"text": "i forgot that Andrew Garfield was on Doctor Who. xD", "user": "ToriChanelu", "id": 397803728972959744}, {"text": "RT @constmellation: I wish there was a way for me to sleep and watch doctor who at the same time", "user": "ChandlerFaith", "id": 397801306716266496}, {"text": "Neil Gaiman Revealed as the Author of the Final Doctor Who Short Story http://t.co/pbpZiRkfFX\u201d \nWHAT!? YAY! @akmcclen @JaimeeMathis", "user": "stephvw", "id": 397793147058548736}, {"text": "I wish there was a way for me to sleep and watch doctor who at the same time", "user": "constmellation", "id": 397791304756625408}, {"text": "How Doctor Who Can Fix Your Love Life http://t.co/HSM9ideHSp", "user": "blutexas", "id": 397789871441711104}, {"text": "FINALLY going to watch the season finale of Doctor Who!", "user": "TheodoreJessex", "id": 397781848677285888}, {"text": "Dumbest person of the day: girl in anatomy class who thought that because our principle is \"Dr.\" Presley he was also a medical doctor", "user": "itzmicaduh", "id": 397770836398325760}, {"text": "New details about a second minisode produced for the Doctor Who 50th anniversary special.\nhttp://t.co/wVwYILRqK9 http://t.co/wVwYILRqK9", "user": "PhotonCityNews", "id": 397767401082986496}, {"text": "@drafthouse Will you be screening the Doctor Who 50th anniversary?", "user": "LaurenMCardenas", "id": 397764104883953664}, {"text": "RT @drafthouse: Our next DOCTOR WHO event is posted - Free: November 30: DOCTOR WHO: TERROR OF THE ZYGONS http://t.co/AVbyLmj2LY", "user": "madilynpadilyn", "id": 397763633221861376}, {"text": "RT @caesius: @mgearthman Part one... http://t.co/kNDV0qSIEk", "user": "cherilyntx", "id": 397762702094761984}, {"text": "RT @drafthouse: Our next DOCTOR WHO event is posted - Free: November 30: DOCTOR WHO: TERROR OF THE ZYGONS http://t.co/AVbyLmj2LY", "user": "lyndeemckinley", "id": 397759919752884224}, {"text": "RT @drafthouse: Our next DOCTOR WHO event is posted - Free: November 30: DOCTOR WHO: TERROR OF THE ZYGONS http://t.co/AVbyLmj2LY", "user": "John_Ary", "id": 397756769419546624}, {"text": "RT @drafthouse: Our next DOCTOR WHO event is posted - Free: November 30: DOCTOR WHO: TERROR OF THE ZYGONS http://t.co/AVbyLmj2LY", "user": "Promos_ATX", "id": 397756448165597184}, {"text": "RT @drafthouse: Our next DOCTOR WHO event is posted - Free: November 30: DOCTOR WHO: TERROR OF THE ZYGONS http://t.co/AVbyLmj2LY", "user": "galpal_valerie", "id": 397755807543984128}, {"text": "RT @drafthouse: Our next DOCTOR WHO event is posted - Free: November 30: DOCTOR WHO: TERROR OF THE ZYGONS http://t.co/AVbyLmj2LY", "user": "AustinFusionMag", "id": 397755536265195520}, {"text": "Our next DOCTOR WHO event is posted - Free: November 30: DOCTOR WHO: TERROR OF THE ZYGONS http://t.co/AVbyLmj2LY", "user": "drafthouse", "id": 397755370455990272}, {"text": "Stage IV Cancer Patient Who Exposes ObamaCare Lie 'You Can Keep Your Doctor' Gets Scolded by White House http://t.co/LNOiPN50TN", "user": "iamIT4life", "id": 397742158758682624}, {"text": "RT @headgeek666: 45th PICKS &amp; PEEKS of 2013: James Dean, DePalma, INTOLERANCE, HOBBIT EE, DOCTOR WHO S1-7 Blu! (via @aintitcoolnews) http:/\u2026", "user": "danbrennan73", "id": 397724154457509888}, {"text": "45th PICKS &amp; PEEKS of 2013: James Dean, DePalma, INTOLERANCE, HOBBIT EE, DOCTOR WHO S1-7 Blu! (via @aintitcoolnews) http://t.co/a3eR8g9kUK", "user": "headgeek666", "id": 397723277830811648}, {"text": "@mgearthman Part one... http://t.co/kNDV0qSIEk", "user": "caesius", "id": 397692756111667200}, {"text": "The Women of Doctor Who is on. Fuck yessssssssssss.", "user": "Chrissaayyyyy", "id": 397687952509112320}, {"text": "Clara's first episode of Doctor Who is on. Fuck yeah muthafuckas.", "user": "Chrissaayyyyy", "id": 397643826115772416}, {"text": "RT @faitherina: \"If all we're going to watch is Top Gear and Doctor Who, what's the point of being American?\"", "user": "_crispy", "id": 397625753657155584}, {"text": "There isn't enough doctor who fans at valley -.-", "user": "TKE831", "id": 397607280536846336}, {"text": "Doctor Who The Vault (Treasures from the First 50 Years) #doctorwho #thedoctor #tardis #geek #scifi\u2026 http://t.co/zBrHCHkNyd", "user": "nololeal", "id": 397605135188512768}, {"text": "I need to sleep cuz I have school but I just wanna watch Doctor Who &amp; Netflix is continuous!", "user": "brooklyn_handy", "id": 397597679582076928}, {"text": "wow first nose bleed ever and it woke me up, idk how to make it stop either lol \n\nwho's a doctor and can fix me", "user": "linziknowles", "id": 397594687202017280}, {"text": "The Doctor and a Dandelion - Doctor Who - Robot - BBC: http://t.co/4OYsZlSieI via @youtube", "user": "wrestlerorca45", "id": 397585778210897921}, {"text": "Awh. I forgot how much I heart Rory on Doctor Who. #charming", "user": "brooklyn_handy", "id": 397585274147844096}, {"text": "No Doctor I'm the Doctor! - Doctor Who - Robot - BBC: http://t.co/Llbn4nvonp via @youtube", "user": "wrestlerorca45", "id": 397584990591922176}, {"text": "The Doctor Who serial in 1978 Gai Waterhouse appeared in was called The Invasion of Time she played Presta #MelbourneCup", "user": "LeedsHeartWhite", "id": 397584938712588288}, {"text": "How fitting in the 50th anniversary of Doctor Who, Gai Waterhouse wins her first Melbourne Cup, she once starred in the show with Tom Baker", "user": "LeedsHeartWhite", "id": 397584345843519488}, {"text": "RT @faitherina: \"If all we're going to watch is Top Gear and Doctor Who, what's the point of being American?\"", "user": "stevehj", "id": 397583700298190848}, {"text": "Doctor Who socks and pj's ....just way kool! #doctorwho #thedoctor #tardis #bbc #geek #scifi\u2026 http://t.co/nYlMFJ9v03", "user": "nololeal", "id": 397582525469827072}, {"text": "My manager got me hooked into Doctor Who, so watch me not sleeping and watch the show instead.. #FuckIt \ud83d\ude1c", "user": "Nrykee", "id": 397579987806474240}, {"text": "@davidcanflyo Yeah, that's another one that's on my to-do list, along with Hannibal and Doctor Who. Probably as soon as I have free time", "user": "Blckbeltblasian", "id": 397575494448578560}, {"text": "\u201c@nytimes: There could be as many as 40 billion habitable Earth-size planets in the galaxy http://t.co/ocFt49jznb\u201d \n\nDoctor Who says so!", "user": "stephvw", "id": 397569609135435776}, {"text": "Stage IV Cancer Patient Who Exposes ObamaCare Lie 'You Can Keep Your Doctor' Gets Scolded by WH... http://t.co/DtoAPBQnfW", "user": "hamguy17", "id": 397569435835199489}, {"text": "Photo: neil-gaiman: shellytotter: Amazon is very bad at keeping secrets. P.S. Neil Gaiman\u2019s Doctor Who ebook... http://t.co/gDCeeySDdm", "user": "boastfulbadger", "id": 397557403786678273}, {"text": "RT @faitherina: \"If all we're going to watch is Top Gear and Doctor Who, what's the point of being American?\"", "user": "thecriterion", "id": 397537737068122113}, {"text": "Stage IV Cancer Patient Who Exposes ObamaCare Lie 'You Can Keep Your Doctor' Gets Scolded by... http://t.co/FsQM987wYq", "user": "mctrust2", "id": 397532710257713152}, {"text": "Between Vampire Diaries and Doctor Who I'm surprised my depression isn't more serious", "user": "NichelleLarae", "id": 397531605537148928}, {"text": "@divva_ivva lol very confusing, how in the world is it correct, wait the sale person that met the doctor who despised left?", "user": "adeleye92", "id": 397526889104801792}, {"text": "RT @faitherina: \"If all we're going to watch is Top Gear and Doctor Who, what's the point of being American?\"", "user": "dotdapple", "id": 397523776281133056}, {"text": "&amp; also unlimited past seasons of Doctor Who", "user": "brooklyn_handy", "id": 397522391129018368}, {"text": "I have a Doctor Who problem. I seriously love it so much.", "user": "tbowden53", "id": 397519717105029120}, {"text": "\"If all we're going to watch is Top Gear and Doctor Who, what's the point of being American?\"", "user": "faitherina", "id": 397511121269030912}, {"text": "RT @rdunlap254: Doctor Who Pac-Man! #Exterminate #Daleks #doctorwho http://t.co/thvFF67nRs", "user": "TrenzaloreTomb", "id": 397510165442084864}, {"text": "Perhaps a Doctor Who reference!? @realjohngreen #TFIOS #spoilers http://t.co/AHZgzchtg0", "user": "JessicaVShark19", "id": 397504274931806208}, {"text": "@GeeksAndParents are giving away 20 prizes for the Doctor Who 50th Anniversary! ENTER HERE: http://t.co/dO0JFxaZnr https://t.co/uzrPWCKn0D", "user": "fluffymunky", "id": 397503913441517569}, {"text": "I'm watching Doctor Who (101 others are watching) http://t.co/1y2iNvCy84 #GetGlue @bbcdoctorwho", "user": "Rhettoric_1", "id": 397498181975818240}, {"text": "Doctor Who Pac-Man! #Exterminate #Daleks #doctorwho http://t.co/thvFF67nRs", "user": "rdunlap254", "id": 397495599706415104}, {"text": "Marvel #4 Issue of Doctor Who. the 4th Doctor. http://t.co/0MyrvaRSmO", "user": "edwardkoenning", "id": 397486540299206656}, {"text": "RT @ariauber: Tons of Austin events this week. Our top picks include @WanderlustFest, some \"Doctor Who\" improv and more: http://t.co/Tj2nZ7\u2026", "user": "weGOTchUCovered", "id": 397478250294681600}, {"text": "\u2018Doctor Who\u2019 Blu-ray exclusive clip: Behind the scenes with Smith http://t.co/Dj3bYBPgCR #austin", "user": "Sstiel", "id": 397462319413743616}, {"text": "RT @ariauber: Tons of Austin events this week. Our top picks include @WanderlustFest, some \"Doctor Who\" improv and more: http://t.co/Tj2nZ7\u2026", "user": "NightsinAustin", "id": 397459230405718016}, {"text": "There's this guy at my doctor's office who sounds like @RickyPDillon and is wearing crocs", "user": "mandagomess", "id": 397450680698671104}, {"text": "RT @TFN: @TFN Insider: Texas RR leader who rejoiced over murder of abortion doctor admits extramarital affair, steps down http://t.co/hFMKj\u2026", "user": "Bodhi66", "id": 397448832784424961}, {"text": "RT @TFN: @TFN Insider: Texas RR leader who rejoiced over murder of abortion doctor admits extramarital affair, steps down http://t.co/hFMKj\u2026", "user": "GeekyGeekyWays", "id": 397445500146053120}, {"text": "RT @ariauber: Tons of Austin events this week. Our top picks include @WanderlustFest, some \"Doctor Who\" improv and more: http://t.co/Tj2nZ7\u2026", "user": "austin360", "id": 397444589524512768}, {"text": "Tons of Austin events this week. Our top picks include @WanderlustFest, some \"Doctor Who\" improv and more: http://t.co/Tj2nZ72kIg", "user": "ariauber", "id": 397441047216660481}, {"text": "@GeeksAndParents are giving away 20 prizes for the Doctor Who 50th Anniversary! ENTER HERE: http://t.co/M5NNUDnSzj https://t.co/6hlRjmOK7R", "user": "firefae_tessque", "id": 397423528053444608}, {"text": "what if, for halloween next year, i wore the 11th Doctor's fez, the 10th's suit, and the 4th doctor's scarf, and said \"I'm the Doctor Who\"", "user": "RileyHMetcalfe", "id": 397419983589748736}, {"text": "@GillRockatansky You seen Storage 24? Stars Mickey from Doctor Who. I've seen worse, for sure. To me, just a bit of UK makes it better.", "user": "TexSho", "id": 397418714175242240}, {"text": "@TFN Insider: Texas RR leader who rejoiced over murder of abortion doctor admits extramarital affair, steps down http://t.co/hFMKj4QUav", "user": "TFN", "id": 397417350418288641}, {"text": "The Official Synopsis For Doctor Who: The Day Of The Doctor http://t.co/4HRXAkwPDB", "user": "sonjalanehart", "id": 397413801898692609}, {"text": "Video: Doctor Who: \u2018The First Question\u2019 - The Extended Cut - 50th Anniversary Trailer (HD) (by... http://t.co/0Pr01xKPco", "user": "CheeseAndGlory", "id": 397393301235834880}, {"text": "@JoslynEvan I thought this said Doctor Who in the morning. Lol.", "user": "KriSarchasm", "id": 397370832617345026}, {"text": "The main tv shows I watch are Doctor Who, Walking Dead and Supernatural", "user": "pmifsud95", "id": 397349867833413633}, {"text": "Little Girl Dresses Up As All 11 Doctors From \"Doctor Who\", Is Both Cute And Geeky http://t.co/wo78KMPRrI", "user": "seanlebeau", "id": 397257279688671232}, {"text": "The British doctor who conducted Napoleon's autopsy commented on the smallness of his penis and cut it off for a souvenir.", "user": "AssumptaCusack", "id": 397249354940944384}, {"text": "I liked a @YouTube video http://t.co/YI3jtX0eZi Lauren Cooper and Doctor Who clash in class - Classic Comic Relief", "user": "KomiExplosion", "id": 397246502802046976}, {"text": "Doctor Who Theme. @micamoney11 https://t.co/66qgtiCGGZ", "user": "shelbylinn11", "id": 397221373271375872}, {"text": "Watching Doctor Who", "user": "badasshermit", "id": 397218281645293569}, {"text": "Doctor Who meets Star Wars http://t.co/udcvP26ZNQ", "user": "HebrewLantern", "id": 397214043431124992}, {"text": "this was done to the dirtiest edm remix of the doctor who theme http://t.co/Ao30R83GrG", "user": "rebeccattl", "id": 397203856297193473}, {"text": "OMG! I just found out that Russell T. Davies wrote and produced both Doctor Who and Queer as Folk.", "user": "Mr_J1138", "id": 397197569333280768}, {"text": "\"@BadWolflover: QUOTE THIS WITH A SELFIE OF YOU, AND I\"LL TELL YOU WHICH  DOCTOR WHO CHARACTER I SHIP YOU WITH!!\" http://t.co/ogLNSzuRoA", "user": "angelstoughbark", "id": 397154632184508416}, {"text": "I am thoroughly disappointed in myself bc I havent watched doctor who in like five days ugh I could die", "user": "constmellation", "id": 397111744453029888}, {"text": "@patrickstump you watch doctor who?!??!!", "user": "sunburst60s", "id": 397107302857056256}, {"text": "There's a special awesome feeling I get when I find out a friend of mine is also a fan of Doctor Who. 8D", "user": "KomiExplosion", "id": 397105223392436224}, {"text": "@RedPandaGamer I fucking love you I had no idea you watched Doctor Who.", "user": "KomiExplosion", "id": 397104794948485120}, {"text": "RT @mariawesomer: November 22: new hunger games. November 23: new doctor who.\n\nBe still my nerdy heart", "user": "lizzy0718", "id": 397082189088575488}, {"text": "I didn't even know people watched Supernatural, Doctor Who, etc. Much wow. Such crazy.", "user": "doctawhat", "id": 397078298708037632}, {"text": "The Physics of Doctor Who's Space-Time Ship, Explained in an Actual Scientific Paper | Motherboard http://t.co/BF48zNTIh7", "user": "rlnorthcutt", "id": 397074558312013825}, {"text": "November 22: new hunger games. November 23: new doctor who.\n\nBe still my nerdy heart", "user": "mariawesomer", "id": 397073291929993216}, {"text": "Doctor Who starring you! The BBC launches awesome new Facebook app  http://t.co/6csAwiUhPy", "user": "WingmanWeb", "id": 397066605948981248}, {"text": "OMFG YESYEYSYEYYYS DOCTOR WHO WON IM SCREAMING", "user": "ofmcvey", "id": 397007779572891650}, {"text": "DOCTOR WHO PLEASE WIN", "user": "ofmcvey", "id": 397007677814886400}, {"text": "RT @LivingDust: Want $300 or a Doctor Who #TARDIS ? Click to win. Sharing scores you more points! #doctorwho https://t.co/N8L9wyzVQf", "user": "TrenzaloreTomb", "id": 396996373582991360}, {"text": "Want $300 or a Doctor Who #TARDIS ? Click to win. Sharing scores you more points! #doctorwho https://t.co/N8L9wyzVQf", "user": "LivingDust", "id": 396993762951327745}, {"text": "@OneTopQuark Okay you've got me there- could surely be Doctor Who!", "user": "VitaBrevi", "id": 396993376136208384}, {"text": "Doctor who?? My doctor that's who!", "user": "LuciMurderface", "id": 396913303340863488}, {"text": "Remember that daylights savings time ends and time goes back an hour. You are not in a Doctor Who episode. I... http://t.co/LW9lGN1IIs", "user": "JustbecuzZavior", "id": 396899348774412288}, {"text": "Who is your favorite #Doctor ??? #DoctorWho http://t.co/3qHzZPxwHr", "user": "TheStarWarsGuru", "id": 396870057000587264}, {"text": "oh also I saw a guy and a girl dressed as doctor who and a dalek and I almost cried happy tears", "user": "constmellation", "id": 396867365628956672}, {"text": "\"@CDCSTD: Choose a doctor who treats you w/ respect, listens to you, encourages you to ask questions &amp; explains things clearly&gt;", "user": "Epiprevention", "id": 396864277060927488}, {"text": "RT @CCGAL: Missing Troughton Doctor Who Episodes Revealed - News - Bubblews http://t.co/2cy8YXCng5 #bubblews", "user": "tylamac", "id": 396858881990995968}, {"text": "Missing Troughton Doctor Who Episodes Revealed - News - Bubblews http://t.co/2cy8YXCng5 #bubblews", "user": "CCGAL", "id": 396854516886171648}]