[{"text": "#NowPlaying Rob McKee - The Church Vs Dracula :: Tune In: http://t.co/PO7iaJXl4w", "user": "RevivalRadioApp", "id": 399610371800961024}, {"text": "@DieRobinsonDie what's your opinion of Dracula's Daughter? Though it was an interesting sequel", "user": "gash26", "id": 399607103448293376}, {"text": "Photoset: Screenshots from the opening to NBC\u2019s \u201cDracula\u201d. http://t.co/NGDdtSrHNb", "user": "Zipdisk01", "id": 399557970297905152}, {"text": "Chthonic Cassandra: I watched the third episode of the NBC Dracula. Thus, more... - chthonic-cassandra: I wat\u2026 http://t.co/sIXpy2obu5", "user": "Zipdisk01", "id": 399544209117835264}, {"text": "And that's why, in a straight fight, a shark would probably beat a Dracula.", "user": "kaitlinalford", "id": 399487567839506432}, {"text": "RT @NightlifeNovels: Dracula, the Gothic Pimp http://t.co/4LAD0aRiuS via @vicdougherty", "user": "RobinGlasser1", "id": 399427282961707008}, {"text": "Dracula, the Gothic Pimp http://t.co/4LAD0aRiuS via @vicdougherty", "user": "NightlifeNovels", "id": 399426278282907648}, {"text": "Dracula stole my body!", "user": "TexasPickers1", "id": 399418862711484416}, {"text": "Photoset: 1973\u2019s \u201cCount Dracula\u2019s Great Love\" starring Paul Naschy as Dracula and directed by Javier... http://t.co/3cnORClyGi", "user": "Zipdisk01", "id": 399409815505883136}, {"text": "I'm #Viggling \"Dracula\". TV loves you back with #ViggleTV!\n\n #Dracula #viggle", "user": "dalegattis", "id": 399403165285498881}, {"text": "For Dracula, people were learning their lines the day of, and the show was still pretty good.", "user": "OscarsUsername", "id": 399398431262658560}, {"text": "In Castlevania: Lords of Shadow 2, there is a giant steampunk robot and you play as Dracula who can puke blood. BEST GAME EVER!!!!!!", "user": "AgentKane719", "id": 399377538989842433}, {"text": "Or.... Dracula Sound of Music. In other words, LOVING THIS #FFF #Sparks", "user": "recoveringlazy", "id": 399359608235364353}, {"text": "One Million Moms Is Calling For a Boycott on NBC's Dracula - Read their reasons here if you really want to.... http://t.co/ZjibyfJteO", "user": "Zipdisk01", "id": 399354281708748800}, {"text": "I'm watching Dracula (167 others are watching) http://t.co/zR8x6RP8xz #GetGlue @NBCDracula", "user": "Alexoxoxis", "id": 399340258690875394}, {"text": "The stupid fun of GRIMM + DRACULA was perfect post-comps viewing. Actual GRIMM last line (re: pig-person): \"This little piggy went to jail.\"", "user": "cehowell6", "id": 399338893213831168}, {"text": "jonathan rhys meyers appreciation tweet because of his hot bod in nbc's #dracula", "user": "_tragiceyes", "id": 399308099871191040}, {"text": "@TheCancelBear Question for the bear, how much do you think Dracula cost for NBC? I heard its a co production so the show is pretty cheap.", "user": "lilkatie24", "id": 399291684380372992}, {"text": "I wish #Dracula had a better pilot, or it should be on BBC too slow for Friday nights but still entertaining.", "user": "lilkatie24", "id": 399291090836008960}, {"text": "Listening to Iced Earth's Dracula because I like to think of Dracula as a very violent monster.", "user": "AgentKane719", "id": 399222807332012032}, {"text": "@marcberman Shame, Dracula actually got way more entertaining past the pilot but probably too slow for Friday viewers.", "user": "lilkatie24", "id": 399212691685789697}, {"text": "Lets talk about #Dracula on #GetGlue http://t.co/hAo2Z6gOdV", "user": "Your_Next_X", "id": 399196785614524416}, {"text": "This new Dracula show is... odd. I don't know if I like it or not.", "user": "dawnpuppet", "id": 399098730592223232}, {"text": "@LindsayInTheSky off topic but I JUST saw T's post w his Dracula lunchbox in the back. How adorable!", "user": "IllyBatBaby", "id": 399082886042644480}, {"text": "Korrasami Shipper. Shark Tank Investor. Actual Dracula. Austin Taco Cycle Evangelist. Larry Crowne. Slowly Spreading Crack in the Wall.", "user": "johnewarren", "id": 399076835599728640}, {"text": "I missed dracula", "user": "ThatGCynthia", "id": 399050905242185729}, {"text": "Just got today's #Dracula sticker. Get yours in the next 1h:20m. #GetGlue http://t.co/mTnzCP7uqL #Dracula", "user": "LeslieAmanda612", "id": 399048633947271168}, {"text": "I know Dracula is still the villain but.. Gah Damn JRM makes Dracula look good!!  ;]  LoL #Dracula #GetGlue http://t.co/jKjApyqR6Y", "user": "LeslieAmanda612", "id": 399048633750151168}, {"text": "Photo: I just unlocked the Dracula: Goblin Merchant Men sticker on GetGlue 8548 others have also unlocked... http://t.co/Sshap0DXoU", "user": "jlp6869rocks", "id": 399041302748069888}, {"text": "Photo: I\u2019m watching Dracula \u201cgoing to check out the pilot\u201d 8022 others are also watching. Dracula on... http://t.co/iAojTbf4s9", "user": "jlp6869rocks", "id": 399041301947351040}, {"text": "Just got this limited #Dracula sticker. Get yours now #GetGlue http://t.co/6zGLESWFVR #Dracula", "user": "jlp6869rocks", "id": 399041297702739968}, {"text": "going to check out the pilot #Dracula #GetGlue http://t.co/2slgqE2sCL", "user": "jlp6869rocks", "id": 399041297606246400}, {"text": "It took a few episodes but #Dracula is now in my top 5 for new shows.", "user": "lilkatie24", "id": 399037370927808512}, {"text": "RT @lilkatie24: Shut the front door Lucy is in love with Mina to?? Holy heck what is it about that girl? #Dracula", "user": "notmyname02", "id": 399032825548001281}, {"text": "Shut the front door Lucy is in love with Mina to?? Holy heck what is it about that girl? #Dracula", "user": "lilkatie24", "id": 399032669180149760}, {"text": "Oh my! \nCan @jrhysmeyerscom get any Hotter!?!? #Dracula", "user": "JessicaPNorris", "id": 399031184656564225}, {"text": "@CountingStars29 Is #Dracula good? I haven't seen it, but love JRM! What's he like in it?", "user": "Mom4mjtx", "id": 399027236902158336}, {"text": "Just got this limited #Dracula sticker. Get yours now #GetGlue http://t.co/5I1xX06NnN #Dracula", "user": "celtickitty66", "id": 399026416865787904}, {"text": "If you're watching #Dracula join me &amp; 8437 other fans on #GetGlue http://t.co/oVbtYy9WXU", "user": "goldengirl_1975", "id": 399023781429387264}, {"text": "Just got this limited #Dracula sticker. Get yours now #GetGlue http://t.co/G3CJPIDCZG #Dracula", "user": "goldengirl_1975", "id": 399023778401124352}, {"text": "I can't wait to watch the #Grimm and #Dracula episodes from tonight!!!", "user": "cpowers21", "id": 399023714794082304}, {"text": "Every time Ben Miles comes onscreen, I become intrigued by the potential Daguerreotypes of Browning's Love. #Dracula vs #Coupling", "user": "ChrisRachael", "id": 399023529347125248}, {"text": "oh, #Dracula! what were you tonight? #toomuchcampforonehand", "user": "NotAWoad", "id": 399022467378720768}, {"text": "Just got today's #Dracula sticker. Get yours in the next 3h:26m. #GetGlue http://t.co/IwPT7NeJjM #Dracula", "user": "xAngelWing312x", "id": 399016883690942464}, {"text": "@bestbabybug Thus, is the curse of Dracula.", "user": "queenkandis", "id": 399014128217358337}, {"text": "Trying to watch dracula but I just keep falling asleep.", "user": "bestbabybug", "id": 399011660137910272}, {"text": "I'm watching #Dracula with 6208 other fans on #GetGlue http://t.co/l26myekjUV", "user": "ShoeLin_1685", "id": 399011451882708992}, {"text": "Just got this limited #Dracula sticker. Get yours now #GetGlue http://t.co/1XblIBu7P7 #Dracula", "user": "ShoeLin_1685", "id": 399011448850231298}, {"text": "Just got this limited #Dracula sticker. Get yours now #GetGlue http://t.co/FbHceI3GkY #Dracula", "user": "Raysha_Harris", "id": 399010912826572800}, {"text": "@NBCDracula Watching #Dracula something tells me not to miss this episode..", "user": "10JoseGarcia02", "id": 399010695850647552}, {"text": "Just got this limited #Dracula sticker. Get yours now #GetGlue http://t.co/ZkLEbSsmSw #Dracula", "user": "ChuxChic", "id": 399010652460969984}, {"text": "Just got today's #Dracula sticker. Get yours in the next 3h:57m. #GetGlue http://t.co/aIh8oE3D6k #Dracula", "user": "kisses4roxy", "id": 399009185175961600}, {"text": "Just got today's #Dracula sticker. Get yours in the next 3h:58m. #GetGlue http://t.co/Lq9DwbdV2S #Dracula", "user": "Ness0226", "id": 399008727409627136}, {"text": "#Dracula tonight!!", "user": "em__benavides", "id": 399008651601399809}, {"text": "If you're watching #Dracula join me &amp; 4452 other fans on #GetGlue http://t.co/nJKqgqcoMN", "user": "LoraDye", "id": 399006974211551233}, {"text": "Just got this limited #Dracula sticker. Get yours now #GetGlue http://t.co/85tY97MWsI #Dracula", "user": "LoraDye", "id": 399006971397160960}, {"text": "Just got this limited #Dracula sticker. Get yours now #GetGlue http://t.co/7UDO7donpu #Dracula", "user": "evhage", "id": 399006592181743616}, {"text": "Just got today's #Dracula sticker. Get yours in the next 4h:8m. #GetGlue http://t.co/WtoRZuizFQ #Dracula", "user": "AshanteScorpio", "id": 399006295346651136}, {"text": "Just got today's #Dracula sticker. Get yours in the next 4h:36m. #GetGlue http://t.co/CxNVTS14eG #Dracula", "user": "SuperDave959", "id": 398999377374900224}, {"text": "Photo: I just unlocked the Dracula: Goblin Merchant Men sticker on GetGlue 1475 others have also unlocked... http://t.co/mVDSXMUump", "user": "THIR13ENBONES", "id": 398998694735138816}, {"text": "Photo: I\u2019m watching Dracula 2846 others are also watching. Dracula on http://t.co/CbKXVishoi http://t.co/9DomQFktde", "user": "THIR13ENBONES", "id": 398998694030508032}, {"text": "It was a rough day for me! Gonna drink hot cocoa in bed &amp; snuggle my dogs while I watch Andy Warhol's BLOOD FOR DRACULA.", "user": "PriscillaRose", "id": 398997747375697920}, {"text": "Just got today's #Dracula sticker. Get yours in the next 4h:49m. #GetGlue http://t.co/VZ9hNp2aWW #Dracula", "user": "bevodog", "id": 398996088763719680}, {"text": "Watching episode 2 nice twist on the story with VanHelsing #Dracula #GetGlue http://t.co/8wAbEefvI7", "user": "bevodog", "id": 398996088331714560}, {"text": "Just got today's #Dracula sticker. Get yours in the next 4h:53m. #GetGlue http://t.co/9W08AQ2oYk #Dracula", "user": "xcitean", "id": 398995066381164544}, {"text": "I'm watching #Dracula with 1894 other fans on #GetGlue http://t.co/AbbvP97nO2", "user": "ChefleFemme", "id": 398994782326112256}, {"text": "Just got today's #Dracula sticker. Get yours in the next 4h:59m. #GetGlue http://t.co/Et0fnqhRHR #Dracula", "user": "Rhettoric_1", "id": 398993412067950593}, {"text": "I'm watching Dracula (176 others are watching) http://t.co/zR8x6RP8xz #GetGlue @NBCDracula", "user": "Alexoxoxis", "id": 398966072415883264}, {"text": "Can anybody explain to me what the song \u201cDracula From Houston\u201d has to do with Houston?", "user": "sa_craig", "id": 398946585876238336}, {"text": "Photo: Ok, if you insist! This has to be one of my favorite titles in the entire Hammer Dracula series. \u00a0It... http://t.co/vXswHUH88M", "user": "Zipdisk01", "id": 398924763822694400}, {"text": "Video: The Trailer for 1970\u2019s Hammer Offering \u201cTaste The Blood Of Dracula\u201d. http://t.co/p9zKpmwerf", "user": "Zipdisk01", "id": 398924003479265280}, {"text": "It's the 166th Anniversary of the birth of Bram Stoker today. Honor his memory, don't watch NBC's Dracula.", "user": "Zipdisk01", "id": 398920483061522432}, {"text": "Photo: laurabirdsall: Book cover for Dracula by Bram Stoker http://t.co/vdiKBGK380", "user": "Zipdisk01", "id": 398910027257233408}, {"text": "Fan of #Dracula? Join me on #GetGlue http://t.co/cZfjakZytd", "user": "THIR13ENBONES", "id": 398739891632492544}, {"text": "Photoset: In the 1968 Hammer Film \u201cDracula Has Risen From The Grave\" Barbara Ewing plays Zena, a local... http://t.co/RD2H8o8tGC", "user": "Zipdisk01", "id": 398739341109121024}, {"text": "Toledo is being very un-Toledo tonight. You don't fool me Dracula. I see you.", "user": "FCJayBird", "id": 398659162868948993}, {"text": "Get on her neck like Count Dracula", "user": "boogeymane_", "id": 398649146908737536}, {"text": "Photo: One thing that I would love them to do on NBC\u2019s \u201cDracula\" is have Quincey Morris show up, take one... http://t.co/6rDQG7F1B0", "user": "Zipdisk01", "id": 398641964171919360}, {"text": "Photo: vintagegal: The Count\u2019s brides in Dracula (1931) http://t.co/q0mQNsUSZJ", "user": "Zipdisk01", "id": 398631730980327424}, {"text": "Watching Dracula On Demand. Love the new series. Ok love to look at Jonathan Rhys Meyers! Even with a bloody face \ud83d\udc8b", "user": "WendyMoon1", "id": 398617112878792704}, {"text": "Video: The Trailer for one of Hammer\u2019s best Dracula sequels without Peter Cushing: \u201cDracula Has Risen From... http://t.co/PJVehxQSRj", "user": "Zipdisk01", "id": 398608534197530624}, {"text": "@garce78 I knowwwwwwww! I suck  more than Dracula D;", "user": "OhhhMyMichelle", "id": 398605609899016194}, {"text": "Video: The trailer for Hammer\u2019s \u201cDracula: Prince of Darkness\u201d. http://t.co/ESHrUSGT4y", "user": "Zipdisk01", "id": 398591650269638656}, {"text": "I would be more inclined to go into a creepy castle if someone were speaking sexy Spanish to me :P #Dracula #SpanishEdition #sla301", "user": "GabrielleAudI", "id": 398574566718447616}, {"text": "Blurred Lines and Dracula: \"You the tastiest bitch in this place!\" #sla301", "user": "GabrielleAudI", "id": 398573693648924672}, {"text": "Watching Dracula get blood-horny and trying to suck Jonathan's hand.  Blurred lines, anyone?  #sla301", "user": "GabrielleAudI", "id": 398571854715035648}, {"text": "homeboy is trippin #Dracula #Sla301", "user": "OhhhMyMichelle", "id": 398568325971599360}, {"text": "Photoset: The sad, tragic story of Dracula, his bride and the man who came between them. It turns out ok... http://t.co/5TM63rSeuM", "user": "Zipdisk01", "id": 398567619311448064}, {"text": "Video: The trailer for Hammer\u2019s \u201cDracula\" from 1958. http://t.co/BuujbMrA5a", "user": "Zipdisk01", "id": 398563332669857794}, {"text": "Photoset: The main cast of Hammer\u2019s \u201cDracula\" renamed \"Horror of Dracula\" for US distribution. And those... http://t.co/FYupQI3lfi", "user": "Zipdisk01", "id": 398562827142971392}, {"text": "@nikizMMGog BIGFOOT LOCHNESS THE MUMMY DRACULA. IMAMONSTER", "user": "ponchis_g", "id": 398533974114324480}, {"text": "Well hello there!\ud83d\ude09 _haleylyons 0ilfi3ldtrashh wamesjood jessicaroseee7 @Dracula_Said @daynamau5\u2026 http://t.co/VaryLHDZ4D", "user": "madisonhope17", "id": 398528678139019264}, {"text": "\"@NBCDracula: Will #Dracula win over Mina? http://t.co/7zInx2ISxc\"", "user": "Lolitas_Love", "id": 398526995375480833}, {"text": "@legallyblonde Well, #Dracula is boring. Sadly. AHS isn't boring so much as maddeningly offensive.", "user": "queenkandis", "id": 398511246460211200}, {"text": "Photo: Yvonna Monlaur on the cover of Picture Show magazine promoting \u201cThe Brides of Dracula\u201d. http://t.co/R1hixrgSo7", "user": "Zipdisk01", "id": 398411867728908288}, {"text": "Photoset: Yvonne Monlaur as Marianne Danielle in Hammer\u2019s \u201cBrides of Dracula\u201d http://t.co/HXTMU0SgrP", "user": "Zipdisk01", "id": 398411534239801345}, {"text": "@amandareid @queenkandis yeah, that was me getting all confused about the Trueblood guy being Dracula. I'm bad at TV", "user": "heatherini", "id": 398373794584068097}, {"text": "im a cool ass dracula", "user": "teenpizzagenius", "id": 398304225660125184}, {"text": "Dat Dracula voice doe", "user": "Sheilamariegt", "id": 398293989125677056}, {"text": "RT @TheBrofessor_: Neck neck like a Dracula", "user": "JoshDeli", "id": 398289794012151808}, {"text": "Neck neck like a Dracula", "user": "TheBrofessor_", "id": 398288885345562624}, {"text": "For the Gothic Heroine: Obvious Foreshadowing Speech for followers who don't have a New Annotated Dracula -... http://t.co/3TQj6MV1rq", "user": "Zipdisk01", "id": 398271987757629440}, {"text": "\"@NBCDracula: \u201cEvery man has a dark side.\u201d #Dracula\"", "user": "stargazergsd", "id": 398192941799194624}, {"text": "Count Dracula \u201c@Chiamakaaa_: Its the little things that count\u201d", "user": "Gift_YB", "id": 398190575406428160}, {"text": "Bram stokers Dracula and cereal:)", "user": "monssttaahh", "id": 398138830466727936}, {"text": "What's going on SA? Jonathan Rhys Meyers On Bringing 'Dracula' Back To Life - Huffington... http://t.co/8eCrDhlL3J http://t.co/YqnVPj1Rwc", "user": "SAoGoing", "id": 398113441015033857}, {"text": "\u201c@NewYorker: \"A Dracula in reverse, he was most fully real in his reflections.\" Peter Schjeldahl on Norman Rockwell: http://t.co/OVBiX3ikkS\u201d", "user": "_MichaelFry", "id": 398079130740072448}, {"text": "What's going on SA? Jonathan Rhys Meyers On Bringing 'Dracula' Back To Life - Huffington... http://t.co/xyihnUc6j1 http://t.co/YqnVPj1Rwc", "user": "SAoGoing", "id": 398067700737396736}, {"text": "@Hazzucavoola Yes, her back is lovely... Think Gary wants to bite that shit. I know a English girl I'd bite, much like Dracula D;", "user": "Nebula_Fields", "id": 397974386998669312}, {"text": "reading Bram Stoker's Dracula... be jealous.", "user": "emmagrace04", "id": 397933703248093184}, {"text": "@NBCDracula. I hate the american accent!  Come on!  Dracula had an accent!! He wasn't boring. Northern U.S.", "user": "LeettaKing", "id": 397927519191457792}, {"text": "Photoset: rose-purity-holmwood: poster meme\u00a0+\u00a0dracula Beautiful! http://t.co/JAqOHud4yM", "user": "Zipdisk01", "id": 397925557209669632}, {"text": "@BeanBreathBoon then unlike Nina I would leave Johnathan be with Dracula lol", "user": "that1myranda", "id": 397868786314792960}, {"text": "@BeanBreathBoon lol he is, I need to find my \"Dracula\".... One day!!!", "user": "that1myranda", "id": 397866728530509825}, {"text": "Fan of #Dracula? Join me on #GetGlue http://t.co/TatosAoLEk", "user": "Crystalicee", "id": 397843321235963904}, {"text": "Dan's Media Digest: MSN TV: Sky Living's DRACULA", "user": "girl2t", "id": 397837063946395648}, {"text": "@Zak_Bagans i don't know HOW your life could be repetitive since you get to see cool shit like Vlad-Dracula and the Romanian Circle..", "user": "Schnoogins", "id": 397798088829452288}, {"text": "@DieRobinsonDie Was that angle there before Francis Ford Coppola's Bram Stoker's Dracula?  Even then it seemed tired.", "user": "manvsinevitable", "id": 397777860775014400}, {"text": "Who would win in a battle? http://t.co/5jku5ttV40 #Dracula", "user": "ill_adelphia", "id": 397746032882106368}, {"text": "What's going on SA? Jonathan Rhys Meyers On Bringing 'Dracula' Back To Life - Huffington... http://t.co/CHDjUK4Qn3 http://t.co/YqnVPj1Rwc", "user": "SAoGoing", "id": 397613014351757312}, {"text": "What's going on SA? Jonathan Rhys Meyers On Bringing 'Dracula' Back To Life - Huffington... http://t.co/dFgsKqf1tl http://t.co/jQYyvsuvy1", "user": "SAoGoing", "id": 397567800338030592}, {"text": "RT @parker_traci: Nothing quite like watching Dracula use the copier...", "user": "PaperWash", "id": 397556159705403392}, {"text": "@joegross Watching sleepy hollow instead, although the Dracula reviews have been so astoundingly bad, I am curious.", "user": "jenneraustin", "id": 397554529601736704}, {"text": "Dracula without an accent? Interesting. I'm liking this show!", "user": "raulcabrerajr95", "id": 397550877084352512}, {"text": "RT @parker_traci: Nothing quite like watching Dracula use the copier...", "user": "TheBoydP", "id": 397547802634354688}, {"text": "I feel certain Mina's hair is all wrong. I blame #Reign for these kinds of shenanigans. #Dracula", "user": "queenkandis", "id": 397539420846305280}, {"text": "Why oh why is #Dracula pretending to be American?", "user": "queenkandis", "id": 397536893245476865}, {"text": "@legallyblonde Compared to this #Dracula episode I'm watching, #TheTomorrowPeople is genius and riveting.", "user": "queenkandis", "id": 397536117643149312}, {"text": "RT @SteveNiles: Christopher Lee reads Dracula Lives http://t.co/qxHm8puwMp", "user": "comix_rock", "id": 397495484060672000}, {"text": "what's the deal with all the Matrix like fight scenes in #Dracula? lame.", "user": "bestbabybug", "id": 397466891821649921}, {"text": "RT @SteveNiles: Christopher Lee reads Dracula Lives http://t.co/qxHm8puwMp", "user": "drumphil557", "id": 397462168599146496}, {"text": "RT @SteveNiles: Christopher Lee reads Dracula Lives http://t.co/qxHm8puwMp", "user": "thesimonpeter", "id": 397460336531763200}, {"text": "RT @SteveNiles: Christopher Lee reads Dracula Lives http://t.co/qxHm8puwMp", "user": "LordRetail", "id": 397460256777076736}, {"text": "RT @SteveNiles: Christopher Lee reads Dracula Lives http://t.co/qxHm8puwMp", "user": "CaptainBlueHen", "id": 397453968269246464}, {"text": "So happy Katie McGrath is in Dracula.", "user": "RealNichelleToo", "id": 397447645439856640}, {"text": "I highly recommend seeing the ballet of Dracula if you ever can. It's both beautiful and creepy. \n#UGS303", "user": "jbjessums", "id": 397446856319303680}, {"text": "RT @SteveNiles: Christopher Lee reads Dracula Lives http://t.co/qxHm8puwMp", "user": "JadedSkeptic", "id": 397446363341803521}, {"text": "RT @SteveNiles: Christopher Lee reads Dracula Lives http://t.co/qxHm8puwMp", "user": "geniodocrime", "id": 397445714718261248}, {"text": "RT @SteveNiles: Christopher Lee reads Dracula Lives http://t.co/qxHm8puwMp", "user": "staticmm", "id": 397445073471672320}, {"text": "RT @SteveNiles: Christopher Lee reads Dracula Lives http://t.co/qxHm8puwMp", "user": "crataegus", "id": 397444934384762880}, {"text": "RT @SteveNiles: Christopher Lee reads Dracula Lives http://t.co/qxHm8puwMp", "user": "MikeMeltzer", "id": 397444489423650816}, {"text": "Dracula = That creepy old uncle we all wish we never had. #UGS303 #ThoseSFXTho", "user": "NickEsrock", "id": 397444340525461504}, {"text": "RT @SteveNiles: Christopher Lee reads Dracula Lives http://t.co/qxHm8puwMp", "user": "theReal_Rebel", "id": 397444235873361920}, {"text": "Christopher Lee reads Dracula Lives http://t.co/qxHm8puwMp", "user": "SteveNiles", "id": 397444024925032448}, {"text": "Dracula was so sassy.", "user": "OhhhMyMichelle", "id": 397431701736931328}, {"text": "@NextLevelSpec NBC's Dracula is corny as fuck and I love it. If you are going to do a gothic vampire might as well commit fully.", "user": "frothy_ham", "id": 397400239440543744}, {"text": "Preached my Halloween sermon with Dracula teeth in......man I slobbered everywhere.", "user": "BrandonDona", "id": 397395738977517569}, {"text": "RT @Gabrielle_Faust: Do you love #vampires and #Dracula? Are you a fan of the tale of #DrFaust? Then you'll love #TheLineage! http://t.co/q\u2026", "user": "NicholasStrange", "id": 397370926108774401}, {"text": "RT @parker_traci: Nothing quite like watching Dracula use the copier...", "user": "Aspie4ever", "id": 397328123718406144}, {"text": "Disastrous appetite\nThe last massacre fantastica ambassador\nMy castle\u2019s like Vlad Dracula\u2019s", "user": "ElDeSanAnto", "id": 397279231631052800}, {"text": "RT @parker_traci: Nothing quite like watching Dracula use the copier...", "user": "Deurb1", "id": 397272103893745664}, {"text": "I think I've figured out why I can't get motivated to start NBC's Dracula. It's because I find Jonathan Rhys-Meyers fugly.", "user": "breathesgelatin", "id": 397220599551905792}, {"text": "@latinorebels Dracula &amp; his slave are arguing. Drac says, \"Silence fool!\" Slave replies, \"I will open this curtain &amp; blast yo ass!\"", "user": "GREG_ARROW", "id": 397217825305030656}, {"text": "I liked a @YouTube video http://t.co/DwWCMmgAVz Castlevania: Lords of Shadow 2 - Dracula's Vengeance Trailer", "user": "AlexSa26", "id": 397211358833307651}, {"text": "Yvonne Monlaur in a promotional shot for Hammer's \"Brides of Dracula\". http://t.co/5MgnIN71xN", "user": "Zipdisk01", "id": 397201972644052994}, {"text": "@NBCDracula  \"When it comes to dreams one might falter, but the only way to fail is to abandon them.\" fav quote of episode 102 :) #Dracula", "user": "lisaeg3", "id": 397177432681099266}, {"text": "Photo: I\u2019m watching Dracula \u201cMore black and white movies!!\u201d Check-in to Dracula on http://t.co/b6VOgvy5nK http://t.co/VHf0RsKTGN", "user": "AdrianMossman", "id": 397158749649264640}, {"text": "More black and white movies!! #Dracula #GetGlue http://t.co/88SeqhjnT9", "user": "AdrianMossman", "id": 397158745048092672}, {"text": "Marie Devereux who played 'Village Girl' in 1960's \"Brides of Dracula\". http://t.co/kxE0iHYEj5", "user": "Zipdisk01", "id": 397147638241693696}, {"text": "A couple of ads for Jess Franco's \"Daughter of Dracula\" a.k.a. \"La Fille De Dracula\". http://t.co/uGWjBkWutD", "user": "Zipdisk01", "id": 397144046600486912}, {"text": "RT @parker_traci: Nothing quite like watching Dracula use the copier...", "user": "saucy_peaches", "id": 397139821019140096}, {"text": "Dracula cat is here for your milk! http://t.co/sBKCBehYoU", "user": "rdunlap254", "id": 397125175881502720}, {"text": "Dracula is the snobby rich asshole. Bride of Frankenstein is dating Frank but secretly banging Drac.", "user": "ColeWBradley", "id": 397115328699719682}, {"text": "I have so many new shows that I love #Dracula #AgentsOfShield #WitchesOfEastEnd #AmericanHorrorStory  #Coven! Filling up the DVR!", "user": "CalawayComments", "id": 397111656251424768}, {"text": "@KatRamsland \"I am Dracula; and i bid you welcome, Mr. Harker, to my house.\"", "user": "Enginethatcan", "id": 397090453096390656}, {"text": "Wow ... Jonathan Rhys-Meyers w/an American Accent really *does* sound like Christian Slater. #Dracula", "user": "jp0473", "id": 397064764234293248}, {"text": "I liked a @YouTube video http://t.co/bejERhL0b6 Elements (Orchestral Version) - Lindsey Stirling - Dracula", "user": "freakingtina", "id": 397022508479938560}, {"text": "Masked up like I'm Dracula", "user": "Kev_Maurice", "id": 396935413337579520}, {"text": "Dracula come suck... \n\nMY blood!\n\n;D", "user": "beautyBOMBass", "id": 396861124357799936}, {"text": "How do I make \"Dracula\" even better? I Viggle It! TV loves you back with #ViggleTV\n\n #Dracula #viggle", "user": "dalegattis", "id": 396854447378141184}, {"text": "Is it just me or is #dracula kind of boring? I was so excited for this show but is just kinda blah", "user": "mel0613", "id": 396838617902882817}, {"text": "Photo: We are only two episodes into NBC\u2019s new \u201cDracula\" TV Series and already I sense a seriously... http://t.co/xaQEfVFGqn", "user": "Zipdisk01", "id": 396838114628739072}]