[{"text": "Hmm. Lost or How I Met Your Mother?", "user": "kylegonzales", "id": 399625393646227457}, {"text": "I'm hungover and watching \"How I Met Your Mother\" for the first time and its blowing my mind.", "user": "WhitmanBand", "id": 399571846699294720}, {"text": "How I met your mother to the rescue!", "user": "j_dubb50", "id": 399435670944350208}, {"text": "Re-watching old how I met your mother episodes&gt;&gt;&gt;", "user": "Halllyyyyyy", "id": 399424340447338496}, {"text": "How I Met Your Mother is hilarious!!", "user": "jasonfbarrett", "id": 399411877836382208}, {"text": "I've been watching how I met your mother for 4 and a half hours . I regret nothing and I shall continue", "user": "deeeeeexo", "id": 399406353464049664}, {"text": "RT @HolcombNate: How I met your mother\ud83d\ude0d", "user": "juliaa319", "id": 399392799470010368}, {"text": "How I met your mother\ud83d\ude0d", "user": "HolcombNate", "id": 399377221254512640}, {"text": "How I Met Your Mother is ruining my life. Guess there are worse ways to have your life ruined.", "user": "abussing5", "id": 399314356342513664}, {"text": "The trick to making the perfect scrambled eggs? Watch and learn: http://t.co/ASxcWz6SMl #breakfast @BPlantico #himym", "user": "cpaloo", "id": 399192639733370880}, {"text": "Oh yeah, while I'm still awake: find out if a girl watches How I Met Your Mother before telling her she looks like Robin from HIMYM #welp", "user": "travis_banks", "id": 399097406727274496}, {"text": "@_jessicahhhh the office and how I met your mother didn't help lol", "user": "BenJ2909", "id": 399066371080060928}, {"text": "@wicked_lady05 exactly!! I need to find a channel with that same marathon of how I met your mother. That'd be heaven lol", "user": "ack0060", "id": 399019323026456577}, {"text": "OMG! For all the How I Met Your Mother Fans, I can't believe this was real. The infamous Stovinkerator! http://t.co/WwX3r6dOu0", "user": "EPOGaming", "id": 398978269451911168}, {"text": "@HIMYM_CBS soo excited to see @BryanCranston on #platonish, can't wait for Monday's ep! preview: http://t.co/gpr9WRvlGF", "user": "pranavi926", "id": 398950277799088128}, {"text": "I'm watching How I Met Your Mother (76 others are watching) http://t.co/ehdc7tes5r #GetGlue @HIMYM_CBS", "user": "Rhettoric_1", "id": 398939239800643585}, {"text": "I'm watching How I Met Your Mother (74 others are watching) http://t.co/ehdc7tes5r #GetGlue @HIMYM_CBS", "user": "Rhettoric_1", "id": 398939226265640960}, {"text": "@Byrdman915 30 Rock, How I Met Your Mother, American Horror Story! I'm sure there's more but I'm not in front of my Netflix queue.", "user": "aaronscottg", "id": 398918648263221250}, {"text": "If you watch how I met your mother, you're already cool in my book.", "user": "AbstractBeautee", "id": 398865786322034688}, {"text": "RT @jackiesflyy1: watching how I met your mother makes my day \ud83d\ude0a", "user": "gabriellagalvan", "id": 398689803568287744}, {"text": "RT @jackiesflyy1: watching how I met your mother makes my day \ud83d\ude0a", "user": "BamSam_", "id": 398681406353985536}, {"text": "watching how I met your mother makes my day \ud83d\ude0a", "user": "jackiesflyy1", "id": 398680870313132033}, {"text": "A cup of joe, some snacks and how I met your mother or a relaxing night.", "user": "Shane_AKA_Swain", "id": 398666402292191232}, {"text": "Big Bang Theory or How I Met Your Mother? #ToughChoice #LoveCBS", "user": "KorinnaKorinna", "id": 398635789623369729}, {"text": "@izziem How I Met Your Mother.", "user": "BigMikeInAustin", "id": 398605877701120000}, {"text": "How I Met Your Mother! #RoommateBonding", "user": "elevillegas32", "id": 398594832429363200}, {"text": "@holliencampbell I didn't quit! I just need something to occupy my time between when Revenge and How I Met Your Mother air on Mondays :)", "user": "emilylayne18", "id": 398575072316624896}, {"text": "Mondays how I met your mother was real. Good shit. Good shit indeed", "user": "pjmfluckey", "id": 398569105097101312}, {"text": "How I Met Your Mother \ud83d\ude04\ud83d\ude04\ud83d\ude04", "user": "Kathyyarce", "id": 398565148098437120}, {"text": "I guess I'll watch how I met your mother from it's very first season \ud83d\ude4a\ud83d\ude48", "user": "QueenJenaa", "id": 398539688471842816}, {"text": "How I Met Your Mother in class #college #doingitright #HIMYM http://t.co/eEpdmO7jsO", "user": "sethbobeth", "id": 398524322505306112}, {"text": "RT @Jawwwwwwsh: How I Met Your Mother is my stuff!!!", "user": "_vandenbranden_", "id": 398301464038092800}, {"text": "How I Met Your Mother is my stuff!!!", "user": "Jawwwwwwsh", "id": 398301375148212224}, {"text": "RT @omgg_v: WHEN BARNEY PROPOSES TO ROBIN &gt; \ud83d\ude2d\ud83d\ude2d\ud83d\ude2d\ud83d\ude2d\ud83d\ude2d that is the most beautiful moment of How I Met Your Mother \ud83d\udc95", "user": "Marisa_Kristine", "id": 398284523349082113}, {"text": "WHEN BARNEY PROPOSES TO ROBIN &gt; \ud83d\ude2d\ud83d\ude2d\ud83d\ude2d\ud83d\ude2d\ud83d\ude2d that is the most beautiful moment of How I Met Your Mother \ud83d\udc95", "user": "omgg_v", "id": 398284134704902145}, {"text": "Video: How I Met Your Mother - 9x11: Bedtime Stories - Teaser Promo \u00a0 This is the episode that is going to... http://t.co/RWa7nWJUTG", "user": "Telytubisavalas", "id": 398247457244844032}, {"text": "At the end of last nights episode of \nhow I met your mother episode &lt;3", "user": "BigSexyNick", "id": 398226431357906944}, {"text": "@caitlynecarter would be so proud of me! Finally watching how I met your mother \ud83d\ude02", "user": "julie_paulson", "id": 398217264677527552}, {"text": "@Dr_Sus_ how I met your mother?", "user": "MichaelNewShoes", "id": 398210954657165312}, {"text": "\u201c@Cynthia_Alarcon: Now that I've finished How I Met Your Mother...I moved onto GOSSIP GIRL!!!\u201d\ud83d\udc4e\ud83d\udc4e\ud83d\udc4e\ud83d\udc4e\ud83d\udc4e\ud83d\udc4e\ud83d\udc4e\ud83d\udc4e\ud83d\udc4e\ud83d\udc4e\ud83d\udc4e\ud83d\udc4e\ud83d\udc4e\ud83d\udc4e\ud83d\udc4e\ud83d\udc4e\ud83d\udc4e\ud83d\udc4e\ud83d\udc4e\ud83d\udc4e\ud83d\udc4e\ud83d\udc4e\ud83d\udc4e\ud83d\udc4e\ud83d\udc4e\ud83d\udc4e\ud83d\udc4e\ud83d\udc4e\ud83d\udc4e\ud83d\udc4e\ud83d\udc4e\ud83d\udc4e\ud83d\udc4e\ud83d\udc4e\ud83d\udc4e\ud83d\udc4e\ud83d\udc4e\ud83d\udc4e\ud83d\udc4e\ud83d\udc4e\ud83d\udc4e\ud83d\udc4e\ud83d\udc4e\ud83d\udc4e\ud83d\udc4d\ud83d\udc4d", "user": "GarrettKing9", "id": 398182964581789696}, {"text": "How could I have missed the  new How I Met Your Mother Episode last night???!?!? WHYYY \ud83d\ude2d\ud83d\udd2b", "user": "_karinamanda", "id": 398173729747791872}, {"text": "Watched How I Met Your Mother in religion #onlyatBaylor", "user": "rachaellynne13", "id": 398154704456122368}, {"text": "What me &amp; my best friend talk about before bed ahaha. Just like How I Met Your Mother we have back up\u2026 http://t.co/N68y2m1UxL", "user": "Lace_Face_09", "id": 398152578225405952}, {"text": "how I met your mother is a terrible show", "user": "azharbballer23", "id": 398138917842460672}, {"text": "How I Met Your mother does to me what Drake supposedly does to y'all", "user": "MalcolmXCrazy", "id": 398137945493762049}, {"text": "@melissannavarro how I met your mother. You're welcome.", "user": "nathanception", "id": 397976145117077504}, {"text": "Started How I Met Your Mother on Netflix\ud83d\udc4d", "user": "JDav55", "id": 397962050472656896}, {"text": "Seriously this is like my 10th time starting over \"how I met your mother\"\ud83d\ude33", "user": "mnayeli27", "id": 397950258199539713}, {"text": "@kaches_futbol19 * how I met your mother", "user": "mayracarmona38", "id": 397949847103631360}, {"text": "How i met your mother", "user": "Ry_Ry_1995", "id": 397940226133213184}, {"text": "@Corolln_de3p Dexter, Arrested Development, Weeds, Breaking Bad, How I Met Your Mother", "user": "carlosriost", "id": 397902653985783809}, {"text": "@emilycollins101 greys weeds lost gossip girl 90210 how I met your mother new girl \ud83d\ude0d", "user": "ayeshapatel3", "id": 397898011608481793}, {"text": "\u201c@itsHIMYMquotes: Never trust someone who has never seen How I Met Your Mother.\u201d", "user": "CubanBullet", "id": 397880923100033024}, {"text": "@andidedja1 seen office and how I met your mother. Is game of thrones on Netflix?", "user": "Kamille_Jones", "id": 397875234591621120}, {"text": "RT @Landan_Kuhlmann: \u201cNever trust someone who has never seen How I Met Your Mother.\u201d @stephchapa03 @josh_mitchelll @Thomasdoesdrums @laural\u2026", "user": "stephchapa03", "id": 397861244947820544}, {"text": "\u201cNever trust someone who has never seen How I Met Your Mother.\u201d @stephchapa03 @josh_mitchelll @Thomasdoesdrums @lauralizgarciax", "user": "Landan_Kuhlmann", "id": 397861201579094016}, {"text": "The how I met your mother episode on rn \ud83d\ude02", "user": "Hector_AYE", "id": 397860234724532224}, {"text": "Fun! They\u2019re so good at these kind of things. RT @BuzzFeed: An upcoming episode of HIMYM will be entirely in rhyme http://t.co/WzGb7wJ69X", "user": "dianaaamarie", "id": 397853519006285824}, {"text": "How I met your mother never gets old. In other news I have two tests this week!", "user": "DanielStanbery", "id": 397842143747665920}, {"text": "I get my life lessons from how I met your mother #faveshow \ud83d\udc4d", "user": "amandagee93", "id": 397829575960322048}, {"text": "@markrod28 I really wanted it to be How I MET Your Mother... As in, they meet. Fade to black. The End. I don't want to know much about her.", "user": "ashmorg", "id": 397829216139350016}, {"text": "Tell me why that episode of how I met your mother that aired yesterday made me cry.. \ud83d\ude1e\ud83d\ude22", "user": "Said7Jaimes", "id": 397828705352835072}, {"text": "RT @caseycg315: how i met your mother is the best show in the world idk what im gonna do without it when it ends like die or something prob\u2026", "user": "foc_you", "id": 397802584641396736}, {"text": "how i met your mother is the best show in the world idk what im gonna do without it when it ends like die or something probably", "user": "caseycg315", "id": 397802479653371904}, {"text": "So, How I Met Your Mother is still a thing huh?", "user": "michellemydear", "id": 397799922700779520}, {"text": "I hate this show!!! MT @TheAVClub: How I Met Your Mother to do episode entirely in rhyme to waste fans' precious time http://t.co/tviqxStTsx", "user": "gdinges", "id": 397792432169160704}, {"text": "Of course they will! #creativegenius: \"'How I Met Your Mother' Will Do An Entire Episode In Rhyme\" http://t.co/ryRC2eNebi", "user": "CamSchieldt", "id": 397782315666915328}, {"text": "How i met your mother's on!!! \ud83d\ude0d", "user": "highandfit", "id": 397781244161044481}, {"text": "My write-up of last night\u2019s runny \u201cHow I Met Your Mother\u201d for @PreviouslyTV. More over than easy? Eggsactly. http://t.co/BmKaR9vFBz #HIMYM", "user": "omarg", "id": 397776647878754304}, {"text": "RT @BboyASAP: How I Met Your Mother is getting so good!", "user": "ashlinapepina", "id": 397772216860815360}, {"text": "\u201c@BuzzFeed: An upcoming episode of HIMYM will be entirely in rhyme http://t.co/MiAXh7IGCt\u201d @KasiCraver @MarshallGH13", "user": "MsDanielleCulp", "id": 397767349299736576}, {"text": "How I Met Your Mother is getting so good!", "user": "BboyASAP", "id": 397765892353687552}, {"text": "How I Met Your Mother Video - Lighthouse Proposal - http://t.co/Jj0ibQYSef http://t.co/FxgiDeutKB", "user": "Telytubisavalas", "id": 397747182033334273}, {"text": "I just want to stay home and watch how I met your mother all day I'll never be bored.", "user": "mayracarmona38", "id": 397728041411313665}, {"text": "RT @_MatthewWyatt: Holy shit! Watching How I met your Mother, and just realized it had a American Pie Reference. Lily mentions Nadia. S8E6\n\u2026", "user": "KyleIsAFarmer", "id": 397694677417091072}, {"text": "Holy shit! Watching How I met your Mother, and just realized it had a American Pie Reference. Lily mentions Nadia. S8E6\n@ActuallyNPH", "user": "_MatthewWyatt", "id": 397655475493154816}, {"text": "Omg I love how I met your mother! Today's episode was great revealed a lot", "user": "itsloooop", "id": 397644359819988992}, {"text": "@ChildPlease_7 there are so many badass shows on TV like the league and dexter and how i met your mother the list goes on and on", "user": "brianrudnick4", "id": 397641736245096448}, {"text": "RT @omarg: This might drive me right over the damn edge: http://t.co/R21eEgIU2z #HIMYM", "user": "aliarikan", "id": 397622686635282432}, {"text": "RT @omarg: This might drive me right over the damn edge: http://t.co/R21eEgIU2z #HIMYM", "user": "adam807", "id": 397620079719763968}, {"text": "This might drive me right over the damn edge: http://t.co/R21eEgIU2z #HIMYM", "user": "omarg", "id": 397614801347551232}, {"text": "El final de how i met your mother  D8", "user": "ampiroquai", "id": 397601640905064448}, {"text": "RT @ashmorg: This is a great love letter to #HIMYM... until it's not. I'm ignoring the second half out of loyalty. http://t.co/AtMJsHXgM6", "user": "joshweir1989", "id": 397600242901999616}, {"text": "This is a great love letter to #HIMYM... until it's not. I'm ignoring the second half out of loyalty. http://t.co/AtMJsHXgM6", "user": "ashmorg", "id": 397598341543890944}, {"text": "RT @urbuddyliltutty: Gotta catch up on this How I Met Your Mother #priorities", "user": "007SmoothBond", "id": 397595579980578816}, {"text": "Gotta catch up on this How I Met Your Mother #priorities", "user": "urbuddyliltutty", "id": 397595435830747136}, {"text": "How I met your mother on Netflix. Not sleeping", "user": "alyssasaldivar", "id": 397590953289973761}, {"text": "So now I'm going to watch how I met your mother then a few episodes of fullmetal alchemist because I can", "user": "Michelle9209", "id": 397580704180994049}, {"text": "My new episode of How I Met Your Mother recorded. Bout to get it in.", "user": "Eazy_DoesIt", "id": 397571602495180801}, {"text": "RT @MarkyMark2911: Man I love How I Met Your Mother.", "user": "Orsak3", "id": 397566448283176960}, {"text": "RT @MarkyMark2911: Man I love How I Met Your Mother.", "user": "AustinAelvoet", "id": 397565715680477184}, {"text": "RT @MarkyMark2911: Man I love How I Met Your Mother.", "user": "ajgarcia18", "id": 397564024746823680}, {"text": "Man I love How I Met Your Mother.", "user": "MarkyMark2911", "id": 397563923601190913}, {"text": "best half hour of the week, new how I met your mother!!", "user": "raiz_hirani", "id": 397563559359434752}, {"text": "RT @chelsealately_2: If you don't watch How I Met Your Mother then you should really consider reevaluating your life.", "user": "amberrjoyy", "id": 397560078867234816}, {"text": "If you don't watch How I Met Your Mother then you should really consider reevaluating your life.", "user": "chelsealately_2", "id": 397554666294104066}, {"text": "RT @itsHIMYMquotes: Never trust someone who has never seen How I Met Your Mother.", "user": "MarkyMark2911", "id": 397539448948154368}, {"text": "Juano likes How I Met Your Mother, and I always think about how me and tabby decided Juanie and I would be the prom-otp bc we both like it.", "user": "whichelizabeth", "id": 397538403597570048}, {"text": "RT @jasonremmert: \u201c@itsHIMYMquotes: Never trust someone who has never seen How I Met Your Mother.\u201d @BrianneWilburn", "user": "JSto19", "id": 397537242354184192}, {"text": "The worst part of my week is when How I Met Your Mother ends and Two Broke Girls begins. #howisthatstillashow", "user": "jontgreen", "id": 397537073306935296}, {"text": "Damn you How I Met Your Mother and your onion cutting ninjas", "user": "BeardedAmbition", "id": 397536916439957504}, {"text": "Bryan Cranston on How I Met Your Mother next week!!?!!!!!! \ud83d\ude03\ud83d\ude03\ud83d\ude0d\ud83d\ude2d perfect \ud83d\ude04 #BreakingTed", "user": "karlah7", "id": 397536463099023360}, {"text": "The scenes with The Mother are some of the few things that are saving this season of How I Met Your Mother from being kinda terrible. #HIMYM", "user": "DevinTHudson", "id": 397536139281588224}, {"text": "\u201c@itsHIMYMquotes: Never trust someone who has never seen How I Met Your Mother.\u201d @BrianneWilburn", "user": "jasonremmert", "id": 397536033853562880}, {"text": "Screaming and crying during how I met your mother. Typical Monday\ud83d\udc81", "user": "Robbyn_Smith", "id": 397535516691677184}, {"text": "OMG HOW I MET YOUR MOTHER FINALLLY RELIEVED THE MOM.", "user": "averyrenae8", "id": 397535397518921729}, {"text": "I hate when How I Met Your Mother makes me cry", "user": "meowdia", "id": 397535079720693760}, {"text": "How am I just now getting into How I Met Your Mother?", "user": "BobbyLyte55", "id": 397534357990014976}, {"text": "What am I gonna do when How I Met Your Mother is over?", "user": "mylifeishire", "id": 397532703303561216}, {"text": "\u201c@itsHIMYMquotes: Never trust someone who has never seen How I Met Your Mother.\u201d \ud83d\udc4f", "user": "_isaaabelh", "id": 397528556315500544}, {"text": "In a perfect world, I would sit around watching How I Met Your Mother and eating bacon all day with @rayrowell. Bliss.", "user": "tiffanycowart", "id": 397527743891398657}, {"text": "Life Lessons from How I Met Your Mother... - http://t.co/8zvgXuEtOc", "user": "chelsey_oden", "id": 397520112598929408}, {"text": "*drum roll* it's time to watch How I Met Your Mother !!!!!!!", "user": "BakriSouad", "id": 397514372567678977}, {"text": "Downloaded the episodes I haven't watched of once upon a time, how i met your mother, and vampire diaries. perf", "user": "vicktoriuh", "id": 397507946835214336}, {"text": "RT @Mally_Marsh: I fw how I met your mother", "user": "Yo_SoyTomas", "id": 397492488518111232}, {"text": "I fw how I met your mother", "user": "Mally_Marsh", "id": 397492256040435712}, {"text": "Should I go clean my room and study for my English test or watching 10 more episodes of how I met your mother?", "user": "_roreo_", "id": 397455841512546304}, {"text": "I'm almost done with how I met your mother. \ud83d\ude48", "user": "monty_morgan", "id": 397420813810294784}, {"text": "*how I met your mother RT\u201c@RelMatic: Then we can study together, watch basketball together &amp; watch The Big Bang Theory together.\u201d", "user": "MalcolmXCrazy", "id": 397265862236725248}, {"text": "And I just realize that this lady is the lady from How I Met Your Mother #dontjudgeme", "user": "Jazz716", "id": 397242722064404481}, {"text": "That painful moment when you realize that you're more like Ted Mosby than Marshall Eriksen from How I Met Your Mother.", "user": "T_RoyJenkins", "id": 397241666832060417}, {"text": "RT @CatEdison: Enter to Win HOW I MET YOUR MOTHER Season 8 on DVD! - Screen Invasion http://t.co/sVryUx7Mtg via @ScreenInvasion", "user": "ScreenInvasion", "id": 397191662964703232}, {"text": "Enter to Win HOW I MET YOUR MOTHER Season 8 on DVD! - Screen Invasion http://t.co/sVryUx7Mtg via @ScreenInvasion", "user": "CatEdison", "id": 397189773724368897}, {"text": "\"How i met your mother\" i swear is like my favorite show", "user": "Marcos_texas19", "id": 397140649691971584}, {"text": "The usual Sunday How I Met Your Mother marathon. Preparing myself for a full week!! \ud83d\ude33\ud83d\ude01", "user": "EGBmusic", "id": 397138290010120192}, {"text": "RT @CumberlandAndy: How I Met Your Mother makes me lol", "user": "sabrina_hunt13", "id": 397060638133866496}, {"text": "RT @CumberlandAndy: How I Met Your Mother makes me lol", "user": "CumberlandAnna", "id": 397060280079089664}, {"text": "RT @CumberlandAndy: How I Met Your Mother makes me lol", "user": "TCscott_", "id": 397060000470016000}, {"text": "How I Met Your Mother makes me lol", "user": "CumberlandAndy", "id": 397059845977018368}, {"text": "How I Met Your Mother is a 9-season long love story full of both perfect relationships AND disappointments.", "user": "bairdmeredith", "id": 397057395597135872}, {"text": "I can watch How I Met your Mother all day", "user": "thatlaurenishh", "id": 397049367967711232}, {"text": "Haha I love How I Met Your Mother\u2764\ufe0f", "user": "holly_dkath", "id": 396935813688090625}]