[{"text": "@melguzz you would watch something called masters of sex. http://t.co/eocCnF9jBI", "user": "Carofffine", "id": 399584462939648000}, {"text": "Longing for the good old days? Watch Showtime's \"Masters of Sex.\"    \n\nYou'll get over it. \n\n#delusion", "user": "UFOGnostic", "id": 399291378745606144}, {"text": "Masters of sex is honestly a badass show", "user": "tsupremeg", "id": 399083024442462208}, {"text": "@KARLA72578 have you been watching masters of sex on Showtime", "user": "De_Rex86", "id": 399024127639441408}, {"text": "\"Ugh, women are so stupid. I hate them. Us, I mean. I hate us.\" http://t.co/wFGbtiOKbX #MastersOfSex #Recap", "user": "jacobtwop", "id": 398263512733986816}, {"text": "Showtime's \"Masters of Sex\" was made for drama freaks like me, not degenerates like you. It's devastating. Sheen &amp; Kaplan are stellar. \u2606\u2606\u2606\u2606\u2606", "user": "UFOGnostic", "id": 397919110165590017}, {"text": "yo Masters of Sex is the freaking best. Y'all should be watching.", "user": "theKirstenB", "id": 397582413838024704}, {"text": "Masters of Sex.  New favorite show", "user": "eli_richardson", "id": 397510231577481216}, {"text": "I'm watching Masters of Sex (244 others are watching) http://t.co/9oBoXsuSyN #GetGlue @sho_masters", "user": "Rhettoric_1", "id": 397431994873028609}, {"text": "@iAMcbreeze she pregnant with Brodys kid. WTF! Masters of sex is off the chain too! (2/2)", "user": "mandymmitchell", "id": 397245804894646273}, {"text": "Oh god Alan Ruck is on Masters of Sex. Now I'm having Bunheads flashbacks *crying*.", "user": "DuskySprngfield", "id": 397234636922699776}, {"text": "Esther Randolph is on Masters of Sex. It's basically as if Margaret's Sex Ed storyline on Boardwalk Empire was its own show. #BEMoScrossover", "user": "DuskySprngfield", "id": 397231504129921024}, {"text": "Masters of sex!  #Favshow", "user": "rebeccatravis14", "id": 397226839417970688}, {"text": "My dad just pointed out that Peyton Place was in Deluxe Color not Technicolor. During Masters of Sex. MY FAMILY!", "user": "sapphy_hime", "id": 397222717855776768}, {"text": "Masters of sex extremely steamy tonight. .", "user": "ASAPRENOVATIONS", "id": 397208310828380160}, {"text": "#NW Masters of Sex #Showtime", "user": "BlondiiDr3ad", "id": 397202090160050176}, {"text": "The Masters of Sex intro is just one giant innuendo, I love it. @SHO_Masters  http://t.co/W3vFhaixBB", "user": "AlXavierLimas", "id": 397197539369181184}, {"text": "Adult time Masters of sex is on showtime", "user": "ToyWin", "id": 397197174397628416}, {"text": "Masters of Sex is really good! I\u2019ll be sad when I stop getting Showtime for free :(", "user": "dianakaste", "id": 397175607823302656}, {"text": "I'm watching Masters of Sex (860 others are watching) http://t.co/9oBoXsuSyN #GetGlue @sho_masters", "user": "Rhettoric_1", "id": 397170239584366592}, {"text": "Just made the horrible mistake of trying to do a search for images of the show Masters of Sex....not a good idea....bad, bad idea....", "user": "ayetortuga", "id": 397140565608787969}, {"text": "Wow... watch a show to catch a little skin and get swept up in a masterpiece. Michael Sheen in Masters of Sex is extra phenomenal.", "user": "PointyBoots", "id": 396851398752473088}]