[{"text": "I think I'm gonna start watching once upon a time in wonderland", "user": "JackieBriseno", "id": 399438948952326144}, {"text": "Photo: I just unlocked the Once Upon a Time in Wonderland: The Serpent sticker on GetGlue 9635 others have... http://t.co/JAn3y3JEhA", "user": "MafiosoTees", "id": 398656734321205248}, {"text": "Once Upon a Time in Wonderland - The Serpent http://t.co/kIoycyg8eM", "user": "AshleyEpidemic", "id": 398631565682814976}, {"text": "Once upon a time in wonderland!! \ud83d\ude0d\ud83d\ude0d", "user": "OhHaiItsTiffany", "id": 398615985055215616}, {"text": "I'm watching Once Upon a Time in Wonderland (291 others are watching) http://t.co/kR6SqYgS9G #GetGlue @WonderlandOUAT", "user": "Rhettoric_1", "id": 398601444125052928}, {"text": "RT @luchimayne: dang, make me want to watch it RT @PorqueDashea: Once Upon a Time in Wonderland ties in to the regular Once Upon of Time so\u2026", "user": "xdiino", "id": 397461598073143296}, {"text": "dang, make me want to watch it RT @PorqueDashea: Once Upon a Time in Wonderland ties in to the regular Once Upon of Time so hard! I LOVE IT", "user": "luchimayne", "id": 397461339959857153}, {"text": "@inevergrewup and I'm not sitting at home watching Once Upon a Time in Wonderland enjoying the silence of my home :)", "user": "prairiemama", "id": 397102355654524928}]