[{"text": "I've watched \"The Perfect Mark\" (S3 E7) of Person of Interest (via @tvshowtracker)", "user": "wanderlustlover", "id": 399606272489562112}, {"text": "I've watched \"Mors Praematura\" (S3 E6) of Person of Interest (via @tvshowtracker)", "user": "wanderlustlover", "id": 399606271348731904}, {"text": "@BethCarmah is it of a mutual person of interest in Mr.Jonas Quinn?", "user": "SydChicky2013", "id": 399412207949082624}, {"text": "I'm #Viggling \"Person of Interest\". TV loves you back with #ViggleTV!\n\n #PersonofInterest #viggle", "user": "dalegattis", "id": 399372431346786304}, {"text": "@DarthMordor now watch Arrow or Person of interest", "user": "FahadAlJufairi", "id": 399318531793108992}, {"text": "-justice/person-of-interest-arrested-in-barbershop-slayings#tscptmt Detroit doing what they do best killing", "user": "ronaldrosales4", "id": 398949406377930752}, {"text": "Ya know, \u201cPerson of Interest\u201d is a great show. I just didn\u2019t realize it was a documentary. #NSA", "user": "jaustinhughey", "id": 398354001697058816}, {"text": "Person of Interest delivers a caper, with a side of serious OMG http://t.co/CYSw1gmTXy", "user": "technospunky", "id": 398308669449711616}, {"text": "God damn person of interest is so freakin amazing", "user": "IshanB22", "id": 398233805489586176}, {"text": "I'm watching Person of Interest (304 others are watching) http://t.co/eyZGxJ4xOI #GetGlue @PersonInterest", "user": "Rhettoric_1", "id": 397920872604135424}, {"text": "I'm watching Person of Interest (290 others are watching) http://t.co/eyZGxJ4xOI #GetGlue @PersonInterest", "user": "Rhettoric_1", "id": 397920659520901121}, {"text": "And later to watch my dude. . . the guy in the suit on Person of Interest!!!", "user": "celiatking", "id": 397890639032901633}, {"text": "RT @TavarezNathan: I can be a friend, a person of interest, yours. Just never give up on me and always believe that i can give you my all.", "user": "xosaraa_", "id": 397513558046429184}, {"text": "I can be a friend, a person of interest, yours. Just never give up on me and always believe that i can give you my all.", "user": "TavarezNathan", "id": 397252435569152000}]