[{"text": "RT @ethelnation: I need to catch up on ravenswood", "user": "UnrealParadisee", "id": 399390873978281985}, {"text": "I need to catch up on ravenswood", "user": "ethelnation", "id": 399388095147036672}, {"text": "Ravenswood is the creepiest show ever", "user": "LillianGaribay", "id": 399369172976562177}, {"text": "Ravenswood is freaky show", "user": "M_0niiiiiiii", "id": 399333005920972801}, {"text": "Ravenswood is really good tbh", "user": "floraldede", "id": 399320549400137728}, {"text": "I need a distraction so I'll stop thinking about #Ravenswood and be able to sleep! #scared \ud83d\ude33", "user": "PrincesssKimmm", "id": 399074714024284160}, {"text": "What the hell?! Why did I decide to watch #Ravenswood right now?! This show is scary af, there is no way I'm sleeping tonight \ud83d\ude33\ud83d\ude31\ud83d\ude48\ud83d\ude45", "user": "PrincesssKimmm", "id": 399069478060691456}, {"text": "Ravenswood is way too creepy with that grudge looking girl!", "user": "AriWritesLove", "id": 399035522657423360}, {"text": "How we watch Ravenswood http://t.co/XujaiK5zhj", "user": "taylor_rafferty", "id": 398982997115809792}, {"text": "IT WAS A MISTAKE WATCHING RAVENSWOOD", "user": "vaynessa13", "id": 398896327850868736}, {"text": "\ud83d\udc7b\ud83d\udc7b\ud83d\udc7b picturing the scary ghost girl from ravenswood", "user": "christakalliopi", "id": 398816085614407680}, {"text": "Ravenswood is SCARY!'", "user": "randeesights", "id": 398677941900419072}, {"text": "Ravenswood keeps giving me surprises... Like what..", "user": "AlinnaAli", "id": 398667593453936640}, {"text": "@princesslevinee lol omg. im so doneeee . aha . naah i do pll &amp; ravenswood.", "user": "justcallmeruby_", "id": 398630757402288128}, {"text": "Thanks! MT @HannahluvsTV: @jacobtwop 's #Ravenswood recaps r the best thing on the internet since his TB/gossipgirl recaps...", "user": "jacobtwop", "id": 398550133270249472}, {"text": "I am full obsessed with ravenswood. It's an amazing show. Just like pretty little liars. \u263a\ufe0f #Ravenswood", "user": "shaibailey12", "id": 398545250236387328}, {"text": "Ravenswood is pretty good show.", "user": "kare_keri", "id": 398503820147183616}, {"text": "Photo: I just unlocked the Ravenswood sticker on GetGlue 59272 others have also unlocked the Ravenswood... http://t.co/ovaSI6TlR3", "user": "jlp6869rocks", "id": 398403573069119488}, {"text": "Just got this #PLL sticker. Check out my 161 other stickers on #GetGlue http://t.co/tdV88PjCwo", "user": "jlp6869rocks", "id": 398403569378160640}, {"text": "Watched the first two this weekend now starting episode 3 http://t.co/OWdbexCCWk #GetGlue @RavenswoodABCF", "user": "jlp6869rocks", "id": 398403550688317440}, {"text": "RT @KatherineB13: Watching @katieelainecook watch Ravenswood is probably the funniest thing ever. #SheScared", "user": "katieelainecook", "id": 398323209361031168}, {"text": "Watching @katieelainecook watch Ravenswood is probably the funniest thing ever. #SheScared", "user": "KatherineB13", "id": 398322863985262592}, {"text": "I just got finished watching Ravenswood on @ABCFamily on demand. It scared the life out of me.", "user": "ForeverMusic_15", "id": 398278514673057792}, {"text": "\u201c@SammyyKingg: RAVENSWOOD IS SO FUCKING SCARY I CANT DEAL WITH IT\u201d OMG I know it gives me nightmares.", "user": "shan_WOW_", "id": 398262062763474944}, {"text": "@queenkandis yeah I'm feeling that way about #ravenswood but I really wanted to like it Caleb needs to go back to Rosewood", "user": "mel0613", "id": 398247174649024512}, {"text": "Watching ravenswood again :o cant get enough", "user": "itsevyy", "id": 398229691149991936}, {"text": "Like literally, that part in Ravenswood where that burnt person popped up made me pee a little", "user": "sarahvicpham", "id": 398220462313832448}, {"text": "RAVENSWOOD IS SO CREEPY OMG", "user": "RylieMichael", "id": 398205878509113344}, {"text": "I'm excited for AHS and Ravenswood(:", "user": "NoelVirginia", "id": 398201990238330880}, {"text": "I don't like Ravenswood...", "user": "DrewCarterHart", "id": 398172948294422528}, {"text": "I actually think the creepy Uncle from Ravenswood is attractive... #IsThatWeird", "user": "katiemariee19", "id": 398169486269755392}, {"text": "I hate watching ravenswood by myself I get so scared lol", "user": "GreciaB369", "id": 398153689942466560}, {"text": "In the meantime, watching #Ravenswood", "user": "ash_catchemm91", "id": 398123402172448768}, {"text": "ravenswood scares the shit out of me", "user": "hitopslarry", "id": 398118080456294400}, {"text": "RT @queenkandis: No, seriously. I need to know how common it is for cemeteries in Pennsylvania to be full of mausoleums, NOLA style. #Raven\u2026", "user": "z_o_e_e_e", "id": 398115472904032256}, {"text": "Sorry, #Ravenswood, I give up. It's not me, it's you.", "user": "queenkandis", "id": 398108807424786432}, {"text": "No, seriously. I need to know how common it is for cemeteries in Pennsylvania to be full of mausoleums, NOLA style. #Ravenswood", "user": "queenkandis", "id": 398107525817438208}, {"text": "#Ravenswood genuinely scares me. :(", "user": "marileebrinson", "id": 398076238230601728}, {"text": "IM CLOSE TO CRYING RAVENSWOOD IS SO SCARY LIKE NO JOKE I HAVE HEART FAILURES EACH TIME I WATCH AN EPISODE", "user": "RaniaaJonas", "id": 398055979360604160}, {"text": "NEW JA'MIE AND RAVENSWOOD FOR TONIGHT HYFRRRRR", "user": "ItsEvelynCee", "id": 398020544273985536}, {"text": "Ravenswood is so weird but I love it of course", "user": "theonlyjaner", "id": 397999790459326464}, {"text": "I'm sorry .. but #Ravenswood almost scared the liquid out of me. But like PLL, the mystery.. (&amp; Caleb) keep me watching @RavenswoodABCF", "user": "HermioneDuh", "id": 397990583307739136}, {"text": "Ravenswood is too creepy for comfort \ud83d\ude33\ud83d\ude33", "user": "kristenpaige15", "id": 397981315410042880}, {"text": "#Ravenswood confuses and scares the crap out of me", "user": "bryana_anice", "id": 397979861391654912}, {"text": "#Ravenswood is crazy ! \ud83d\ude33", "user": "AskYourMom_69", "id": 397971337433448448}, {"text": "Caleb I'm dead. #Ravenswood #GetGlue http://t.co/3hVJMEwzFy", "user": "cap1corn9", "id": 397967305596223488}, {"text": "Sooo tired. But not going to sleep yet 'cause I still haven't seen the new episode of Ravenswood. :-(", "user": "HeyItsRaul", "id": 397962578606829568}, {"text": "Instead of working on my two projects due at the end of the month, I watched Ravenswood, New Girl, Face Off, Naked Vegas, Mom &amp; Awkward...", "user": "emilydawnharris", "id": 397958030777532417}, {"text": "And now I'm trying to watch Ravenswood. #socreepy", "user": "Kari_LeeAnn", "id": 397943804562403328}, {"text": "RT @LaDaysha_J: Watching Ravenswood...alone...in the dark...it is the creepiest show ever but it's so good!", "user": "Payton_Haylie", "id": 397942243417268224}, {"text": "Watching Ravenswood...alone...in the dark...it is the creepiest show ever but it's so good!", "user": "LaDaysha_J", "id": 397941638489583616}, {"text": "Aw I forgot to watch ravenswood \ud83d\ude1e", "user": "gemaElisa", "id": 397940130318532608}, {"text": "Photo: I just unlocked the Ravenswood: Believe sticker on GetGlue 7743 others have also unlocked the... http://t.co/dA8nzpATf2", "user": "HermioneDuh", "id": 397938683602804736}, {"text": "Just got this limited #Ravenswood sticker. Get yours now #GetGlue http://t.co/0fV3Fm8exa #Ravenswood", "user": "HermioneDuh", "id": 397938678687088640}, {"text": "watching the encore at midnight CT #Ravenswood #GetGlue http://t.co/PhSwtLwOM0", "user": "HermioneDuh", "id": 397938678011793408}, {"text": "Ravenswood is freaking me out.", "user": "WhiskeyBaby94", "id": 397937795466948608}, {"text": "Just got this limited #Ravenswood sticker. Get yours now #GetGlue http://t.co/H56htyyWZa #Ravenswood", "user": "Anna6202", "id": 397936727865966592}, {"text": "Even though it's geared toward YA.  I like it #Ravenswood #GetGlue http://t.co/chsIg4e7Yj", "user": "Anna6202", "id": 397936726855139328}, {"text": "RT @Victoriaaa_R: Am I the only one who finds Ravenswood scary?", "user": "elida_camacho03", "id": 397936468574085120}, {"text": "RT @Victoriaaa_R: Am I the only one who finds Ravenswood scary?", "user": "_Nit10", "id": 397935226497671169}, {"text": "RT @Victoriaaa_R: Am I the only one who finds Ravenswood scary?", "user": "AnnieBanannie_3", "id": 397935100383334400}, {"text": "Am I the only one who finds Ravenswood scary?", "user": "Victoriaaa_R", "id": 397933201299353600}, {"text": "Ravenswood makes me want to throw up because I'm so scared.", "user": "madisongoolsby", "id": 397931551532396544}, {"text": "This show is really good, but pissing me off really bad #Ravenswood", "user": "delcarmen_jose", "id": 397931397496598528}, {"text": "Just got this limited #Ravenswood sticker. Get yours now #GetGlue http://t.co/ZQhJEFc9v8 #Ravenswood", "user": "xAngelWing312x", "id": 397930292620845056}, {"text": "Recorded...ready to watch...(: #Ravenswood #GetGlue http://t.co/OMEA2qlaXK", "user": "xAngelWing312x", "id": 397930291815522305}, {"text": "@CandyTreees PLL is suspenseful, &amp; Ravenswood is like that, but with a spookier edge.", "user": "TheDiaryOfErica", "id": 397929560991227905}, {"text": "Does anyone know when ravenswood starts and what channel in AUSTRALIA? thanks in advance #ravenswood @RavenswoodABCF @ravenswood", "user": "123lmj", "id": 397928204532346881}, {"text": "Just got this limited #Ravenswood sticker. Get yours now #GetGlue http://t.co/SVmKODO7nN #Ravenswood", "user": "LovelyMsJessica", "id": 397925128493092865}, {"text": "Lots of conversation about #Ravenswood on #GetGlue http://t.co/GsllP99dUm", "user": "vadeluna07", "id": 397924641442103296}, {"text": "@imarleneking \nIf I missed as much school as Caleb does in #PLL and now #Ravenswood I would still be a freshman in HighSchool haha", "user": "tr_YOUNGVIC", "id": 397919464093519872}, {"text": "Just got this limited #Ravenswood sticker. Get yours now #GetGlue http://t.co/GZBQLc1i2N #Ravenswood", "user": "GadiBear", "id": 397918451043667969}, {"text": "New episode! #Ravenswood #GetGlue http://t.co/QqnlNr5wbg", "user": "GadiBear", "id": 397918450653622273}, {"text": "Seriously, Ravenswood is scary! #addicted", "user": "Megan_Lary", "id": 397917330077806592}, {"text": "OMG I just don't know if I can keep watching #ravenswood", "user": "mel0613", "id": 397917267628806144}, {"text": "I'm so happy everyone can see Miranda now @HeyItsNicoleA :) #myheart #aww #ravenswood", "user": "withloveedom", "id": 397915104823345152}, {"text": "I am too scared to even watch the last two episodes of #Ravenswood I'll wait til daylight. \ud83d\ude31\ud83d\udc40 #scaredycat", "user": "simplycara21", "id": 397914025704452096}, {"text": "ravenswood is such a weird show but it is so good", "user": "leamichelexo", "id": 397913465546756097}, {"text": "Ravenswood is gonna make me have nightmares", "user": "shan_WOW_", "id": 397913406554247168}, {"text": "Just got today's #Ravenswood sticker. Get yours in the next 3h:37m. #GetGlue http://t.co/f4i4bbfSiu #Ravenswood", "user": "Ness0226", "id": 397911821656801281}, {"text": "RT @aenredd: Ravenswood is freaky \ud83d\ude28", "user": "idkitsabird", "id": 397911741004124160}, {"text": "#Ravenswood is as close to paranormal activity that I will watch!! #creepy", "user": "ShelbyGassiott", "id": 397910451326951424}, {"text": "RT @aenredd: Ravenswood is freaky \ud83d\ude28", "user": "RileyyLynn", "id": 397907927404527616}, {"text": "I don't know what's better... Ravenswood or Pretty Little Liars?!\ud83d\ude0d", "user": "MeganRose9081", "id": 397907266436743169}, {"text": "17 again right after ravenswood . Good looking out abc", "user": "Jaeee_727", "id": 397906651644047360}, {"text": "I didn't watch Ravenswood this week bc scary..", "user": "narrysangelface", "id": 397906595012571136}, {"text": "Ravenswood is freaky \ud83d\ude28", "user": "aenredd", "id": 397906588108738560}, {"text": "FUCK THAT IM NOT WAITING UNTIL NEXT TUESDAY I NEED TO SEE RAVENSWOOD NOW", "user": "AlondraCastlllo", "id": 397906504059076608}, {"text": "@RavenswoodABCF can't wait till next week!  #speechless #Ravenswood", "user": "pateesha_ann", "id": 397906434374905856}, {"text": "RT @Jaeee_727: Ravenswood . *turns on all the lights in the house * #ravenswoodchat", "user": "emilylyyy", "id": 397905942626709504}, {"text": "#Ravenswood is a little scary tonight.", "user": "TheDiaryOfErica", "id": 397905436902293504}, {"text": "ravenswood. better known as the show that will not have you sleeping for days.", "user": "katiemb2", "id": 397905412357636097}, {"text": "I hate watching Ravenswood by myself. It's way to creepy. \ud83d\ude48", "user": "ChanRichardson_", "id": 397905268501012480}, {"text": "Ravenswood . *turns on all the lights in the house * #ravenswoodchat", "user": "Jaeee_727", "id": 397905163119124480}, {"text": "oMFG RAVENSWOOD IS SOOO GOOD FUCK", "user": "AlondraCastlllo", "id": 397904843831902208}, {"text": "Ravenswood is amazingly good! I'm hooked #Ravenswood", "user": "cheyaroo", "id": 397904729902448640}, {"text": "Ravenswood scares the shit out of me \ud83d\ude33", "user": "Baaannnnn", "id": 397904411852566528}, {"text": "RT @dahnahh: Ravenswood stays giving me the creeps", "user": "BodylikePerrie", "id": 397904358714912768}, {"text": "Hey dad would to mind shutting up I'm trying to watch Ravenswood", "user": "shan_WOW_", "id": 397903487633489923}, {"text": "Ravenswood stays giving me the creeps", "user": "dahnahh", "id": 397903429244186624}, {"text": "ravenswood is creepy as fuckkkk", "user": "KonysAsshole", "id": 397903229943414784}, {"text": "RT @freakahhlikaa: Ravenswood \ud83d\ude0d", "user": "Cameron_Bonds", "id": 397902442181840896}, {"text": "I forgot about ravenswood fuuuuuuuuck \ud83d\ude24\ud83d\ude24\ud83d\ude24", "user": "MrsStyles_babe", "id": 397902174115479552}, {"text": "@lyndseylu24 I was listening to the caked up remix while I was watching ravenswood so yes I was", "user": "kykymac1026", "id": 397901790571921408}, {"text": "why is #ravenswood so weird in such a good way", "user": "LetRant", "id": 397901768182738944}, {"text": "Ravenswood \ud83d\ude0d", "user": "freakahhlikaa", "id": 397901261451714561}, {"text": "THE DAY RAVENSWOOD MAKES ME PEE YALL CAN SAY I PREDICTED IT #Ravenswood @RavenswoodABCF", "user": "LetRant", "id": 397901039338545152}, {"text": "RT @cortland_hewitt: Excuse me while I go change my pants bc that just scared the shit out of me!!! #Ravenswood", "user": "1DJanoAriBieber", "id": 397900531727101952}, {"text": "RT @cortland_hewitt: Excuse me while I go change my pants bc that just scared the shit out of me!!! #Ravenswood", "user": "sammikns", "id": 397900384918052865}, {"text": "Excuse me while I go change my pants bc that just scared the shit out of me!!! #Ravenswood", "user": "cortland_hewitt", "id": 397900064619642880}, {"text": "RAVENSWOOD FREAKS ME THE FUCK OUT BUT MY MOM INSISTS ON WATCHING IT", "user": "elenachippie", "id": 397900040313663488}, {"text": "Just got this limited #Ravenswood sticker. Get yours now #GetGlue http://t.co/7K8QD8ZQHQ #Ravenswood", "user": "Fernando_JPerez", "id": 397899915470569472}, {"text": "Ravenswood and Bad Girls Club .", "user": "Danieeelleee__", "id": 397898839232757762}, {"text": "@AshBenzo @RavenswoodABCF @tylerjblackburn me!!!!! Love this show! It's so creepy yet so addicting to watch \u2764\ufe0f\u2764\ufe0f #Ravenswood", "user": "shan_WOW_", "id": 397898807960416257}, {"text": "I'm trying to watch Ravenswood can you be quiet.", "user": "shan_WOW_", "id": 397898541445955584}, {"text": "Okay I can't handle Ravenswood anymore #changing", "user": "RebeccaCasarez", "id": 397898313724211200}, {"text": "#Ravenswood is scaring me and I'm home alone \ud83d\ude33\ud83d\ude33\ud83d\ude33", "user": "IShineForYou", "id": 397898253645012992}, {"text": "RT @AshleyJ_7: I just got the craziest chills right now!!! #Ravenswood @imarleneking", "user": "AnnieBanannie_3", "id": 397897643176648705}, {"text": "Ravenswood has got me addicted.", "user": "KatlynBass23", "id": 397897305132519424}, {"text": "Ravenswood\ud83d\udc26\u2764\ufe0f\ud83d\udc80\ud83d\ude4c", "user": "mlalaniz14", "id": 397896946863464448}, {"text": "I just got the craziest chills right now!!! #Ravenswood @imarleneking", "user": "AshleyJ_7", "id": 397896493556039681}, {"text": "#Ravenswood", "user": "raygensmith", "id": 397896469979480064}, {"text": "RT @rae_carleigh: I was in such a hurry to watch ravenswood that I accidentally dropped all of my food from jack in the box on the ground. \u2026", "user": "chinaynay11", "id": 397895832441073664}, {"text": "#Ravenswood makes my Tuesdays so much better!!!! It's what I look forward to :)", "user": "Lizzmarie11", "id": 397895776602308609}, {"text": "Fan of #Ravenswood? Join me &amp; 3975 other fans now on #GetGlue http://t.co/9IsliBNkmg", "user": "Lalapureangel", "id": 397895117694337024}, {"text": "Caleb is the sweetest in the world #Ravenswood", "user": "lonelysoul_am", "id": 397894653380681728}, {"text": "I was in such a hurry to watch ravenswood that I accidentally dropped all of my food from jack in the box on the ground. FML", "user": "rae_carleigh", "id": 397894588771225600}, {"text": "RT @kristaaaleighh: yep. Caleb's gonna cheat on Hannah. #ravenswood", "user": "dhollaaa", "id": 397894537026486272}, {"text": "Watching Ravenswood, I'm starting to get attached.", "user": "shutuptaylor_", "id": 397894306997882880}, {"text": "RT @kristaaaleighh: yep. Caleb's gonna cheat on Hannah. #ravenswood", "user": "TiV0Gil0Bene", "id": 397894067683860480}, {"text": "I get #Ravenswood now \ud83d\ude0c", "user": "Sweetheart_luz", "id": 397893857485942784}, {"text": "RT @rae_carleigh: \u201c@ELurker: Ravenswood time!!\u201d Thank you for tweeting this because I almost forgot. \ud83d\ude4a\ud83d\ude02", "user": "ELurker", "id": 397893853732040705}, {"text": "#Ravenswood !", "user": "Danieeelleee__", "id": 397893784702550016}, {"text": "\u201c@ELurker: Ravenswood time!!\u201d Thank you for tweeting this because I almost forgot. \ud83d\ude4a\ud83d\ude02", "user": "rae_carleigh", "id": 397893784370806784}, {"text": "RT @kristaaaleighh: yep. Caleb's gonna cheat on Hannah. #ravenswood", "user": "MermaidLeez_", "id": 397893751152324608}, {"text": "RT @JenniferP_10: Currently tuned into #Ravenswood \ud83d\ude0d\ud83d\ude04", "user": "J_rodd15", "id": 397893498625470466}, {"text": "yep. Caleb's gonna cheat on Hannah. #ravenswood", "user": "kristaaaleighh", "id": 397893428392243200}, {"text": "I didn't watch last weeks episode of Ravenswood now I'm confused as shit.", "user": "m_john2013", "id": 397893293524410369}, {"text": "#Ravenswood is so creepy but so good! I love it so much @tylerjblackburn", "user": "shan_WOW_", "id": 397892969422127105}, {"text": "RT @JenniferP_10: Currently tuned into #Ravenswood \ud83d\ude0d\ud83d\ude04", "user": "Cristal__Garcia", "id": 397892886399709185}, {"text": "@RavenswoodABCF That was so heartbreaking. :( #Ravenswood", "user": "txangelwolf", "id": 397892757726830593}, {"text": "Poor Miranda :( #Ravenswood", "user": "txangelwolf", "id": 397892555532009473}, {"text": "Lets talk about this week's #Ravenswood on #GetGlue http://t.co/wcJftMmk96", "user": "BTR_M5Addict", "id": 397892549308076032}, {"text": "Just got this limited #Ravenswood sticker. Get yours now #GetGlue http://t.co/5Jx0IMROCB #Ravenswood", "user": "BTR_M5Addict", "id": 397892543477972992}, {"text": "Just got today's #Ravenswood sticker. Get yours in the next 4h:54m. #GetGlue http://t.co/LweT1XpqKz #Ravenswood", "user": "AshanteScorpio", "id": 397892486578065408}, {"text": "Miranda's a ghost..Remy's a sleepwalker...Olivia's I don't know what...Luke's an ass...Caleb ... #Ravenswood #GetGlue http://t.co/WzrqRwcj7R", "user": "AshanteScorpio", "id": 397892486204366848}, {"text": "Currently tuned into #Ravenswood \ud83d\ude0d\ud83d\ude04", "user": "JenniferP_10", "id": 397892409213718528}, {"text": "#Ravenswood tonight! I absolutely love this show! @ABCFamily @RavenswoodABCF", "user": "em__benavides", "id": 397892247498129408}, {"text": "Just got this #PLL sticker. Check out my 155 other stickers on #GetGlue http://t.co/jpRP0pSoXr", "user": "Fabian4ever", "id": 397891936801263616}, {"text": "Just got this limited #Ravenswood sticker. Get yours now #GetGlue http://t.co/7ZUHI18DJu #Ravenswood", "user": "Fabian4ever", "id": 397891935861760000}, {"text": "Giving this a try still... #Ravenswood #GetGlue http://t.co/lfRHP97LdK", "user": "Fabian4ever", "id": 397891935727546368}, {"text": "Ravenswood always gives me the chills! Lol I'm excited for this new episode @imarleneking", "user": "AshleyJ_7", "id": 397891753438494720}, {"text": "Just got this limited #Ravenswood sticker. Get yours now #GetGlue http://t.co/Oq5S0RdhG4 #Ravenswood", "user": "alamoaries64", "id": 397891529735675905}, {"text": "Just got this limited #Ravenswood sticker. Get yours now #GetGlue http://t.co/JtMUWJIveq #Ravenswood", "user": "liveforthefight", "id": 397891377142710272}, {"text": "Lets talk about this week's #Ravenswood on #GetGlue http://t.co/seDTSkvsHk", "user": "liveforthefight", "id": 397891371929198592}, {"text": "RAVENSWOOD \u263a\ufe0f\ud83d\ude4a\ud83d\ude48", "user": "allmyyloving", "id": 397891288801882112}, {"text": "Ravenswood is so damn creepy. I can't watch it alone\ud83d\ude23", "user": "cortland_hewitt", "id": 397891242928775168}, {"text": "I love ravenswood\ud83d\ude0d", "user": "JuanitaMJ21", "id": 397891215800418305}, {"text": "First show of the night #Ravenswood \ud83d\ude0a", "user": "pateesha_ann", "id": 397891199773573120}, {"text": "Ravenswood!!! \ud83d\ude01\ud83d\ude01\ud83d\ude01", "user": "korteyy", "id": 397890967652425728}, {"text": "Just got this limited #Ravenswood sticker. Get yours now #GetGlue http://t.co/DHs2ztEwQm #Ravenswood", "user": "txangelwolf", "id": 397888840612200448}, {"text": "#Ravenswood #Ravenswood #Ravenswood \ud83d\ude01\ud83d\ude01\ud83d\ude01\ud83d\ude01 20 more minutes!", "user": "Juicy_C123", "id": 397888442677215232}, {"text": "\u201c@_BriannaMarie01: So into Ravenswood. OMG \ud83d\ude2f\ud83d\ude2f\u201d", "user": "YOSOLEGAL", "id": 397887123501490177}, {"text": "So. This is basically a Final Destination movie as a tv series? #Ravenswood", "user": "grantly_1017", "id": 397886699914919936}, {"text": "Ravenswood is next ! Too excited", "user": "kinkycurlybecca", "id": 397886100770803712}, {"text": "Hopefully they let me out on time so I can go home and watch #Ravenswood", "user": "Brittdelrey", "id": 397886060560007169}, {"text": "@HeyItsNicoleA after seeing that scary girl I always keep the lights on. Lol I know what's up. #ravenswood", "user": "withloveedom", "id": 397886029266313217}, {"text": "ready for ravenswood :)", "user": "leamichelexo", "id": 397883977622896640}, {"text": "Lmao I was watching Ravenswood all into it until I saw that scary ass face. #Havetochangeit", "user": "RebeccaCasarez", "id": 397880310920015872}, {"text": "I'm watching Ravenswood (959 others are watching) http://t.co/VRcINmcnwD #GetGlue @RavenswoodABCF", "user": "Rhettoric_1", "id": 397879313221296128}, {"text": "Ravenswood bad girls club and spurs game , tonight is going to be a great night \ud83d\udc4c\ud83d\ude0d", "user": "nicoleH1118", "id": 397878594296229889}, {"text": "@HeyItsNicoleA @merrittpattrsn @tylerjblackburn can't wait for #ravenswood!", "user": "CrazyGorgeous_", "id": 397878449861173248}, {"text": "Ravenswood in an hour \ud83d\ude31 yes!", "user": "CrazyGorgeous_", "id": 397878144478093312}, {"text": "Ravenswood tonight (;", "user": "KellyMendez_x", "id": 397877731045552128}, {"text": "Ravenswood tonight! :) @HeyItsNicoleA @tylerjblackburn", "user": "withloveedom", "id": 397875344167821312}, {"text": "RT @marileebrinson: Ravenswood comes on in an hour :)", "user": "EmilyAAshworth", "id": 397874784203075584}, {"text": "Ravenswood comes on in an hour :)", "user": "marileebrinson", "id": 397873723937529857}, {"text": "SUPERNATURAL &amp; RAVENSWOOD &amp;AWKWARD TONIGHT", "user": "BigTimeAmy_15", "id": 397871418232168448}, {"text": "Lets talk about this week's #Ravenswood on #GetGlue http://t.co/9IsliBNkmg", "user": "Lalapureangel", "id": 397871099201224704}, {"text": "RT @kasidy_3302: Today is Tuesday! RAVENSWOOD. My day just got so much better. \ud83d\udcfa", "user": "DaniMarie695", "id": 397868811363184640}, {"text": "RT @kasidy_3302: Today is Tuesday! RAVENSWOOD. My day just got so much better. \ud83d\udcfa", "user": "TMichelle24", "id": 397868090383278080}, {"text": "Today is Tuesday! RAVENSWOOD. My day just got so much better. \ud83d\udcfa", "user": "kasidy_3302", "id": 397865587633709057}, {"text": "I wish I had abc family so I can watch ravenswood tonighttttt", "user": "joann_francis", "id": 397807460783648768}, {"text": "OMG I just finished watching Ravenswood on ABC family and this show already pissed me off!!!!!! But its good!!!! #pissedbutgood #ravenswood", "user": "delcarmen_jose", "id": 397570155409965058}, {"text": "Ravenswood. #catlady #lesbianprobs #elismothersme http://t.co/5c5VzqUXEy", "user": "_guera2012", "id": 397537979776139264}, {"text": "@HeyItsNicoleA @ABCFamily MEEE!! #Ravenswood", "user": "HermioneDuh", "id": 397460696251637761}, {"text": "Finished all the season for PLL now time to watch Ravenswood\ud83d\ude0d", "user": "AriWritesLove", "id": 397246452021620736}, {"text": "Ravenswood is like ten times creepier than PLL. #loveit", "user": "malorybrooke", "id": 397217197447061504}, {"text": "Ravenswood is my new guilty pleasure!", "user": "michaelmor09", "id": 397191483201048576}, {"text": "Officially addicted to Ravenswood\ud83d\ude2f", "user": "ToriLaughland", "id": 397164540892160000}, {"text": "finally got the chance to watch the two episodes of Ravenswood and .........WHAT. THE. FUCK.", "user": "_alisonluna", "id": 397024060862758912}, {"text": "Watching ravenswood in the dark...not a good idea.", "user": "mayafluent", "id": 396886375166775296}]