[{"text": "Like Reign of Dragons iOS/Android! #ReignD http://t.co/wsKQGHCWfW\n\n http://t.co/O3oEiREvfX http://t.co/h1OrSxrhdw", "user": "JaycatB", "id": 399629241865609217}, {"text": "People like to point to The New Reign as evidence of Lee's writing abilities, but Cameron actually wrote that entire album.", "user": "Bazzz22", "id": 399629127193735170}, {"text": "Reign of Dragons iOS/Android #ReignD http://t.co/GX51DkS20r\n\n http://t.co/s9zMIDv8mB http://t.co/fHVInlRccQ", "user": "Cabby16", "id": 399627179224338432}, {"text": "Reign of Dragons iOS/Android #ReignD http://t.co/GX51DkS20r\n\n http://t.co/xkzd0AXok1 http://t.co/50dxvJe9tp", "user": "Cabby16", "id": 399626764541911040}, {"text": "Like Reign of Dragons iOS/Android! #ReignD http://t.co/R7inlixd9B\n\n http://t.co/dlNWhzi70S http://t.co/4KQSNItu1s", "user": "troy76p", "id": 399624535575502848}, {"text": "Reign of Dragons iOS/Android #ReignD http://t.co/R7inlixd9B\n\n http://t.co/Csye3Z9sIT http://t.co/0TDAYmItoz", "user": "troy76p", "id": 399617067587878912}, {"text": "Where our hearts will beats with joy together and love with reign forever and ever!", "user": "nicolebartke", "id": 399606189983399936}, {"text": "Reign of Dragons iOS/Android #ReignD http://t.co/NeaVSOjRTh\n\n http://t.co/oM4A2VDWXA http://t.co/1bJuNdgNMR", "user": "sabo53042", "id": 399597422122254336}, {"text": "Happy Sunday, everyone! Join us this evening at OCH for our very first Chcocolates for Charity for Reign XX. We'll... http://t.co/EAh6EgrUdX", "user": "UCAAustin", "id": 399597327213924352}, {"text": "Reign of Dragons iOS/Android #ReignD http://t.co/OFZiBeBh8W\n\n http://t.co/KIL2017u8f http://t.co/wEIz8Laid0", "user": "z0mbienightmare", "id": 399585705925419010}, {"text": "Like Reign of Dragons iOS/Android! #ReignD http://t.co/OFZiBeBh8W\n\n http://t.co/I0Db6ZXnuS http://t.co/Bk39jCinTM", "user": "z0mbienightmare", "id": 399583720652279808}, {"text": "Like Reign of Dragons iOS/Android! #ReignD http://t.co/LxExgNAjKr\n\n http://t.co/s7xsEJCIGs http://t.co/SDCAlnlAjg", "user": "generalmalice", "id": 399580929124884480}, {"text": "Like Reign of Dragons iOS/Android! #ReignD http://t.co/GX51DkS20r\n\n http://t.co/IzfbLSbcVT http://t.co/zxvKap59Xv", "user": "Cabby16", "id": 399579552990507011}, {"text": "Reign of Dragons iOS/Android #ReignD http://t.co/R7inlixd9B\n\n http://t.co/PU5egkYlGX http://t.co/ARE3FGzRMp", "user": "troy76p", "id": 399578382574166017}, {"text": "Like Reign of Dragons iOS/Android! #ReignD http://t.co/GX51DkS20r\n\n http://t.co/vRYB8kreW5 http://t.co/lZ4QyEVRF4", "user": "Cabby16", "id": 399575466945675266}, {"text": "Reign of Dragons iOS/Android #ReignD http://t.co/LxExgNAjKr\n\n http://t.co/wyTm6DY5vV http://t.co/zwFyt0QZYN", "user": "generalmalice", "id": 399575307948011520}, {"text": "Like Reign of Dragons iOS/Android! #ReignD http://t.co/F3If1Z3Ghl\n\n http://t.co/hrZ5et4LFV http://t.co/JG9s6GDQqL", "user": "rkotheviper91", "id": 399562555665821696}, {"text": "RT @lilage4life: Like Reign of Dragons iOS/Android! #ReignD http://t.co/3Y0ABdswu9\n\n http://t.co/avP3DmftxX http://t.co/n5SBlWoibn", "user": "jiggy_bryan", "id": 399558863445557248}, {"text": "#TopNewsNow: Sentencing to be last chapter in Boston mobster's reign of terror http://t.co/Yehy3PCc9o", "user": "AustinMSlingers", "id": 399513758974111744}, {"text": "Reign of Dragons iOS/Android #ReignD http://t.co/wsKQGHCWfW\n\n http://t.co/FW1zIraumU http://t.co/Ps7LAnNxqt", "user": "JaycatB", "id": 399501822886305793}, {"text": "Half the people on my timeline have Reign icons. More people seem to be getting them by the day.", "user": "xmargie22x", "id": 399480998821253121}, {"text": "Like Reign of Dragons iOS/Android! #ReignD http://t.co/LxExgNAjKr\n\n http://t.co/QqDHjyXUX6 http://t.co/eTcy1f4SDj", "user": "generalmalice", "id": 399473964235239424}, {"text": "Lord you reign in victory", "user": "LigaLuv", "id": 399464727128309760}, {"text": "Reign of Dragons iOS/Android #ReignD http://t.co/4f4BAElMtG\n\n http://t.co/Xcm81zamwd http://t.co/1xbd9PTcym", "user": "wawhitlock2009", "id": 399461697393414144}, {"text": "Like Reign of Dragons iOS/Android! #ReignD http://t.co/4f4BAElMtG\n\n http://t.co/dSGWXiwRgm http://t.co/9KGBvBxCbn", "user": "wawhitlock2009", "id": 399461381486817280}, {"text": "Reign of Dragons iOS/Android #ReignD http://t.co/TXkxPG2be2\n\n http://t.co/DnXNum5RKq http://t.co/6D9gw3VcvE", "user": "Steph33Taylor", "id": 399459534789279744}, {"text": "Please don't live your lives to impress people or you will be disappointed all of the time. Ask God for His reign in your lives and know JOY", "user": "theladygloria", "id": 399457776583200768}, {"text": "Started watching #reign one of the best shows I've seen in a long time #sexy #addicted #goscottland", "user": "jackaroo35", "id": 399446696578396160}, {"text": "Celebrating the reign of Emperor Carroll and Empress Leandra of the UCPPE at Coronation XXXVIII with Empress... http://t.co/SimZNdSzWd", "user": "UCAAustin", "id": 399425154511814657}, {"text": "@bluekd07 Between the Heat and Thorns I find that Boston is no longer my most hated. Reign even got their first win there. #losingmyedge", "user": "hercircumstance", "id": 399424367588679681}, {"text": "Reign of Dragons iOS/Android #ReignD http://t.co/NeaVSOjRTh\n\n http://t.co/tJCipVb2L1 http://t.co/vrcGsISVFJ", "user": "sabo53042", "id": 399413269741309952}, {"text": "#Reign Tell Me Preview - Santigold - Fame (+playlist): http://t.co/YvFFe3vl2N", "user": "TWfan19", "id": 399392502534266880}, {"text": "Reign of Dragons iOS/Android #ReignD http://t.co/R7inlixd9B\n\n http://t.co/gpasGjoEfJ http://t.co/c3Sxjedx7i", "user": "troy76p", "id": 399374880228921345}, {"text": "Reign of Dragons iOS/Android #ReignD http://t.co/wsKQGHCWfW\n\n http://t.co/bkk19G49Wx http://t.co/hLxSVwURz5", "user": "JaycatB", "id": 399372698444234752}, {"text": "Getting ready to see The D reign. SUPREME! #funfunfunfest #nites @ The Mohawk http://t.co/5iOPRLO6cc", "user": "delatao", "id": 399370407285125121}, {"text": "Like Reign of Dragons iOS/Android! #ReignD http://t.co/DdSunJmkZB\n\n http://t.co/06HqDRvtcE http://t.co/SeQYwXbcXY", "user": "johnnycool_1", "id": 399370010751025152}, {"text": "Like Reign of Dragons iOS/Android! #ReignD http://t.co/GX51DkS20r\n\n http://t.co/uLxKg3ba06 http://t.co/1SRq2VOGTW", "user": "Cabby16", "id": 399367931139588096}, {"text": "2. And then explains why none of them matter. I love this show so hard. #Reign", "user": "triciasryan", "id": 399366734961836033}, {"text": "\"Reign\" reached new heights (depths) this week with the introduction of verbal hand waving that acknowledges all the historical inaccuracies", "user": "triciasryan", "id": 399366547459670016}, {"text": "Music from the show @CWReign is absolutely amazing!! &lt;3 #Reign", "user": "TWfan19", "id": 399364835101519872}, {"text": "Reign of Dragons iOS/Android #ReignD http://t.co/R7inlixd9B\n\n http://t.co/6Uu5nxerHu http://t.co/AAotzu3ify", "user": "troy76p", "id": 399364287858106369}, {"text": "Like Reign of Dragons iOS/Android! #ReignD http://t.co/wsKQGHCWfW\n\n http://t.co/nyfAbB6KcT http://t.co/qKhlBeR0V6", "user": "JaycatB", "id": 399363293027897344}, {"text": "Reign of Dragons iOS/Android #ReignD http://t.co/4f4BAElMtG\n\n http://t.co/09we0WxSmy http://t.co/g4N2kOet8K", "user": "wawhitlock2009", "id": 399361664216096768}, {"text": "Reign of Dragons iOS/Android #ReignD http://t.co/DdSunJmkZB\n\n http://t.co/iZO3ICGDZM http://t.co/RD1R6gVZjn", "user": "johnnycool_1", "id": 399359678917771264}, {"text": "Reign of Dragons iOS/Android #ReignD http://t.co/GX51DkS20r\n\n http://t.co/j98TweAI7P http://t.co/xrUI0MKROJ", "user": "Cabby16", "id": 399359526509367296}, {"text": "Reign of Dragons iOS/Android #ReignD http://t.co/GX51DkS20r\n\n http://t.co/ULdKgzDBtl http://t.co/sTvMkGzTqC", "user": "Cabby16", "id": 399359424893968384}, {"text": "Reign of Dragons iOS/Android #ReignD http://t.co/wsKQGHCWfW\n\n http://t.co/SeL6uYxlAF http://t.co/hAlN99rB1W", "user": "JaycatB", "id": 399326898896916480}, {"text": "Like Reign of Dragons iOS/Android! #ReignD http://t.co/R7inlixd9B\n\n http://t.co/0EtHVE3YDQ http://t.co/XFkAKYGgWi", "user": "troy76p", "id": 399325142104301568}, {"text": "Reign of Dragons iOS/Android #ReignD http://t.co/OFZiBeBh8W\n\n http://t.co/quuKyyvHjL http://t.co/Z75rA4TyOj", "user": "z0mbienightmare", "id": 399325079420403712}, {"text": "Reign of Dragons iOS/Android #ReignD http://t.co/GX51DkS20r\n\n http://t.co/OqHLGmCuYU http://t.co/kk8wn9qUbh", "user": "Cabby16", "id": 399322881487691776}, {"text": "Like Reign of Dragons iOS/Android! #ReignD http://t.co/GX51DkS20r\n\n http://t.co/m8QxKkKiYh http://t.co/G0DDwBzoHZ", "user": "Cabby16", "id": 399318436498518017}, {"text": "Reign of Dragons iOS/Android #ReignD http://t.co/OFZiBeBh8W\n\n http://t.co/aItgUgbwGH http://t.co/aOXMFNuxJu", "user": "z0mbienightmare", "id": 399316258971082754}, {"text": "Like Reign of Dragons iOS/Android! #ReignD http://t.co/LxExgNAjKr\n\n http://t.co/E6Pr9UHyJE http://t.co/sMjRVFzTSR", "user": "generalmalice", "id": 399316157015932928}, {"text": "Reign of Dragons iOS/Android #ReignD http://t.co/MAfc7kZtBA\n\n http://t.co/xiXZMFaaFN http://t.co/1NeBM3Hcof", "user": "troy76p", "id": 399315418843979776}, {"text": "Reign of Dragons iOS/Android #ReignD http://t.co/wsKQGHCWfW\n\n http://t.co/H29Rm1j99H http://t.co/ZR6zAsK426", "user": "JaycatB", "id": 399315340489797632}, {"text": "My reign as super mom is over! I cannot be in two (3!) places in one day at the same time. Liam wins this time, Abby &amp; I lose.", "user": "terily", "id": 399313210287083521}, {"text": "Reign of Dragons iOS/Android #ReignD http://t.co/wsKQGHCWfW\n\n http://t.co/XKpvHquBGH http://t.co/cEawNceSPy", "user": "JaycatB", "id": 399299711275765760}, {"text": "From the cross, from the grave, You rose victoriously. Son of God, King of love, You reign victoriously. \ud83d\udc99\ud83d\ude4f", "user": "soccergab8", "id": 399290371202490368}, {"text": "RT @lilage4life: Reign of Dragons iOS/Android #ReignD http://t.co/3Y0ABdswu9\n\n http://t.co/moxMliOOri http://t.co/QjVwnVSRcG", "user": "UfukMuratoglu", "id": 399286917029978113}, {"text": "Reign of Dragons iOS/Android #ReignD http://t.co/R7inlixd9B\n\n http://t.co/GS1GMJQhAm http://t.co/4Gik6rDsPq", "user": "troy76p", "id": 399264562752417792}, {"text": "Reign of Dragons iOS/Android #ReignD http://t.co/8o5Xcj8I7w\n\n http://t.co/vzzm2wjbaV http://t.co/rfcemJiQJT", "user": "nehthelania", "id": 399264092059213824}, {"text": "Like Reign of Dragons iOS/Android! #ReignD http://t.co/LxExgNAjKr\n\n http://t.co/JROdZtEuq0 http://t.co/hv48tzn4FU", "user": "generalmalice", "id": 399264075902758912}, {"text": "Like Reign of Dragons iOS/Android! #ReignD http://t.co/wsKQGHCWfW\n\n http://t.co/SEPNAJvStD http://t.co/u4I7R0mV4r", "user": "JaycatB", "id": 399263604597211136}, {"text": "Reign of Dragons iOS/Android #ReignD http://t.co/wP6GmzWelD\n\n http://t.co/joJwiexHNG http://t.co/XQsT4Qejp5", "user": "Cabby16", "id": 399260596736368640}, {"text": "Like Reign of Dragons iOS/Android! #ReignD http://t.co/LxExgNAjKr\n\n http://t.co/wD4IcOVbdb http://t.co/QWAmxH4dem", "user": "generalmalice", "id": 399257295650971648}, {"text": "Like Reign of Dragons iOS/Android! #ReignD http://t.co/R7inlixd9B\n\n http://t.co/BsiDYekAtx http://t.co/XhJdsjbjxu", "user": "troy76p", "id": 399255793591009281}, {"text": "Reign of Dragons iOS/Android #ReignD http://t.co/GX51DkS20r\n\n http://t.co/ut9xXhNFYO http://t.co/cyC513CY30", "user": "Cabby16", "id": 399253597222739968}, {"text": "Alberto Del Rio Belongs on Midcard After Lackluster World Title Reign (via http://t.co/8H7YovgxZs) http://t.co/i2QJJmcCYU", "user": "Mysterio_1964", "id": 399241421154029568}, {"text": "Reign of Dragons iOS/Android #ReignD http://t.co/OFZiBeBh8W\n\n http://t.co/80yWmGGHNe http://t.co/HVjlppE779", "user": "z0mbienightmare", "id": 399237333578297345}, {"text": "Both riches and honor come from You, and You reign over all. In Your hands are power and might; in Your hands it is\u2026 http://t.co/85625KOCJb", "user": "Carnes4God", "id": 399226778490650624}, {"text": "Reign of Dragons iOS/Android #ReignD http://t.co/OFZiBeBh8W\n\n http://t.co/n61CBBKy14 http://t.co/3XHcDTZPfq", "user": "z0mbienightmare", "id": 399225972026662912}, {"text": "Am I the only person that watches #Reign ?", "user": "GoldieNoHawn", "id": 399224382977241088}, {"text": "Like Reign of Dragons iOS/Android! #ReignD http://t.co/4f4BAElMtG\n\n http://t.co/3GmphzemeY http://t.co/2qowsqEZwg", "user": "wawhitlock2009", "id": 399224154970288128}, {"text": "Reign of Dragons iOS/Android #ReignD http://t.co/LxExgNAjKr\n\n http://t.co/JRFh1LQUn2 http://t.co/F2TJTTc37v", "user": "generalmalice", "id": 399219093691039744}, {"text": "Like Reign of Dragons iOS/Android! #ReignD http://t.co/R7inlixd9B\n\n http://t.co/rSJNAphgpj http://t.co/H9mHNNy7E6", "user": "troy76p", "id": 399219066767802369}, {"text": "RT @oakhillschurch: You, O LORD, reign forever; your throne endures from generation to generation. Lamentations 5:19 NIV", "user": "cstacy247", "id": 399217867092000768}, {"text": "Reign of Dragons iOS/Android #ReignD http://t.co/LxExgNAjKr\n\n http://t.co/ZZuFluiDFY http://t.co/GyR8lOfZBr", "user": "generalmalice", "id": 399211560561688576}, {"text": "Reign of Dragons iOS/Android #ReignD http://t.co/GX51DkS20r\n\n http://t.co/jumQYBGaIe http://t.co/8PrViMco6D", "user": "Cabby16", "id": 399211380965789696}, {"text": "Like Reign of Dragons iOS/Android! #ReignD http://t.co/OFZiBeBh8W\n\n http://t.co/Ai1rlcv8iF http://t.co/QsJ2KvDZ73", "user": "z0mbienightmare", "id": 399211312057552896}, {"text": "Like Reign of Dragons iOS/Android! #ReignD http://t.co/R7inlixd9B\n\n http://t.co/R0gsnTevpy http://t.co/x6ePJPqM3T", "user": "troy76p", "id": 399209519151996928}, {"text": "RT @lilage4life: Like Reign of Dragons iOS/Android! #ReignD http://t.co/3Y0ABdswu9\n\n http://t.co/avP3DmftxX http://t.co/n5SBlWoibn", "user": "AkshuGagan", "id": 399205582106025984}, {"text": "Reign of Dragons iOS/Android #ReignD http://t.co/F3If1Z3Ghl\n\n http://t.co/PILFyJrYnB http://t.co/9SA7tne9g7", "user": "rkotheviper91", "id": 399203181801897985}, {"text": "but it be all over the place in reign. damn. too deep already.", "user": "shadeacrobat", "id": 399201354683400192}, {"text": "i watch reign because i am a fan of the Tudors", "user": "shadeacrobat", "id": 399200953355603968}, {"text": "reign is all over the place", "user": "shadeacrobat", "id": 399199158688415746}, {"text": "Reign of Dragons iOS/Android #ReignD http://t.co/R7inlixd9B\n\n http://t.co/Bv6v2DY8PI http://t.co/GaQUQ9o0ug", "user": "troy76p", "id": 399196470533832704}, {"text": "11/9: Pasadena Napalm Division, Exmortus, Hatchet, Reign Of Tyrants and F.A.T.M.D. @ Limelight http://t.co/cpmL5KdxXY @PNDrocks", "user": "SATXLive", "id": 399190594037489665}, {"text": "RT @lilage4life: Reign of Dragons iOS/Android #ReignD http://t.co/3Y0ABdswu9\n\n http://t.co/moxMliOOri http://t.co/QjVwnVSRcG", "user": "slhttnsgr", "id": 399186655330193408}, {"text": "RT @lilage4life: Reign of Dragons iOS/Android #ReignD http://t.co/3Y0ABdswu9\n\n http://t.co/moxMliOOri http://t.co/QjVwnVSRcG", "user": "Kelly08015495", "id": 399181151342182400}, {"text": "AVONDALE Ariz.: Keselowski's NASCAR reign coming to a close - Motor Sports - http://t.co/GvB6C7cXiu http://t.co/kv1v9MkttT #smacktalksports", "user": "SmacTok", "id": 399172742726963201}, {"text": "Photo: I\u2019m watching Reign \u201cSeason 1 Episode 4\u201d 20 others are also watching. Reign on http://t.co/ArEX2cFJA6 http://t.co/5lmzOePAWi", "user": "jlp6869rocks", "id": 399170848600633344}, {"text": "Season 1 Episode 4 #Reign #GetGlue http://t.co/9kjeHbPhFH", "user": "jlp6869rocks", "id": 399170844213407744}, {"text": "Photo: I\u2019m watching Reign \u201cS1E3\u201d 19 others are also watching. Reign on http://t.co/ArEX2cFJA6 http://t.co/h7O15U384w", "user": "jlp6869rocks", "id": 399163338099539968}, {"text": "S1E3 #Reign #GetGlue http://t.co/9kjeHbPhFH", "user": "jlp6869rocks", "id": 399163333771010049}, {"text": "You, O LORD, reign forever; your throne endures from generation to generation. Lamentations 5:19 NIV", "user": "oakhillschurch", "id": 399159718608113664}, {"text": "Reign of Dragons iOS/Android #ReignD http://t.co/DdSunJmkZB\n\n http://t.co/9jmZlNpz6B http://t.co/gL8Rtqe8WA", "user": "johnnycool_1", "id": 399147504886771713}, {"text": "#nowplaying You Reign - Jason Lambert http://t.co/7qb9WCXlo6", "user": "VOTRadio", "id": 399132341140213760}, {"text": "Like Reign of Dragons iOS/Android! #ReignD http://t.co/8o5Xcj8I7w\n\n http://t.co/oAWsjbCtZK http://t.co/hdgf1QyMvG", "user": "nehthelania", "id": 399128503175479296}, {"text": "RT @lilage4life: Like Reign of Dragons iOS/Android! #ReignD http://t.co/3Y0ABdswu9\n\n http://t.co/avP3DmftxX http://t.co/n5SBlWoibn", "user": "tomasvega20", "id": 399124566020464640}, {"text": "@bertiedav that would lessen the already minuscule chance Press goes to Reign. So NO.", "user": "hercircumstance", "id": 399118294210207744}, {"text": "I think Reign just tried to reference the \"world turned upside down\" trope. AMAZING", "user": "breathesgelatin", "id": 399089073022717952}, {"text": "Reign of Dragons iOS/Android #ReignD http://t.co/4f4BAElMtG\n\n http://t.co/GY9b6LP1gs http://t.co/EgMAwqvWBY", "user": "wawhitlock2009", "id": 399086545614815232}, {"text": "Like Reign of Dragons iOS/Android! #ReignD http://t.co/4f4BAElMtG\n\n http://t.co/42zHxg7hI5 http://t.co/a7qdtgmb7Q", "user": "wawhitlock2009", "id": 399084438320979969}, {"text": "Reign is SO Gossip Girl in period costumes. Right now it feels better than GG, too, but that might be b/c the last seasons of GG were so bad", "user": "breathesgelatin", "id": 399067258682499072}, {"text": "watching Episode 3 of Reign and the Portuguese prince's rape-y dancing is making me crack up. Not sure if it was meant to be funny.", "user": "breathesgelatin", "id": 399064433097318400}, {"text": "@Tashareign Tasha Reign takes on a big fat cock in her tiny s... http://t.co/J8gBBXGYYc More here: http://t.co/sGhqhS99Jd #NSFW #PORN", "user": "Barelist", "id": 399060677228105729}, {"text": "Reign of Dragons iOS/Android #ReignD http://t.co/5sngQRVOLn\n\n http://t.co/YeSrPXqFcM http://t.co/05943QRvPd", "user": "RicardoEspino35", "id": 399059564730933248}, {"text": "Reign of Dragons iOS/Android #ReignD http://t.co/3Y0ABdswu9\n\n http://t.co/moxMliOOri http://t.co/QjVwnVSRcG", "user": "lilage4life", "id": 399036925769568256}, {"text": "RT @lilage4life: Like Reign of Dragons iOS/Android! #ReignD http://t.co/3Y0ABdswu9\n\n http://t.co/avP3DmftxX http://t.co/n5SBlWoibn", "user": "drlevln", "id": 399012513314246656}, {"text": "Reign of Dragons iOS/Android #ReignD http://t.co/GX51DkS20r\n\n http://t.co/qGAn6Dgrdb http://t.co/yVmxeVCxsh", "user": "Cabby16", "id": 399008573348249600}, {"text": "Like Reign of Dragons iOS/Android! #ReignD http://t.co/DdSunJmkZB\n\n http://t.co/oyxeQdeD5y http://t.co/sllVup5Y4b", "user": "johnnycool_1", "id": 399005481592561664}, {"text": "To anyone who doesn't know what the show Reign is about this about sums it up!! Reign - Opening Preview: http://t.co/m25USBkssY via @youtube", "user": "TWfan19", "id": 399001305584123904}, {"text": "Reign of Dragons iOS/Android #ReignD http://t.co/R7inlixd9B\n\n http://t.co/9loIW5af5f http://t.co/pAAnj3CU8j", "user": "troy76p", "id": 399000352420155393}, {"text": "Like Reign of Dragons iOS/Android! #ReignD http://t.co/DdSunJmkZB\n\n http://t.co/kB4d0z46Oh http://t.co/V5sORbRj5U", "user": "johnnycool_1", "id": 398999680605892608}, {"text": "I was so excited for Reign! I've read so much on Mary Queen of Scots, but the show is wildly historically inaccurate. I'm so disappointed\ud83d\ude14", "user": "FavsyBassist", "id": 398997730904637440}, {"text": "Like Reign of Dragons iOS/Android! #ReignD http://t.co/GX51DkS20r\n\n http://t.co/UToZCln7uG http://t.co/CaiX6aGpJ8", "user": "Cabby16", "id": 398997610712666112}, {"text": "Reign of Dragons iOS/Android #ReignD http://t.co/LxExgNAjKr\n\n http://t.co/LiUMswjZgW http://t.co/kfksCZS3LF", "user": "generalmalice", "id": 398997474074845184}, {"text": "The rain will come pouring down but REMEMBER that our God will FOREVER reign, #Sandy", "user": "NatashaHal87", "id": 398994554491502592}, {"text": "Reign of Dragons iOS/Android #ReignD http://t.co/4f4BAElMtG\n\n http://t.co/rq4DdO6QMI http://t.co/v6d18RLpdV", "user": "wawhitlock2009", "id": 398963732484587520}, {"text": "Like Reign of Dragons iOS/Android! #ReignD http://t.co/R7inlixd9B\n\n http://t.co/v2j7j9uzRK http://t.co/hEn9HSVD7d", "user": "troy76p", "id": 398963169797758976}, {"text": "Reign of Dragons iOS/Android #ReignD http://t.co/GX51DkS20r\n\n http://t.co/tDW2JadJCy http://t.co/18h9mtXLOq", "user": "Cabby16", "id": 398960614686478337}, {"text": "Like Reign of Dragons iOS/Android! #ReignD http://t.co/LxExgNAjKr\n\n http://t.co/8dGgdZs8Qu http://t.co/OmgI9Y7HTU", "user": "generalmalice", "id": 398957138808033280}, {"text": "Like Reign of Dragons iOS/Android! #ReignD http://t.co/DdSunJmkZB\n\n http://t.co/67KVaq4u5Z http://t.co/e5rPOZAL3V", "user": "johnnycool_1", "id": 398953963958980608}, {"text": "RT @lilage4life: Like Reign of Dragons iOS/Android! #ReignD http://t.co/3Y0ABdswu9\n\n http://t.co/avP3DmftxX http://t.co/n5SBlWoibn", "user": "IbocanGndz", "id": 398953626854764544}, {"text": "Reign of Dragons iOS/Android #ReignD http://t.co/GX51DkS20r\n\n http://t.co/zChKHIsJue http://t.co/SquBAjDXOk", "user": "Cabby16", "id": 398950482808291328}, {"text": "I love the fashion in #Reign  and their hairstyle", "user": "lindavcarreon", "id": 398948063529541632}, {"text": "@DRUDGE_REPORT the gop just needs a direction and seriously LEADERSHIP. TERM LIMITS. End the reign of the Washington insider and CAVE MEN.", "user": "brooksr55", "id": 398945244030308352}, {"text": "I'm actually seeing these episodes for the first time at the same time you are. Always fun to see what made the cut. #Reign", "user": "rosh_ihuit", "id": 398942256679649280}, {"text": "@Tashareign Cutie Tasha Reign gets drilled by her friends bro... http://t.co/0aBllpOtJa More here: http://t.co/sGhqhS99Jd #NSFW #PORN", "user": "Barelist", "id": 398930223304953856}, {"text": "I'm listening to You Reign by Mercyme on Pandora http://t.co/wZTB9cP5HO\n #pandora", "user": "ChanynJ", "id": 398929492694925312}, {"text": "Reign of Dragons iOS/Android #ReignD http://t.co/jzpFXRv9T1\n\n http://t.co/cojcToZNlA http://t.co/r5AyGwBHnG", "user": "AtomAnt", "id": 398928941710204928}, {"text": "Like Reign of Dragons iOS/Android! #ReignD http://t.co/jzpFXRv9T1\n\n http://t.co/5N13Q29ZhH http://t.co/jREqy19iTJ", "user": "AtomAnt", "id": 398926670519746561}, {"text": "Mirror mirror on the wall, who's the flyest of them all? It's me, bow down get your knees. Where's my queens, who reign supreme?", "user": "littleredhouses", "id": 398925998156034048}, {"text": "\u201c@MrIRUNATX: Cleaning the crib with that @UntamedClick #Reign bumpin in the background\u201d\ud83d\udcaf\ud83d\udcaf", "user": "UntamedClick", "id": 398912693379166208}, {"text": "Like Reign of Dragons iOS/Android! #ReignD http://t.co/R7inlixd9B\n\n http://t.co/RpC00ZomFx http://t.co/6YN9YaOe74", "user": "troy76p", "id": 398902259561414656}, {"text": "Reign of Dragons iOS/Android #ReignD http://t.co/DdSunJmkZB\n\n http://t.co/hO5ozH1tpt http://t.co/053kK3XpCC", "user": "johnnycool_1", "id": 398899492851699712}, {"text": "Reign of Dragons iOS/Android #ReignD http://t.co/GX51DkS20r\n\n http://t.co/AhZrsz8m1P http://t.co/wFYiMj1maO", "user": "Cabby16", "id": 398898782533718016}, {"text": "Reign of Dragons iOS/Android #ReignD http://t.co/R7inlixd9B\n\n http://t.co/kDO6JfJTfS http://t.co/dXFnnRNIT3", "user": "troy76p", "id": 398895231258484736}, {"text": "Reign of Dragons iOS/Android #ReignD http://t.co/OFZiBeBh8W\n\n http://t.co/cTG4CMSO7n http://t.co/cWac1TWKOF", "user": "z0mbienightmare", "id": 398895174400483328}, {"text": "#nowplaying You Reign - Jason Lambert http://t.co/7qb9WCXlo6", "user": "VOTRadio", "id": 398893515641741312}, {"text": "Reign of Dragons iOS/Android #ReignD http://t.co/DdSunJmkZB\n\n http://t.co/5qeTavpVAI http://t.co/jzIgHxszpA", "user": "johnnycool_1", "id": 398893430442426368}, {"text": "I'll marry prince Francis from Reign if Mary doesn't  \ud83d\ude0d\ud83d\ude18", "user": "cadymichelle", "id": 398893412880875520}, {"text": "Reign of Dragons iOS/Android #ReignD http://t.co/wsKQGHCWfW\n\n http://t.co/MhEjBTIam2 http://t.co/XCOJgweNwL", "user": "JaycatB", "id": 398892983497416704}, {"text": "Reign of Dragons iOS/Android #ReignD http://t.co/OFZiBeBh8W\n\n http://t.co/GXFZDZaWHB http://t.co/dpOt3u9KKB", "user": "z0mbienightmare", "id": 398892225150472192}, {"text": "Reign of Dragons iOS/Android #ReignD http://t.co/DdSunJmkZB\n\n http://t.co/tsI7tV5rOU http://t.co/EaVsfmPUbP", "user": "johnnycool_1", "id": 398891966840066048}, {"text": "Like Reign of Dragons iOS/Android! #ReignD http://t.co/LxExgNAjKr\n\n http://t.co/OvXYJofxJu http://t.co/ZLeK6d3CUT", "user": "generalmalice", "id": 398890807723188224}, {"text": "Like Reign of Dragons iOS/Android! #ReignD http://t.co/GX51DkS20r\n\n http://t.co/aOtYoY1PHM http://t.co/taTUZ45FRC", "user": "Cabby16", "id": 398890632048959491}, {"text": "I love Reign. Great new show. Love the fashion, the setting, and the accents. Time to catch up! #Reign #GetGlue http://t.co/uALJN2bzmb", "user": "carolLUSH", "id": 398884632596578305}, {"text": "Your reign on top was short like leprechauns, as i crushed so called willies, thugs and rapper dons", "user": "realMichelob", "id": 398878595914813440}, {"text": "@Jd_Ivustu if I remember correctly, it was after the reign of terror, needing a way to be able to have a distinction.", "user": "2ollx", "id": 398871418852491264}, {"text": "Catching up on Reign and literally can I just have the entire wardrobe omgomgomgomg", "user": "hystereks", "id": 398861856405991424}, {"text": "Reign of Dragons iOS/Android #ReignD http://t.co/LxExgNAjKr\n\n http://t.co/2mPnJZ3CWA http://t.co/oWc1D5mgUq", "user": "generalmalice", "id": 398861047395655680}, {"text": "Like Reign of Dragons iOS/Android! #ReignD http://t.co/DdSunJmkZB\n\n http://t.co/meN03n55J8 http://t.co/bk5KSfxy5y", "user": "johnnycool_1", "id": 398858763911712768}, {"text": "Like Reign of Dragons iOS/Android! #ReignD http://t.co/R7inlixd9B\n\n http://t.co/aFC2DQWrh8 http://t.co/53R6Y2RA50", "user": "troy76p", "id": 398857163621150720}, {"text": "Like Reign of Dragons iOS/Android! #ReignD http://t.co/LxExgNAjKr\n\n http://t.co/sqekceehMl http://t.co/gz8kLogq5D", "user": "generalmalice", "id": 398856465902882819}, {"text": "Reign of Dragons iOS/Android #ReignD http://t.co/wsKQGHCWfW\n\n http://t.co/lNReo0NwjK http://t.co/jAYoos0eMf", "user": "JaycatB", "id": 398856400484319232}, {"text": "Like Reign of Dragons iOS/Android! #ReignD http://t.co/GX51DkS20r\n\n http://t.co/gTIHU6aqAj http://t.co/zpwkh1oTu4", "user": "Cabby16", "id": 398855143434629120}, {"text": "Reign of Dragons iOS/Android #ReignD http://t.co/AcCWRNfKPk\n\n http://t.co/KBCnhGheoR http://t.co/dSuyi8CP3U", "user": "McGaryJ", "id": 398854026487275521}, {"text": "@Ms_Firecracka @CapNevery1 @MrCasablanca42 @mcat_uhm @__Reign__ @xShaunaOH @Shad0wdrag0n @The_Wight_Guy @HeliosStriker @KinkyReaper thanks", "user": "sp1d3r_ownz", "id": 398850656393363456}, {"text": "Reign of Dragons iOS/Android #ReignD http://t.co/wsKQGHCWfW\n\n http://t.co/FpYu3p86b5 http://t.co/mqswNt0nH1", "user": "JaycatB", "id": 398849731469647872}, {"text": "Reign of Dragons iOS/Android #ReignD http://t.co/GX51DkS20r\n\n http://t.co/ZA7StqTZq0 http://t.co/8cRuysL29v", "user": "Cabby16", "id": 398848991061766144}, {"text": "Like Reign of Dragons iOS/Android! #ReignD http://t.co/R7inlixd9B\n\n http://t.co/X4T3WncE2o http://t.co/3QoW2iK6qY", "user": "troy76p", "id": 398848909402836992}, {"text": "Like Reign of Dragons iOS/Android! #ReignD http://t.co/LxExgNAjKr\n\n http://t.co/t7N6aIvH5Z http://t.co/UMVMmhzjyc", "user": "generalmalice", "id": 398847876857475075}, {"text": "@CWReign has to be the most intense show yet!! I love it can't get enough!! #reign #allhailthequeen", "user": "judithlynn92", "id": 398845442680582144}, {"text": "Yes, I'm sure middle-aged kings are always taking advice from teenage girls. #Reign", "user": "queenkandis", "id": 398845340566048768}, {"text": "Reign of Dragons iOS/Android #ReignD http://t.co/GX51DkS20r\n\n http://t.co/TKHiuxjvg9 http://t.co/bw4DHXuauq", "user": "Cabby16", "id": 398842585566826496}, {"text": "Hi Pastry Guy! Call me! #Reign", "user": "queenkandis", "id": 398842093826609153}, {"text": "There's a lot of very tense archery practice going on in #Reign. But it's missing something... Oh! It's this. http://t.co/Yddc5vZEsz", "user": "queenkandis", "id": 398839123110141952}, {"text": "I'm sitting down to #Reign now. No, I don't know why I bother either.", "user": "queenkandis", "id": 398834944115347457}, {"text": "@EliYoungBand Love your music these days, but I sure miss the days of seeing you at the Reign and other... http://t.co/jH955iTITf\n #pandora", "user": "mattFNblake", "id": 398829486273089536}, {"text": "RT @lilage4life: Like Reign of Dragons iOS/Android! #ReignD http://t.co/3Y0ABdswu9\n\n http://t.co/avP3DmftxX http://t.co/n5SBlWoibn", "user": "duckster007", "id": 398813687123034112}, {"text": "RT @Sparks_Bee: \"Killing is not supposed to be easy, if your hands weren't shaking, you'd be him.\"\n-Bash \n#Reign #Bash #cw @torrancecoombs \u2026", "user": "pixedancer", "id": 398807543482286080}, {"text": "Reign of Dragons iOS/Android #ReignD http://t.co/R7inlixd9B\n\n http://t.co/h2REIHeplz http://t.co/vBR9Pwmuwr", "user": "troy76p", "id": 398802498464391169}, {"text": "But how so? I'm a victim of your reign of terror\n@nalstagia @danielcoetzee8", "user": "MayhemEntity", "id": 398796259760152576}, {"text": "Reign of Dragons iOS/Android #ReignD http://t.co/DdSunJmkZB\n\n http://t.co/SUhT5HylKy http://t.co/vkNBGrjrEe", "user": "johnnycool_1", "id": 398791168743313408}, {"text": "Reign of Dragons iOS/Android #ReignD http://t.co/Ysl2loS7lh\n\n http://t.co/x7TlyTPudY http://t.co/AzeW0hFOsv", "user": "kaysplace65", "id": 398789280023076864}, {"text": "RT @lilage4life: Like Reign of Dragons iOS/Android! #ReignD http://t.co/3Y0ABdswu9\n\n http://t.co/avP3DmftxX http://t.co/n5SBlWoibn", "user": "Theone352", "id": 398787714742755328}, {"text": "Reign of Dragons iOS/Android #ReignD http://t.co/4f4BAElMtG\n\n http://t.co/l1YOPF8ugw http://t.co/ggFPyr5Lgk", "user": "wawhitlock2009", "id": 398763437162897409}, {"text": "For anyone who has not watched Reign, you need to.", "user": "xmargie22x", "id": 398700856050061312}, {"text": "RT @lilage4life: Like Reign of Dragons iOS/Android! #ReignD http://t.co/3Y0ABdswu9\n\n http://t.co/avP3DmftxX http://t.co/n5SBlWoibn", "user": "lg_007", "id": 398699777539727360}, {"text": "NOPE. NOOOOOOOOOOOOPE. Um, who else is sleeping on the couch tonight because CREEPY GIRLS UNDER BEDS NOPE NOPE NOPE #Reign", "user": "surrexi", "id": 398698880339939328}, {"text": "Also WHAT IS SHE WEARING a freaking LACE DRESS? Also also WHY IS FRANCIS VISITING HER BEDROOM? #headdesk #Reign", "user": "surrexi", "id": 398698253165682688}, {"text": "\"The matter will be forgotten by all of us. And history too, no doubt.\" HAHAHAHAHAHA OMG BRB THIS HISTORIAN IS LAUGHING FOREVER. #Reign", "user": "surrexi", "id": 398697753108152320}, {"text": "*sigh* Hot Portuguese Prince is way less hot now that he's an abusive asshole. (Meanwhile the costumes are still atrocious!) #Reign", "user": "surrexi", "id": 398690957593305088}, {"text": "Fan of #Reign? Join me on #GetGlue http://t.co/VPmdg3rsxL", "user": "AmyLovesCinema", "id": 398690631218114560}, {"text": "Just got this limited #Reign sticker. Get yours now #GetGlue http://t.co/RF48PoUIJh #Reign", "user": "AmyLovesCinema", "id": 398690628475047936}, {"text": "RT @lilage4life: Like Reign of Dragons iOS/Android! #ReignD http://t.co/3Y0ABdswu9\n\n http://t.co/avP3DmftxX http://t.co/n5SBlWoibn", "user": "ahmetsofu00", "id": 398685346097283072}, {"text": "Just got today's #Reign sticker. Get yours in the next 0h:26m. #GetGlue http://t.co/jfOqcjiZoP #Reign", "user": "kisses4roxy", "id": 398684712505733120}, {"text": "@seasoccerscene I'm gonna have to bring out Seattle Reign's mascot Self Suffocating Cat to cheer me.#FreeRosales http://t.co/OsZ0MUYWKg", "user": "hercircumstance", "id": 398681863050379264}, {"text": "Let Your Glory reign in us, Tear down the impossible, and let Your name be lifted up! #Jesus #Team_God #GodsDailyLove", "user": "GunnBacabtr", "id": 398681370408792064}, {"text": "Just got this limited #Reign sticker. Get yours now #GetGlue http://t.co/kMjMWu0V28 #Reign", "user": "xmargie22x", "id": 398679926305746944}, {"text": "@bertiedav If you show up at a Reign games and tweet players I love you. Yedlin and EJ were sweet.", "user": "hercircumstance", "id": 398676057592586240}, {"text": "@TheChloeDawn it's totally a chick show but I'm in love with it. So that should tell you something! It's pretty awesome! #Reign", "user": "raulcabrerajr95", "id": 398675752515665920}, {"text": "I just voted for Reign #newtvdrama #PeoplesChoice. Retweet to vote http://t.co/yJuKkANuEr via @peopleschoice", "user": "TWfan19", "id": 398672646860062720}, {"text": "Can I just say\u2026 BEYOND impressed with the new episode of Reign! I was on the edge of my seat the whole time. Best episode by far! @CWReign", "user": "minutemadi", "id": 398666035902947329}, {"text": "Twitter - in SAN ANTONIO follow @CW35_SA for #TVD #reign #SEC #TheCarrieDiaries #TMZ @gossipgirl @tvdfansonline... http://t.co/RSXJg1PhY1", "user": "CW35_SA", "id": 398665205162721280}, {"text": "AHHH! Reign was amazing! :D", "user": "xmargie22x", "id": 398664763418226688}, {"text": "SAN ANTONIO follow @CW35_SA for #TVD #reign #SEC #TheCarrieDiaries #TMZ\n@gossipgirl @tvdfansonline @CWReign @sec @tmz", "user": "CW35_SA", "id": 398663988105318401}, {"text": "I must admit that #Scandal gets better and better each week... I stay anticipated for Thursdays", "user": "Royalty_Reign", "id": 398663247814877184}, {"text": "Just got today's #Reign sticker. Get yours in the next 1h:57m. #GetGlue http://t.co/drrFoeINsZ #Reign", "user": "xcitean", "id": 398661889347289088}, {"text": "Love is the most dangerous subject #Reign", "user": "hirmannan", "id": 398658477318348800}, {"text": "reign over me was such a good movie, I'm still crying\ud83d\ude2d", "user": "_kirarodgers", "id": 398657033022369793}, {"text": "Reign of Dragons iOS/Android #ReignD http://t.co/AcCWRNfKPk\n\n http://t.co/TdkxbaneRF http://t.co/H29v6ZqDD2", "user": "McGaryJ", "id": 398656694823038976}, {"text": "Just got this limited #Reign sticker. Get yours now #GetGlue http://t.co/XfwOjip7Go #Reign", "user": "Fernando_JPerez", "id": 398654973346840576}, {"text": "Reign of Dragons iOS/Android #ReignD http://t.co/4f4BAElMtG\n\n http://t.co/3Aw3CQwq3k http://t.co/m6tmTtXxLi", "user": "wawhitlock2009", "id": 398652628709560320}, {"text": "IT HAS BEEN TWENTY MINUTES AND THE NEW EPISODE OF REIGN ISN'T ON PROJECT FREE TV YET. Not that I'm impatient or anything.", "user": "xmargie22x", "id": 398651495517679616}, {"text": "Reign of Dragons iOS/Android #ReignD http://t.co/wsKQGHCWfW\n\n http://t.co/l9Fqtk58D4 http://t.co/qNjZAOZLdF", "user": "JaycatB", "id": 398650993056829440}, {"text": "RT @Sparks_Bee: \"Killing is not supposed to be easy, if your hands weren't shaking, you'd be him.\"\n-Bash \n#Reign #Bash #cw @torrancecoombs \u2026", "user": "DELENAldiaries", "id": 398650497621426176}, {"text": "RT @Sparks_Bee: \"Killing is not supposed to be easy, if your hands weren't shaking, you'd be him.\"\n-Bash \n#Reign #Bash #cw @torrancecoombs \u2026", "user": "CowMeow24", "id": 398649614695297025}, {"text": "\"Killing is not supposed to be easy, if your hands weren't shaking, you'd be him.\"\n-Bash \n#Reign #Bash #cw @torrancecoombs @CWReign", "user": "Sparks_Bee", "id": 398649350261186560}, {"text": "Is the new #Reign episode somewhere online yet? I really want to watch it!", "user": "xmargie22x", "id": 398648862170046465}, {"text": "Reign of Dragons iOS/Android #ReignD http://t.co/wsKQGHCWfW\n\n http://t.co/5y2lQYPqeZ http://t.co/ATNtQJtqlQ", "user": "JaycatB", "id": 398647694572265473}, {"text": "Reign was so good this week I ship Mary and Francis so hard but he's going to SCREW EVERYTHING UP", "user": "maekay96", "id": 398647386932649985}, {"text": "Just got today's #Reign sticker. Get yours in the next 2h:57m. #GetGlue http://t.co/t37NlBuTPT #Reign", "user": "HermioneDuh", "id": 398646789873881088}, {"text": "Reign of Dragons iOS/Android #ReignD http://t.co/GX51DkS20r\n\n http://t.co/DUKwZd3cVz http://t.co/QOQtuQXxXN", "user": "Cabby16", "id": 398646448633286657}, {"text": "CLARISSA=CREEPY!!#Reign", "user": "TWfan19", "id": 398646433366020096}, {"text": "Francis doesn't need a mistress! He has a Queen already! #Reign", "user": "johannap42610", "id": 398646122433875969}, {"text": "Reign of Dragons iOS/Android #ReignD http://t.co/R7inlixd9B\n\n http://t.co/7FIGP27QkZ http://t.co/nFuo1IGfQF", "user": "troy76p", "id": 398645334139600896}, {"text": "Thomas is dead! Yay! #Reign", "user": "TWfan19", "id": 398643861913747456}, {"text": "So much intensity right now. .I can't even #Reign #CW", "user": "MissIlseMerari", "id": 398643695849074688}, {"text": "I knew Thomas was trouble from the start!! Knew it!! #Reign", "user": "TWfan19", "id": 398641861604020224}, {"text": "#Reign @torrancecoombs @AdelaideKane  there's proof don't marry him he's so evil", "user": "Lalapureangel", "id": 398641364260245504}, {"text": "Like Reign of Dragons iOS/Android! #ReignD http://t.co/wsKQGHCWfW\n\n http://t.co/nC23q4rmfF http://t.co/1l1Cioeb6F", "user": "JaycatB", "id": 398640375050424320}, {"text": "I'm watching #Reign with 4848 other fans on #GetGlue http://t.co/q9OtVQLb3c", "user": "celtickitty66", "id": 398639337535184896}, {"text": "If you're watching #Reign join me &amp; 4848 other fans on #GetGlue http://t.co/q9OtVQLb3c", "user": "celtickitty66", "id": 398639337031876608}, {"text": "Reign of Dragons iOS/Android #ReignD http://t.co/4f4BAElMtG\n\n http://t.co/mAOKm3e71B http://t.co/qDsQnAf6re", "user": "wawhitlock2009", "id": 398638550159069184}, {"text": "Just got today's #Reign sticker. Get yours in the next 3h:37m. #GetGlue http://t.co/biVGbsCSH8 #Reign", "user": "Ness0226", "id": 398636555000360960}, {"text": "Look how far we've came, through the fire I stood low and we would reign.", "user": "truudhruu", "id": 398636070939541504}, {"text": "Like Reign of Dragons iOS/Android! #ReignD http://t.co/R7inlixd9B\n\n http://t.co/3XOiw92owi http://t.co/7cq8okXqeQ", "user": "troy76p", "id": 398636056175579136}, {"text": "Reign of Dragons iOS/Android #ReignD http://t.co/jzpFXRv9T1\n\n http://t.co/9qM5vSMyzb http://t.co/p0WHzBc7vU", "user": "AtomAnt", "id": 398635723911200768}, {"text": "Just got today's #Reign sticker. Get yours in the next 3h:41m. #GetGlue http://t.co/zGxg4fc2gP #Reign", "user": "kristi4pandas", "id": 398635715904671744}, {"text": "Hahaha. #ousucks and it's just going to get worse in the coming years. The Big XII is open for the reign of the longhorns and bears.", "user": "CobyBlackmonI", "id": 398635460089479168}, {"text": "Just got today's #Reign sticker. Get yours in the next 3h:47m. #GetGlue http://t.co/oy4n8KzLNA #Reign", "user": "team_oth1223", "id": 398634087185133568}, {"text": "Like Reign of Dragons iOS/Android! #ReignD http://t.co/LxExgNAjKr\n\n http://t.co/wIbZXODfxF http://t.co/OLCI7SVOzp", "user": "generalmalice", "id": 398633931085324288}, {"text": "So happy @CWReign is on \ud83d\ude38\ud83d\ude38\ud83d\ude38\ud83d\ude38 #beenwaitingallweek #reign @AdelaideKane", "user": "blahblahnicole", "id": 398633764722446336}, {"text": "Just got this limited #Reign sticker. Get yours now #GetGlue http://t.co/Uek8DPRFuY #Reign", "user": "BTR_M5Addict", "id": 398632459019251712}, {"text": "#Reign", "user": "Serenity37", "id": 398632418619310080}, {"text": "Just got this limited #Reign sticker. Get yours now #GetGlue http://t.co/xgbvvORQ01 #Reign", "user": "Lalapureangel", "id": 398631552185536512}, {"text": "#Reign #Reign #GetGlue http://t.co/B1m2DRNS8c", "user": "Lalapureangel", "id": 398631551803883520}, {"text": "enough #TVD and #Dobrevelganger s. Time for #Reign", "user": "Serenity37", "id": 398631297632845825}, {"text": "Everyone please watch @CWReign!!!!! Its a really great show and deserves a full season order so please watch!!!!!!! #Reign", "user": "TWfan19", "id": 398631265735147522}, {"text": "REIGN\u2764\ufe0f\u2764\ufe0f\u2764\ufe0f", "user": "maekay96", "id": 398630978777665537}, {"text": "Just got today's #Reign sticker. Get yours in the next 4h:0m. #GetGlue http://t.co/cqzWift1Go #Reign", "user": "LovelyMsJessica", "id": 398630790244073472}, {"text": "Reign of Dragons iOS/Android #ReignD http://t.co/jzpFXRv9T1\n\n http://t.co/ENdNvXZxJn http://t.co/E8c8QDeU6i", "user": "AtomAnt", "id": 398630282317680640}, {"text": "Just got today's #Reign sticker. Get yours in the next 4h:4m. #GetGlue http://t.co/t5XiAEKoKY #Reign", "user": "AshanteScorpio", "id": 398629816154726400}, {"text": "So I'm waiting for #Reign to start &amp; I'm watching Vampire Diaries for the 1st time... I don't get why people like it...", "user": "johannap42610", "id": 398629810609467392}, {"text": "Grey's, TVD, &amp; Reign \u2764\ufe0f\u270c\ufe0f gotta LOVE thursdays!", "user": "shaynamyrick", "id": 398623709151252480}, {"text": "Reign of Dragons iOS/Android #ReignD http://t.co/OFZiBeBh8W\n\n http://t.co/NIhgrefrCJ http://t.co/IbPbpea0sU", "user": "z0mbienightmare", "id": 398619370642886656}, {"text": "Just got today's #Reign sticker. Get yours in the next 4h:57m. #GetGlue http://t.co/1TQcDr3qpL #Reign", "user": "Rhettoric_1", "id": 398616601257574401}, {"text": "I'm watching Reign (475 others are watching) http://t.co/pUhz1RW4Vn #GetGlue @cwreign", "user": "Rhettoric_1", "id": 398616559037345792}, {"text": "Reign down on me.... http://t.co/jw4r35XiQ5 #GetGlue @cwreign", "user": "Rhettoric_1", "id": 398616538091360256}, {"text": "My night ;\n#XFactor \n#Glee\n#TheVampireDiaries \n#Reign \n\n:D", "user": "MellieRose7711", "id": 398616465089101824}, {"text": "RT @lilage4life: Like Reign of Dragons iOS/Android! #ReignD http://t.co/3Y0ABdswu9\n\n http://t.co/avP3DmftxX http://t.co/n5SBlWoibn", "user": "kellyaw25", "id": 398614392780390400}, {"text": "Like Reign of Dragons iOS/Android! #ReignD http://t.co/DdSunJmkZB\n\n http://t.co/jjIrBJjf30 http://t.co/DMBvRUAQe0", "user": "johnnycool_1", "id": 398602179738488832}, {"text": "Reign of Dragons iOS/Android #ReignD http://t.co/LxExgNAjKr\n\n http://t.co/sadVlvSaxr http://t.co/uBUTJrj1zv", "user": "generalmalice", "id": 398602103892881408}, {"text": "Like Reign of Dragons iOS/Android! #ReignD http://t.co/wsKQGHCWfW\n\n http://t.co/QAbexIDkYO http://t.co/IKu49zyfyW", "user": "JaycatB", "id": 398601287182217216}, {"text": "Reign of Dragons iOS/Android #ReignD http://t.co/GX51DkS20r\n\n http://t.co/nA7JcNCsXF http://t.co/jJvu0J7Wlg", "user": "Cabby16", "id": 398600994923106304}, {"text": "Reign of Dragons iOS/Android #ReignD http://t.co/R7inlixd9B\n\n http://t.co/8hiLW5ovnq http://t.co/zt5MHCFIMH", "user": "troy76p", "id": 398598812593176576}, {"text": "Like Reign of Dragons iOS/Android! #ReignD http://t.co/DdSunJmkZB\n\n http://t.co/RfDDx5SF05 http://t.co/gOopaAIzow", "user": "johnnycool_1", "id": 398592764662657024}, {"text": "I soooo want to see #thebestmanholiday I can't wait until the 15th", "user": "Royalty_Reign", "id": 398591284052389888}, {"text": "Like Reign of Dragons iOS/Android! #ReignD http://t.co/R7inlixd9B\n\n http://t.co/BGlbnkw9GQ http://t.co/oBQFaqMDOT", "user": "troy76p", "id": 398591066221207552}, {"text": "Reign of Dragons iOS/Android #ReignD http://t.co/GX51DkS20r\n\n http://t.co/WhTN1JGtU7 http://t.co/3258cja0EZ", "user": "Cabby16", "id": 398590664016809984}, {"text": "Reign of Dragons iOS/Android #ReignD http://t.co/LxExgNAjKr\n\n http://t.co/UbFwq1HzdJ http://t.co/cgLRm5ZfEJ", "user": "generalmalice", "id": 398590009839611905}, {"text": "Ready to watch my shows for the night #xfactorusa #glee #Scandal", "user": "Royalty_Reign", "id": 398589439791747073}, {"text": "Some people think that life ends for a young person when they have a child but all it does is open up more responsibility", "user": "Royalty_Reign", "id": 398588133807112192}, {"text": "RT @wildparty: @WhatACatchLouis awww nahh grl. No cry. That profession shall reign true till the end of wild party time and beyond.", "user": "EmmHisepic", "id": 398586767961751552}, {"text": "Seek and you will find.....", "user": "Royalty_Reign", "id": 398586199608016896}, {"text": "FDA bans trans fats but Monsantos has free reign...seems legit. #tcot", "user": "ritmoon", "id": 398563637729587200}, {"text": "@bertiedav using a roster spot on Mexican players mostly hurt teams sadly. Now Reign has one developing overseas essentially.", "user": "hercircumstance", "id": 398550306524377088}, {"text": "Reign of Dragons iOS/Android #ReignD http://t.co/DdSunJmkZB\n\n http://t.co/Gta5HSk1A4 http://t.co/ibFRHiSL7V", "user": "johnnycool_1", "id": 398546366160318464}, {"text": "Like Reign of Dragons iOS/Android! #ReignD http://t.co/4f4BAElMtG\n\n http://t.co/rTDRxuXxwK http://t.co/yl0jgJcdnV", "user": "wawhitlock2009", "id": 398545721718083584}, {"text": "Reign of Dragons iOS/Android #ReignD http://t.co/LxExgNAjKr\n\n http://t.co/DcrMNdD4u1 http://t.co/tzcJjnwrSP", "user": "generalmalice", "id": 398538681197133824}, {"text": "Reign of Dragons iOS/Android #ReignD http://t.co/R7inlixd9B\n\n http://t.co/UcwofPuVEH http://t.co/amsw8XEddP", "user": "troy76p", "id": 398538613572395008}, {"text": "Reign of Dragons iOS/Android #ReignD http://t.co/GX51DkS20r\n\n http://t.co/ar26ReMlg0 http://t.co/4Pnb7K4Zdv", "user": "Cabby16", "id": 398537069133185024}, {"text": "Reign of Dragons iOS/Android #ReignD http://t.co/GX51DkS20r\n\n http://t.co/RVg1pTjooY http://t.co/Il4FJfAHm0", "user": "Cabby16", "id": 398536317098663937}, {"text": "How Reign fills its int spot will be interesting. We actually have connections and good rep. The EVE announcement means more to come.", "user": "hercircumstance", "id": 398536084620980225}, {"text": "Like Reign of Dragons iOS/Android! #ReignD http://t.co/R7inlixd9B\n\n http://t.co/8f7ASfRJe0 http://t.co/n8AiagZD2f", "user": "troy76p", "id": 398532498734342145}, {"text": "Like Reign of Dragons iOS/Android! #ReignD http://t.co/GX51DkS20r\n\n http://t.co/u9utQhq6dC http://t.co/4AaSwIPHEJ", "user": "Cabby16", "id": 398530854982410240}, {"text": "Like Reign of Dragons iOS/Android! #ReignD http://t.co/LxExgNAjKr\n\n http://t.co/iUfAtwpO4J http://t.co/1o7jHL0AR7", "user": "generalmalice", "id": 398529029495459840}, {"text": "RT @Proverbs31org: \"We can\u2019t look to our feelings to determine truth. We must look to truth to reign in our feelings.\" ~ Lysa TerKeurst", "user": "LauraNaiser", "id": 398524531637518336}, {"text": "@JeffKassouf @justkhoai Were they getting 2011 Arod or the 2014 mystery version? That is a risk a healthy KC can take. Reign needs security.", "user": "hercircumstance", "id": 398518113861255168}, {"text": "Reign of Dragons iOS/Android #ReignD http://t.co/3Y0ABdswu9\n\n http://t.co/p8gIL6U0Tr http://t.co/ercA7Af4fn", "user": "lilage4life", "id": 398498116040527872}, {"text": "Reign of Dragons iOS/Android #ReignD http://t.co/4f4BAElMtG\n\n http://t.co/QESPsMOI3B http://t.co/aMDzOWKyiP", "user": "wawhitlock2009", "id": 398497824792260608}, {"text": "Reign of Dragons iOS/Android #ReignD http://t.co/R7inlixd9B\n\n http://t.co/IYhjfbU82H http://t.co/tSsSQ8kiK7", "user": "troy76p", "id": 398494087201816576}, {"text": "Reign of Dragons iOS/Android #ReignD http://t.co/OFZiBeBh8W\n\n http://t.co/MKYejbLSoU http://t.co/R068eO2fkw", "user": "z0mbienightmare", "id": 398493027175378944}, {"text": "Reign of Dragons iOS/Android #ReignD http://t.co/LxExgNAjKr\n\n http://t.co/VtbJ0Wsoa7 http://t.co/U3IEYg2Fjl", "user": "generalmalice", "id": 398491748780871680}, {"text": "RT @lilage4life: Like Reign of Dragons iOS/Android! #ReignD http://t.co/3Y0ABdswu9\n\n http://t.co/avP3DmftxX http://t.co/n5SBlWoibn", "user": "_ElleDee_", "id": 398490861803409408}, {"text": "Reign of Dragons iOS/Android #ReignD http://t.co/GX51DkS20r\n\n http://t.co/0revkNEP6B http://t.co/xYqxlDdeCi", "user": "Cabby16", "id": 398490769473810432}, {"text": "Like Reign of Dragons iOS/Android! #ReignD http://t.co/8o5Xcj8I7w\n\n http://t.co/Qo2WjHPjiU http://t.co/l9R46jYpeV", "user": "nehthelania", "id": 398488615564484608}, {"text": "Like Reign of Dragons iOS/Android! #ReignD http://t.co/R7inlixd9B\n\n http://t.co/HR7BCQSFwi http://t.co/YcUntaTlVC", "user": "troy76p", "id": 398486236517519360}, {"text": "Like Reign of Dragons iOS/Android! #ReignD http://t.co/GX51DkS20r\n\n http://t.co/Wx4KQwRbq5 http://t.co/oXaSOHtJCa", "user": "Cabby16", "id": 398482157779177473}, {"text": "Like Reign of Dragons iOS/Android! #ReignD http://t.co/LxExgNAjKr\n\n http://t.co/A5h5IMuufX http://t.co/GV6HGbTr9B", "user": "generalmalice", "id": 398482049582899201}, {"text": "Photo: tyleroakley: nevver: Six Decades of the Most Popular Names for Girls That Jennifer reign just won\u2019t... http://t.co/leDRQVDuJS", "user": "bbaabboo1", "id": 398472535337357312}, {"text": "Like Reign of Dragons iOS/Android! #ReignD http://t.co/F3If1Z3Ghl\n\n http://t.co/97IhmbPKyI http://t.co/Zo0pgRM1zf", "user": "rkotheviper91", "id": 398468426718408705}, {"text": "Nothing compares to your embrace.Light of the world, forever reign.\ud83c\udfb6", "user": "areyoubeewhy18", "id": 398460396484300800}, {"text": "RT @lilage4life: Like Reign of Dragons iOS/Android! #ReignD http://t.co/3Y0ABdswu9\n\n http://t.co/avP3DmftxX http://t.co/n5SBlWoibn", "user": "Erikaaa14", "id": 398453575086788608}, {"text": "ITS THURSDAY WHICH MEANS REIGN NIGHT yayyyayayayayYAYAYAYAYAyayayayayyyYayayaAAAAAAAAAAAYYAAAAAAAY", "user": "cecilializbethx", "id": 398450742349922304}, {"text": "@GracieDzienny The Who's \"Love Reign O'er Me\" from Quadrophenia", "user": "LouieNeira", "id": 398424793856233472}, {"text": "@mandy7n Oh, don't worry. I got Reign's mascot ready to go too. The Self Smothering Cat: http://t.co/Z7AvG7iKQl", "user": "hercircumstance", "id": 398340967557640192}, {"text": "The newest @Impending_Doom album, Death will Reign is on key. Now I just need to win the #repentagram contest.", "user": "beardedhunk", "id": 398335332967383041}, {"text": "@ryanjlee_13 I agree, but every coaching reign has to come in, I don't want a Paterno situation to say the least.", "user": "JRN_31", "id": 398320344705949696}, {"text": "Reign\ud83d\udc51", "user": "daniellemarie3_", "id": 398315566496108544}, {"text": "Despite my feelings I know one person that will keep me going... His name is Jase Armani #proudmommy #ilovemyson", "user": "Royalty_Reign", "id": 398311271356833792}, {"text": "King George!!!! His reign never ends!!!\ud83d\ude0d\ud83d\ude0d\ud83d\ude0d", "user": "Aerial_Vick13", "id": 398298401025966080}, {"text": "Like Reign of Dragons iOS/Android! #ReignD http://t.co/3Y0ABdswu9\n\n http://t.co/H3zio3ojzJ http://t.co/ja4Gqv42nG", "user": "lilage4life", "id": 398286752990777345}, {"text": "Like Reign of Dragons iOS/Android! #ReignD http://t.co/DdSunJmkZB\n\n http://t.co/kHn4UkNQbC http://t.co/0hQkJSsPhM", "user": "johnnycool_1", "id": 398283312839417857}, {"text": "RT @lilage4life: Like Reign of Dragons iOS/Android! #ReignD http://t.co/3Y0ABdswu9\n\n http://t.co/avP3DmftxX http://t.co/n5SBlWoibn", "user": "louisemcgonigle", "id": 398281988718993408}, {"text": "Reign of Dragons iOS/Android #ReignD http://t.co/GX51DkS20r\n\n http://t.co/dWtMYEc7qj http://t.co/AA1SJuimbp", "user": "Cabby16", "id": 398279584690368512}, {"text": "Reign of Dragons iOS/Android #ReignD http://t.co/R7inlixd9B\n\n http://t.co/i9Bng9iBJq http://t.co/Ppib0gu1QC", "user": "troy76p", "id": 398275193354715136}, {"text": "Like Reign of Dragons iOS/Android! #ReignD http://t.co/LxExgNAjKr\n\n http://t.co/sIEj040fTL http://t.co/GBk6I9sXra", "user": "generalmalice", "id": 398272680668831745}, {"text": "Like Reign of Dragons iOS/Android! #ReignD http://t.co/GX51DkS20r\n\n http://t.co/0HX9bSuZyH http://t.co/dHYkAc5oue", "user": "Cabby16", "id": 398271113429385216}, {"text": "Country Music Awards are on Tonight....which means.....the Mexicans have free reign at Walmart!!!! Whooo Hooo!!!!!", "user": "raylo68", "id": 398260141004304385}, {"text": "@shaymahammad @monaabdallah_ I'm on the second episode of Reign and I love it !", "user": "Manarnar_", "id": 398255155293876224}, {"text": "RT @luke_winkie: The decline of Blockbuster's reign was marked by the ever growing candy/chips section in the checkout line", "user": "dcornman", "id": 398250371954397184}, {"text": "@RobertLBeck @BrentZwerneman @McMurphyESPN @2006EE looks like they're going with \"We're ESPN\". Guess that allows free reign.", "user": "ewhite17", "id": 398250348931850240}, {"text": "Reign of Dragons iOS/Android #ReignD http://t.co/LxExgNAjKr\n\n http://t.co/2ySufkr6JV http://t.co/dy1nDcob6m", "user": "generalmalice", "id": 398238950453555200}, {"text": "Reign of Dragons iOS/Android #ReignD http://t.co/OFZiBeBh8W\n\n http://t.co/Ai1rlcv8iF http://t.co/JqFsFiUQlo", "user": "z0mbienightmare", "id": 398238235828031488}, {"text": "Reign of Dragons iOS/Android #ReignD http://t.co/DdSunJmkZB\n\n http://t.co/StaHOhKkRE http://t.co/QtPxL7AywX", "user": "johnnycool_1", "id": 398236629816463360}, {"text": "Reign of Dragons iOS/Android #ReignD http://t.co/R7inlixd9B\n\n http://t.co/79JuCHc34O http://t.co/QU0ItYVPi4", "user": "troy76p", "id": 398235595740168192}, {"text": "Previewing the Bear Offense - Reign of Troy http://t.co/Lc8wNT2QpH #smacktalksports", "user": "SmacTok", "id": 398234077159251968}, {"text": "Like Reign of Dragons iOS/Android! #ReignD http://t.co/GX51DkS20r\n\n http://t.co/lNyvWIpAKe http://t.co/6pI2cdcSUe", "user": "Cabby16", "id": 398234030002282496}, {"text": "Like Reign of Dragons iOS/Android! #ReignD http://t.co/LxExgNAjKr\n\n http://t.co/E4F7KidZPl http://t.co/tmmcQnJi18", "user": "generalmalice", "id": 398229973774790656}, {"text": "Reign of Dragons iOS/Android #ReignD http://t.co/R7inlixd9B\n\n http://t.co/FWjIsJnd8r http://t.co/ysjoNUhS1W", "user": "troy76p", "id": 398228640564908032}, {"text": "Reign of Dragons iOS/Android #ReignD http://t.co/DdSunJmkZB\n\n http://t.co/ZKxloYOGtQ http://t.co/hq0i1w9FWR", "user": "johnnycool_1", "id": 398228412449312768}, {"text": "Like Reign of Dragons iOS/Android! #ReignD http://t.co/DdSunJmkZB\n\n http://t.co/wLGXHevr36 http://t.co/nAAAbizcmM", "user": "johnnycool_1", "id": 398227289919324160}, {"text": "Reign of Dragons iOS/Android #ReignD http://t.co/GX51DkS20r\n\n http://t.co/B9Up9D5dF0 http://t.co/YDMxn6yX0o", "user": "Cabby16", "id": 398225330273386497}, {"text": "RT @lilage4life: Like Reign of Dragons iOS/Android! #ReignD http://t.co/3Y0ABdswu9\n\n http://t.co/avP3DmftxX http://t.co/n5SBlWoibn", "user": "BlJelle", "id": 398214776163430400}, {"text": "#nowplaying You Reign - Jason Lambert http://t.co/7qb9WCXlo6", "user": "VOTRadio", "id": 398208247431434240}, {"text": "Reign of Dragons iOS/Android #ReignD http://t.co/OFZiBeBh8W\n\n http://t.co/K9xSeTjbaj http://t.co/IVOtK17Gmr", "user": "z0mbienightmare", "id": 398202912741937153}, {"text": "New favorite shoe Reign \ud83d\udc97\ud83d\udc97\ud83d\udcb0", "user": "DaniDChilds", "id": 398194365815726081}, {"text": "Reign of Dragons iOS/Android #ReignD http://t.co/4f4BAElMtG\n\n http://t.co/vcxC5cJJtp http://t.co/wxhD7DfgWZ", "user": "wawhitlock2009", "id": 398183952852086784}, {"text": "Reign of Dragons iOS/Android #ReignD http://t.co/Ysl2loS7lh\n\n http://t.co/NIgWMybOpR http://t.co/4qqe6LmUXX", "user": "kaysplace65", "id": 398178735519584256}, {"text": "Reign of Dragons iOS/Android #ReignD http://t.co/jzpFXRv9T1\n\n http://t.co/cpwfbKolnG http://t.co/V0PWT3K9GR", "user": "AtomAnt", "id": 398176714309640192}, {"text": "Like Reign of Dragons iOS/Android! #ReignD http://t.co/R7inlixd9B\n\n http://t.co/HVXO39cBlh http://t.co/dUh81Yod2A", "user": "troy76p", "id": 398176010283134976}, {"text": "Like Reign of Dragons iOS/Android! #ReignD http://t.co/OFZiBeBh8W\n\n http://t.co/2zcHxRsO7b http://t.co/S9FlyTXr5S", "user": "z0mbienightmare", "id": 398175721660489728}, {"text": "Like Reign of Dragons iOS/Android! #ReignD http://t.co/LxExgNAjKr\n\n http://t.co/kIoZfYq5kS http://t.co/tJb9goQNaa", "user": "generalmalice", "id": 398175156608061440}, {"text": "Like Reign of Dragons iOS/Android! #ReignD http://t.co/LxExgNAjKr\n\n http://t.co/RWUudseNDJ http://t.co/DWFmW3hdxj", "user": "generalmalice", "id": 398169669720227840}, {"text": "Gov. Christie showed, reign-in our nuttier side, Republicans win. Cuccinelli showed what happens if we don't http://t.co/TKj3a22Qay", "user": "jimhillhouse", "id": 398167223933468672}, {"text": "Like Reign of Dragons iOS/Android! #ReignD http://t.co/R7inlixd9B\n\n http://t.co/vSqO8JUE8X http://t.co/Lbzmnamp1s", "user": "troy76p", "id": 398166001629417472}, {"text": "Like Reign of Dragons iOS/Android! #ReignD http://t.co/GX51DkS20r\n\n http://t.co/elDlyjDyD4 http://t.co/hzIAyRPgy1", "user": "Cabby16", "id": 398164767606448128}, {"text": "Praying for the favor of God to reign over my life as I begin to submit these Law applications!", "user": "daryljwalters", "id": 398162987044728832}, {"text": "RT @luke_winkie: The decline of Blockbuster's reign was marked by the ever growing candy/chips section in the checkout line", "user": "BackToArreis", "id": 398158252577681408}, {"text": "Reign of Dragons iOS/Android #ReignD http://t.co/LxExgNAjKr\n\n http://t.co/ywkHZ7jRka http://t.co/sxzeGsLepC", "user": "generalmalice", "id": 398157344690806784}, {"text": "RT @luke_winkie: The decline of Blockbuster's reign was marked by the ever growing candy/chips section in the checkout line", "user": "Spread_Eagle_17", "id": 398155893079941120}, {"text": "RT @luke_winkie: The decline of Blockbuster's reign was marked by the ever growing candy/chips section in the checkout line", "user": "bnease", "id": 398155667497697281}, {"text": "Reign of Dragons iOS/Android #ReignD http://t.co/LxExgNAjKr\n\n http://t.co/Gp9kEKbwWz http://t.co/ukKd751YP8", "user": "generalmalice", "id": 398155531799367680}, {"text": "RT @luke_winkie: The decline of Blockbuster's reign was marked by the ever growing candy/chips section in the checkout line", "user": "BauceSauce", "id": 398155523414949888}, {"text": "The decline of Blockbuster's reign was marked by the ever growing candy/chips section in the checkout line", "user": "luke_winkie", "id": 398154547278774272}, {"text": "Pleiades Blog: Reign - \"Kissed\" - Review http://t.co/L62Geq5NfG #Reign", "user": "JessicaPatzer1", "id": 398139293308178432}, {"text": "Reign of Dragons iOS/Android #ReignD http://t.co/4f4BAElMtG\n\n http://t.co/GvuI7m6c4T http://t.co/89sKlqDmHD", "user": "wawhitlock2009", "id": 398134791649755136}, {"text": "Like Reign of Dragons iOS/Android! #ReignD http://t.co/R7inlixd9B\n\n http://t.co/GTBXodBp2M http://t.co/P4scVz99v1", "user": "troy76p", "id": 398129769499197440}, {"text": "Reign of Dragons iOS/Android #ReignD http://t.co/LxExgNAjKr\n\n http://t.co/vAFqCvjxVp http://t.co/Cn9Cp9fbt3", "user": "generalmalice", "id": 398128925269708800}, {"text": "Like Reign of Dragons iOS/Android! #ReignD http://t.co/GX51DkS20r\n\n http://t.co/J7boovI9Qu http://t.co/szGV4nkIU8", "user": "Cabby16", "id": 398128362113089538}, {"text": "Reign of Dragons iOS/Android #ReignD http://t.co/LxExgNAjKr\n\n http://t.co/WLuPaIXPOb http://t.co/sN4Q4wd4bx", "user": "generalmalice", "id": 398125111011590145}, {"text": "Reign of Dragons iOS/Android #ReignD http://t.co/GX51DkS20r\n\n http://t.co/Osp9kDIQoV http://t.co/QWAneGZRez", "user": "Cabby16", "id": 398121066859474946}, {"text": "Like Reign of Dragons iOS/Android! #ReignD http://t.co/R7inlixd9B\n\n http://t.co/Hkw9fzX2Cr http://t.co/ihdC3xvZoP", "user": "troy76p", "id": 398120079285424129}, {"text": "Reign of Dragons iOS/Android #ReignD http://t.co/GX51DkS20r\n\n http://t.co/poBGRd62qS http://t.co/D3TKV80uTf", "user": "Cabby16", "id": 398119549460946945}, {"text": "Reign of Dragons iOS/Android #ReignD http://t.co/0E4K0kc1nL\n\n http://t.co/83lFQX6NFi http://t.co/UHziutYhoo", "user": "tommy13tattoos", "id": 398115748150648834}, {"text": "@TVRepublik Thats how I feel about Reign. I dont think its good but I still dvr it.", "user": "MsStarrysky", "id": 398110187589865472}, {"text": "Reign of Dragons iOS/Android #ReignD http://t.co/F3If1Z3Ghl\n\n http://t.co/qJPAOrWe52 http://t.co/IeG638p77P", "user": "rkotheviper91", "id": 398100727194607616}, {"text": "Reign of Dragons iOS/Android #ReignD http://t.co/R7inlixd9B\n\n http://t.co/J29yFCcDzh http://t.co/YgiKAMOnLN", "user": "troy76p", "id": 398086056009936897}, {"text": "Reign of Dragons iOS/Android #ReignD http://t.co/wsKQGHCWfW\n\n http://t.co/OJRS6HB8qx http://t.co/uLhgj1dCHq", "user": "JaycatB", "id": 398066288230023169}, {"text": "RT @ssteven2: Ravitch's Reign vs. Rhee's Radical: Fact vs. Fiction http://t.co/eEhhPzfgtX via @HuffPostPol", "user": "msschnizzle", "id": 398057951489163264}, {"text": "Like Reign of Dragons iOS/Android! #ReignD http://t.co/DdSunJmkZB\n\n http://t.co/67KVaq4u5Z http://t.co/vr40ExuQOL", "user": "johnnycool_1", "id": 398022828684869632}, {"text": "Reign of Dragons iOS/Android #ReignD http://t.co/AcCWRNfKPk\n\n http://t.co/j8i0EioivF http://t.co/47rdh1FpdM", "user": "McGaryJ", "id": 398003578016505856}, {"text": "So I caught up with Glee and then caught up on Reign and now I have to wait until tomorrow/Friday for a new episode of both.", "user": "xmargie22x", "id": 397990600277909504}, {"text": "RT @xmargie22x: @ssydrians Its like everyone decided to change their icons to Reign ones overnight and forgot to tell some of us xD", "user": "ssydrians", "id": 397989957979344896}, {"text": "@ssydrians Its like everyone decided to change their icons to Reign ones overnight and forgot to tell some of us xD", "user": "xmargie22x", "id": 397989718735863808}, {"text": "#Reign @CWReign I absolutely love this show!!!", "user": "KristyAvalos", "id": 397977200596496384}, {"text": "Reign of Dragons iOS/Android #ReignD http://t.co/OFZiBeBh8W\n\n http://t.co/IWYBhkBe9p http://t.co/IseUX8PWOB", "user": "z0mbienightmare", "id": 397933293644959744}, {"text": "Like Reign of Dragons iOS/Android! #ReignD http://t.co/DdSunJmkZB\n\n http://t.co/r3lFfd7tf1 http://t.co/IsvVo6f5GG", "user": "johnnycool_1", "id": 397921780238540800}, {"text": "Like Reign of Dragons iOS/Android! #ReignD http://t.co/R7inlixd9B\n\n http://t.co/5jIvAlb0EM http://t.co/piwdrWV50h", "user": "troy76p", "id": 397918597961363456}, {"text": "Reign of Dragons iOS/Android #ReignD http://t.co/GX51DkS20r\n\n http://t.co/aNXid7ugb3 http://t.co/75DlN4iiB0", "user": "Cabby16", "id": 397917400550481920}, {"text": "Reign of Muscat starts with win http://t.co/UI4B1gUNQZ #ALeague", "user": "ChrisHSport", "id": 397913129335537664}, {"text": "I can't wait for Reign on Thursday.", "user": "maekay96", "id": 397912686949720065}, {"text": "Like Reign of Dragons iOS/Android! #ReignD http://t.co/R7inlixd9B\n\n http://t.co/SLUUTrOjnz http://t.co/HRLb9nZ9BH", "user": "troy76p", "id": 397909908797943809}, {"text": "Like Reign of Dragons iOS/Android! #ReignD http://t.co/3Y0ABdswu9\n\n http://t.co/avP3DmftxX http://t.co/n5SBlWoibn", "user": "lilage4life", "id": 397909577447911424}, {"text": "Reign of Dragons iOS/Android #ReignD http://t.co/wsKQGHCWfW\n\n http://t.co/kRufH0CPdb http://t.co/Ng31BD9gA9", "user": "JaycatB", "id": 397909133585678336}, {"text": "@Em_surf Bummed you're leaving Reign. G'luck with your wleague season and I hope you show up again in the NWSL soon. (not with Portland tho)", "user": "hercircumstance", "id": 397895050895454208}, {"text": "RT @ssteven2: Ravitch's Reign vs. Rhee's Radical: Fact vs. Fiction http://t.co/eEhhPzfgtX via @HuffPostPol", "user": "BAT_teacher", "id": 397877606168940544}, {"text": "Photoset: REIGN SOUNDTRACK:\u00a0EPISODE TWO 01.\u00a0scotland\u00a0- the lumineers | 02.\u00a0flowers in your hair -\u00a0the... http://t.co/L8hWpKmwqS", "user": "MinaDarling94", "id": 397876582985252864}, {"text": "@CandyRatRecords Thanks for helping us all hear Reign of Kindo!! @thereignofkindo", "user": "heirtomadness", "id": 397843236233818112}, {"text": "Reign of Dragons iOS/Android #ReignD http://t.co/jzpFXRv9T1\n\n http://t.co/HK1Y4zVZq9 http://t.co/5MU2Fxcjtb", "user": "AtomAnt", "id": 397836501599260673}, {"text": "EVERYONE VOTE FOR REIGN FOR PCA's BEST TV SHOW DRAMA", "user": "elenachippie", "id": 397817404270444544}, {"text": "The brief, ridiculously productive reign of FCC Chairwoman Mignon Clyburn http://t.co/juHklcyd7J via @feedly", "user": "LionelGeek", "id": 397807832805814272}, {"text": "Keep the faith\"@dammy_durst: @obi2nsa @mz_weennie @tynnybuhmighty meaning we shld b resumin schl afta ur reign den!...smh\"", "user": "tynnyBUHmighty", "id": 397795513728524288}, {"text": "Dear CW, please don't play a preview for next week's episode of #Reign while I'm still watching last week's episode! #spoileralert", "user": "jennabrooke16", "id": 397783265873907712}, {"text": "RT @max_olson: Baylor is finally going tarpless. Remembering the decade-long reign of The Tarp: http://t.co/NawBMTPhXC", "user": "Beachbored2", "id": 397774223160004609}, {"text": "RT @max_olson: Baylor is finally going tarpless. Remembering the decade-long reign of The Tarp: http://t.co/NawBMTPhXC", "user": "DaneBeavers", "id": 397770699428749312}, {"text": "RT @max_olson: Baylor is finally going tarpless. Remembering the decade-long reign of The Tarp: http://t.co/NawBMTPhXC", "user": "jzbu2017", "id": 397770304312725504}, {"text": "RT @rachelstoo: Have a great day for the truth remains and truth will always reign....when all has been said, done or burned up, TRUTH WILL\u2026", "user": "DianJThomas", "id": 397752253987450880}, {"text": "RT @max_olson: Baylor is finally going tarpless. Remembering the decade-long reign of The Tarp: http://t.co/NawBMTPhXC", "user": "KLSouth", "id": 397751430393511936}, {"text": "@jondanziger you must be watching diff espn. Former players are expressing surprise that teammates didn't reign incognito in", "user": "mchris4duke", "id": 397751044421074944}, {"text": "RT @max_olson: Baylor is finally going tarpless. Remembering the decade-long reign of The Tarp: http://t.co/NawBMTPhXC", "user": "BurnTheTarp", "id": 397750159708151808}, {"text": "RT @rachelstoo: Have a great day for the truth remains and truth will always reign....when all has been said, done or burned up, TRUTH WILL\u2026", "user": "Cynthia29895624", "id": 397749146247237632}, {"text": "RT @max_olson: Baylor is finally going tarpless. Remembering the decade-long reign of The Tarp: http://t.co/NawBMTPhXC", "user": "miggiesmalls", "id": 397748316013727745}, {"text": "Have a great day for the truth remains and truth will always reign....when all has been said, done or burned up, TRUTH WILL STAND!!!", "user": "rachelstoo", "id": 397746560655560704}, {"text": "RT @max_olson: Baylor is finally going tarpless. Remembering the decade-long reign of The Tarp: http://t.co/NawBMTPhXC", "user": "JBTexasEx", "id": 397746408645615618}, {"text": "Reign of Dragons iOS/Android #ReignD http://t.co/LxExgNAjKr\n\n http://t.co/w1eyznN4GI http://t.co/wkcIuUowJN", "user": "generalmalice", "id": 397742440959844352}, {"text": "Reign of Dragons iOS/Android #ReignD http://t.co/NeaVSOjRTh\n\n http://t.co/0UzVpN4NWN http://t.co/QK2o0llHL3", "user": "sabo53042", "id": 397741056977928192}, {"text": "RT @max_olson: Baylor is finally going tarpless. Remembering the decade-long reign of The Tarp: http://t.co/NawBMTPhXC", "user": "JBruceHarris", "id": 397737220007665664}, {"text": "RT @max_olson: Baylor is finally going tarpless. Remembering the decade-long reign of The Tarp: http://t.co/NawBMTPhXC", "user": "clarencehilljr", "id": 397736938003644417}, {"text": "RT @max_olson: Baylor is finally going tarpless. Remembering the decade-long reign of The Tarp: http://t.co/NawBMTPhXC", "user": "TexSportsReview", "id": 397735464456974336}, {"text": "Baylor is finally going tarpless. Remembering the decade-long reign of The Tarp: http://t.co/NawBMTPhXC", "user": "max_olson", "id": 397735127184207874}, {"text": "RT @StevensonPierce: \u201c@Keepa_WetWipe: @bropando the world has ingested merely a sample of my reign so far ...\ud83d\ude08\u201d\ud83d\ude4c PREACH they don't even kno\u2026", "user": "Kyy_D_Shit", "id": 397726548674895872}, {"text": "RT @StevensonPierce: \u201c@Keepa_WetWipe: @bropando the world has ingested merely a sample of my reign so far ...\ud83d\ude08\u201d\ud83d\ude4c PREACH they don't even kno\u2026", "user": "Keepa_WetWipe", "id": 397723079847460864}, {"text": "\u201c@Keepa_WetWipe: @bropando the world has ingested merely a sample of my reign so far ...\ud83d\ude08\u201d\ud83d\ude4c PREACH they don't even know yet", "user": "StevensonPierce", "id": 397722534679805952}, {"text": "\u201c@Keepa_WetWipe: @bropando @StevensonPierce the world has ingested merely a sample of my reign so far ...\ud83d\ude08\u201d", "user": "StevensonPierce", "id": 397721998719086592}, {"text": "\u201c@Keepa_WetWipe: @bropando @StevensonPierce @Kyy_D_Shitthe world has ingested merely a sample of my reign so far ...\ud83d\ude08\u201d \ud83d\ude4c h ah preach", "user": "StevensonPierce", "id": 397721466990383104}, {"text": "@bropando @StevensonPierce @Kyy_D_Shit the world has ingested merely a sample of my reign so far ...\ud83d\ude08", "user": "Keepa_WetWipe", "id": 397721266284933120}, {"text": "Reign is so awesome and it is awesome to see Adelaide Kane as the lead. I loved her as Cora in Teen Wolf and she's such a good actress. (:", "user": "xmargie22x", "id": 397711084481556480}, {"text": "Meh, I'm gonna watch the next episode of Reign and then sleep and maybe tomorrow I might write or maybe not. I don't care right now.", "user": "xmargie22x", "id": 397708779640221696}, {"text": "Reign of Dragons iOS/Android #ReignD http://t.co/R7inlixd9B\n\n http://t.co/Nm9uQUEO3R http://t.co/nemg5monUa", "user": "troy76p", "id": 397702125100097537}, {"text": "RT @lilage4life: Reign of Dragons iOS/Android #ReignD http://t.co/3Y0ABdswu9\n\n http://t.co/O8nF0ZkE0q http://t.co/rZalZANOlT", "user": "ElisaAyala1", "id": 397672912343556096}, {"text": "Trying to convince my mum to watch Reign and I think I'm failing here.", "user": "xmargie22x", "id": 397668551726620673}, {"text": "Reign of Dragons iOS/Android #ReignD http://t.co/4f4BAElMtG\n\n http://t.co/3GmphzemeY http://t.co/IyT69rXRIk", "user": "wawhitlock2009", "id": 397651293805629440}, {"text": "Like Reign of Dragons iOS/Android! #ReignD http://t.co/4f4BAElMtG\n\n http://t.co/URKcpVEZIc http://t.co/GuX1Aq4Dem", "user": "wawhitlock2009", "id": 397650071535095808}, {"text": "Reign of Dragons iOS/Android #ReignD http://t.co/DdSunJmkZB\n\n http://t.co/90XfFQWbHV http://t.co/gAhdyUc6ya", "user": "johnnycool_1", "id": 397644091141271553}, {"text": "Ah, the music in Reign is so awesome. :D", "user": "xmargie22x", "id": 397640567867199488}, {"text": "THE MUSIC ON REIGN. WHAT IS IT?", "user": "xmargie22x", "id": 397633686083883008}, {"text": "Reign of Dragons iOS/Android #ReignD http://t.co/LxExgNAjKr\n\n http://t.co/Ia1fviqKMk http://t.co/K3izFzxdlW", "user": "generalmalice", "id": 397609021584048128}, {"text": "I love The Reign of Kindo. Don't y'all just love The Reign of Kindo?", "user": "kneeslappa", "id": 397602568387317761}, {"text": "Ripped my leggings already. The reign of terror is over.", "user": "skangaskhan", "id": 397586825726152704}, {"text": "The new show Reign is really good \u2764\ufe0f", "user": "toto_lynn97", "id": 397578257505079296}, {"text": "@TheOriginalRoom Thx for the follow! Go see Jolly and The Reign of Kindo tomorrow in Phoenix!", "user": "heirtomadness", "id": 397571631561719810}, {"text": "@DaughterofGod0 it reminds me that one day sin will have no more power and God will reign forever and ever. :) thank you!", "user": "Lite_intheworld", "id": 397565655848738816}, {"text": "@kriven4437 Because The Rock came in and shat on his 434 day reign.", "user": "AgentKane719", "id": 397552950077186048}, {"text": "I don't watch a lot of CW t.v shows.. so Reign seems promising.", "user": "shadeacrobat", "id": 397552828081643520}, {"text": "i'm watching reign.", "user": "shadeacrobat", "id": 397552244410687488}, {"text": "@shaymahammad @monaabdallah_ tf is reign ?", "user": "Manarnar_", "id": 397547970393931776}, {"text": "@justkhoai Reign is lucky they have a few key players committing early. Winters/Fishlock ... the rest sound like they want to be back.", "user": "hercircumstance", "id": 397544917699817476}, {"text": "I feel certain Mina's hair is all wrong. I blame #Reign for these kinds of shenanigans. #Dracula", "user": "queenkandis", "id": 397539420846305280}, {"text": "Reign of Dragons iOS/Android #ReignD http://t.co/3Y0ABdswu9\n\n http://t.co/O8nF0ZkE0q http://t.co/rZalZANOlT", "user": "lilage4life", "id": 397499105687007234}, {"text": "RT @lilage4life: Reign of Dragons iOS/Android #ReignD http://t.co/3Y0ABdswu9\n\n http://t.co/ExAI8Cn0ga http://t.co/PcgJc62UcP", "user": "funny97xd", "id": 397480987665637376}, {"text": "#100SongsOnShuffle - an honourable reign | bury tomorrow \ud83d\udc80 @burytomorrow", "user": "hopie_x", "id": 397472670326853632}, {"text": "Reign of Dragons iOS/Android #ReignD http://t.co/OFZiBeBh8W\n\n http://t.co/Uro4m0nlnl http://t.co/f248su42uo", "user": "z0mbienightmare", "id": 397450163200860160}, {"text": "Reign of Dragons iOS/Android #ReignD http://t.co/7Mnswfxj2J\n\n http://t.co/Z76dkhuWsH http://t.co/uD6DAEi9pp", "user": "jeremyj420", "id": 397448022897868800}, {"text": "RT @ChristieC733: Texas single mom\u2019s \u2018thanks a lot\u2019 letter to Obama goes viral - BizPac Review\nhttp://t.co/EtSJOsoOge", "user": "jess_reign_bass", "id": 397433979084607488}, {"text": "Reign of Dragons iOS/Android #ReignD http://t.co/NeaVSOjRTh\n\n http://t.co/tn8qoYWgUu http://t.co/1gKeEOeP9T", "user": "sabo53042", "id": 397405313474641921}, {"text": "It's too early kid...\u201c@wtfxupjoy: i never wanted anything so much than to drown in your love and not feel your reign \u2728\u201d", "user": "PlumpMaster_D", "id": 397402575340703745}, {"text": "Reign of Dragons iOS/Android #ReignD http://t.co/0E4K0kc1nL\n\n http://t.co/YBJ94goaQk http://t.co/n3RHcKWyC6", "user": "tommy13tattoos", "id": 397394614253920256}, {"text": "RT @spjones268: @TheBainesReport K. Raffer: The Iceland case shows the issue, should the interests of the people or the markets reign supre\u2026", "user": "TheBainesReport", "id": 397392321563467776}, {"text": "RT @bobbybearz: Contessa Stuto - Reign in Ratchet - Produced by Proper Villains #CUNTMAFIA #COUNTCONTESSA http://t.co/qwzf2JVQi1 via @youtu\u2026", "user": "CUNTMAFIA", "id": 397390291705278465}, {"text": "@TheBainesReport K. Raffer: The Iceland case shows the issue, should the interests of the people or the markets reign supreme?#eurocrisis", "user": "spjones268", "id": 397389845997162496}, {"text": "RT @lilage4life: Reign of Dragons iOS/Android #ReignD http://t.co/3Y0ABdswu9\n\n http://t.co/ExAI8Cn0ga http://t.co/PcgJc62UcP", "user": "nazmigunduz", "id": 397371546391838720}, {"text": "Reign of Dragons iOS/Android #ReignD http://t.co/GX51DkS20r\n\n http://t.co/2WEkGcyqoy http://t.co/JDhJwiqQf1", "user": "Cabby16", "id": 397371520793579521}, {"text": "Like Reign of Dragons iOS/Android! #ReignD http://t.co/GX51DkS20r\n\n http://t.co/qgLVVtXHmz http://t.co/E4TDhBiTVL", "user": "Cabby16", "id": 397370072747868162}, {"text": "Reign of Dragons iOS/Android #ReignD http://t.co/wsKQGHCWfW\n\n http://t.co/4FYL3kgqGs http://t.co/ne0e7YSjdq", "user": "JaycatB", "id": 397355970264702978}, {"text": "#nowplaying You Reign - Jason Lambert http://t.co/7qb9WCXlo6", "user": "VOTRadio", "id": 397334741911076864}, {"text": "Reign of Dragons iOS/Android #ReignD http://t.co/R7inlixd9B\n\n http://t.co/bG1f5jTv9r http://t.co/OgXMfXVqJr", "user": "troy76p", "id": 397329862165143552}, {"text": "Reign of Dragons iOS/Android #ReignD http://t.co/jzpFXRv9T1\n\n http://t.co/9sTLOe4jop http://t.co/vh5afZpjEO", "user": "AtomAnt", "id": 397306349773529089}, {"text": "Like Reign of Dragons iOS/Android! #ReignD http://t.co/jzpFXRv9T1\n\n http://t.co/fdZl4jWdkT http://t.co/ZCtGTE2vOa", "user": "AtomAnt", "id": 397299365879881728}, {"text": "My heart will sing \nNo other name\n Jesus, Jesus! \nNothing compares to your embrace,\nLight of the world forever reign!", "user": "BTHmovie", "id": 397275975882244096}, {"text": "Reign of Dragons iOS/Android #ReignD http://t.co/DdSunJmkZB\n\n http://t.co/FeAgi6vdrM http://t.co/GgMNaVfK26", "user": "johnnycool_1", "id": 397268907632754688}, {"text": "Like Reign of Dragons iOS/Android! #ReignD http://t.co/LxExgNAjKr\n\n http://t.co/TDsXZVbKZ0 http://t.co/QUkAKxiHhJ", "user": "generalmalice", "id": 397268659011198976}, {"text": "RT @lilage4life: Reign of Dragons iOS/Android #ReignD http://t.co/3Y0ABdswu9\n\n http://t.co/ExAI8Cn0ga http://t.co/PcgJc62UcP", "user": "Whitegirl792", "id": 397255373385908224}, {"text": "Reign of Dragons iOS/Android #ReignD http://t.co/AcCWRNfKPk\n\n http://t.co/zFWWZG6YA3 http://t.co/kvZQOydbYV", "user": "McGaryJ", "id": 397251202536071168}, {"text": "Holy crap Reign of Kindo was really, really good live", "user": "Furyhunter", "id": 397249827165065217}, {"text": "RT @lilage4life: Reign of Dragons iOS/Android #ReignD http://t.co/3Y0ABdswu9\n\n http://t.co/ExAI8Cn0ga http://t.co/PcgJc62UcP", "user": "kc25624", "id": 397249677277790208}, {"text": "Reign my nigga", "user": "Eddy_D305", "id": 397243770619432960}, {"text": "The Reign of Kindo killed it tonight! #morecowbell http://t.co/HBP0fJBs0q", "user": "NateNateyNathan", "id": 397232059179368448}, {"text": "Reign of freaking kindo #killedit #ohmygahhhhh http://t.co/oa7Ii6TRfo", "user": "CravidHernand93", "id": 397231858850598912}, {"text": "RT @BEViLS7: I can't wait to get the game and mollywhop people who paid triple the price to get an advantage", "user": "Reign_BEN", "id": 397222744221573120}, {"text": "Pls rt @Ehgony \"@Obey_Reign: 150 likes and ill sell my copy of ghosts before it comes out! http://t.co/EX9PgEGOhu\nRT IF YOURE CRAZY\"", "user": "Whorjay", "id": 397218524189302784}, {"text": "Reign of Dragons iOS/Android #ReignD http://t.co/OFZiBeBh8W\n\n http://t.co/u2afpAFw6T http://t.co/hCiGhHFuRb", "user": "z0mbienightmare", "id": 397218172140388353}, {"text": "I liked a @YouTube video from @obey_reign http://t.co/GtHvorVJZT Call of Duty Ghosts Q&amp;A - Plus IRL!", "user": "Whorjay", "id": 397217283103526912}, {"text": "The Reign of Kindo. #mmmgirl #jazz #rock #livemusic #shows #austin #redseven @ Red 7 http://t.co/D4Vb2KRcmq", "user": "DavidwReece", "id": 397215167697924096}, {"text": "RT @JonPaul_Keller: In a very red room with two very white people. Time to watch The Reign of Kindo! @natenateynathan\u2026 http://t.co/OIJWzvzF\u2026", "user": "NateNateyNathan", "id": 397211178134274048}, {"text": "In a very red room with two very white people. Time to watch The Reign of Kindo! @natenateynathan\u2026 http://t.co/OIJWzvzFj8", "user": "JonPaul_Keller", "id": 397211041354248192}, {"text": "I'm angrier than all 8 other reign deer", "user": "Michaela__Elise", "id": 397210870557597696}, {"text": "They are not killing it and I can barely watch this game. Come on @Colts I need y'all to win so I can reign over my Texan coworkers!", "user": "sweet_ambiguity", "id": 397196769789878273}, {"text": "RT @Red_7: Tonight: Scale The Summit w/ Reign of Kindo, Jolly. Tickets: http://t.co/R2CTuK3x9A", "user": "ACthatDrummer", "id": 397194571387379712}, {"text": "RT @emanramirez12: \"For if we have died with Him, we will also live with Him.\nIf we endure, we will also reign with Him;\nIf we deny Him, He\u2026", "user": "ClaudiaGalvan70", "id": 397192833292980224}, {"text": "\"For if we have died with Him, we will also live with Him.\nIf we endure, we will also reign with Him;\nIf we deny Him, He will deny us.\"", "user": "emanramirez12", "id": 397186455165886464}, {"text": "RT @BryceBaeee: I shall reign in booty", "user": "RealMattG_", "id": 397184503107444737}, {"text": "16hours of soloque who will reign supreme?: http://t.co/lA76WdXTv0", "user": "Samuraidancer0", "id": 397182274929577984}, {"text": "Reign of Dragons iOS/Android #ReignD http://t.co/LxExgNAjKr\n\n http://t.co/NJwgJsPRC7 http://t.co/Bez8STpsN0", "user": "generalmalice", "id": 397175206646530049}, {"text": "16hours of soloque who will reign supreme?: http://t.co/il38GEy0ZC", "user": "Samuraidancer0", "id": 397169337967992832}, {"text": "RT @lilage4life: Reign of Dragons iOS/Android #ReignD http://t.co/3Y0ABdswu9\n\n http://t.co/ExAI8Cn0ga http://t.co/PcgJc62UcP", "user": "RobinouDu13", "id": 397167911678517248}, {"text": "Reign of Dragons iOS/Android #ReignD http://t.co/3Y0ABdswu9\n\n http://t.co/ExAI8Cn0ga http://t.co/PcgJc62UcP", "user": "lilage4life", "id": 397167052005187584}, {"text": "I shall reign in booty", "user": "BryceBaeee", "id": 397146337604427777}, {"text": "RT @Red_7: Tonight: Scale The Summit w/ Reign of Kindo, Jolly. Tickets: http://t.co/Fh6QYK5Ae5", "user": "atxhipsters", "id": 397140713248280576}, {"text": "RT @Red_7: Tonight: Scale The Summit w/ Reign of Kindo, Jolly. Tickets: http://t.co/R2CTuK3x9A", "user": "adi7anand", "id": 397134081504190464}, {"text": "Tonight: Scale The Summit w/ Reign of Kindo, Jolly. Tickets: http://t.co/R2CTuK3x9A", "user": "Red_7", "id": 397132255216553984}, {"text": "Reign is super good I'm addicted", "user": "morbid_minds", "id": 397110866891378688}, {"text": "@DylonShow Ah, their evil reign was foretold long ago. I'm not sure if my body is ready", "user": "Azniac", "id": 397095665643180032}, {"text": "Reign of Dragons iOS/Android #ReignD http://t.co/GX51DkS20r\n\n http://t.co/tPUK98ewUJ http://t.co/7spoMTAlx1", "user": "Cabby16", "id": 397079437994254337}, {"text": "Reign of Dragons iOS/Android #ReignD http://t.co/R7inlixd9B\n\n http://t.co/v4d43BTaHg http://t.co/2v5UFmFvD5", "user": "troy76p", "id": 397046171018866688}, {"text": "@karlaachapaa when are we coming to reign as champions??", "user": "Carmicupcake", "id": 397041424530558976}, {"text": "Reign of Dragons iOS/Android #ReignD http://t.co/wsKQGHCWfW\n\n http://t.co/sAIAmSiffN http://t.co/0arNsuong6", "user": "JaycatB", "id": 397034505011089409}, {"text": "Reign of Dragons iOS/Android #ReignD http://t.co/4f4BAElMtG\n\n http://t.co/fw953DZN7a http://t.co/RSngqMGNGn", "user": "wawhitlock2009", "id": 397034197702807552}, {"text": "#nowplaying You Reign - Jason Lambert http://t.co/7qb9WCXlo6", "user": "VOTRadio", "id": 397034012029779968}, {"text": "Reign of Dragons iOS/Android #ReignD http://t.co/4f4BAElMtG\n\n http://t.co/AfulqB4vCZ http://t.co/uMqsz6GqD5", "user": "wawhitlock2009", "id": 397033563654070272}, {"text": "Reign of Dragons iOS/Android #ReignD http://t.co/R7inlixd9B\n\n http://t.co/19J19ZbhOf http://t.co/lpWQgq8vez", "user": "troy76p", "id": 397013084906078209}, {"text": "Reign of Dragons iOS/Android #ReignD http://t.co/8o5Xcj8I7w\n\n http://t.co/HiStEqfdTN http://t.co/lor4Rko3Xp", "user": "nehthelania", "id": 396995692486336512}, {"text": "RT @lilage4life: Reign of Dragons iOS/Android #ReignD http://t.co/3Y0ABdswu9\n\n http://t.co/AI82tEyTDX http://t.co/U2Zb13P1IJ", "user": "mustafaberkarma", "id": 396926162947297280}, {"text": "Reign of Dragons iOS/Android #ReignD http://t.co/DdSunJmkZB\n\n http://t.co/aTz2vDDQmL http://t.co/bY1nZjk0vg", "user": "johnnycool_1", "id": 396921798555480064}, {"text": "Like Reign of Dragons iOS/Android! #ReignD http://t.co/DdSunJmkZB\n\n http://t.co/oWGpUHH68f http://t.co/cCI3F3gPWX", "user": "johnnycool_1", "id": 396919770408169472}, {"text": "@RyleaWallace13 uhh heck yeah! It's getting so good! The Originals especially.And I've watched Reign, it's okay I guess ha", "user": "jascollege92", "id": 396887251407605760}, {"text": "Reign of Dragons iOS/Android #ReignD http://t.co/3Y0ABdswu9\n\n http://t.co/AI82tEyTDX http://t.co/U2Zb13P1IJ", "user": "lilage4life", "id": 396881252772376576}, {"text": "#nowplaying You Reign - Jason Lambert http://t.co/7qb9WCXlo6", "user": "VOTRadio", "id": 396863131689164800}, {"text": "I wouldn't mind if FSU broke the reign of the SEC national championships. #icantbeliveijustsaidthat", "user": "dardydard", "id": 396848528628404224}, {"text": "ECHL: Reign 3, Steelheads 3, OT - 2:30 -  RUWTbot added 56 roots\n(Overtime)\nhttp://t.co/tEysC5qRJS", "user": "RUWTovertime", "id": 396846556805996544}, {"text": "Marvel Puzzle Quest: Dark Reign by D3PA https://t.co/uqvfhnjBzf", "user": "rightwingmom", "id": 396844356859994112}, {"text": "@lamSam_: Proof of the existence of God:The word 'swag' was not discovered during Killa Cam's reign of Pink Mink @K_Byrdd420 @EvryBdyH8sKrs", "user": "ohsnapitsmoo", "id": 396840761141891072}, {"text": "\u201c@lamSam_: Proof of the existence of God: The word 'swag' was not discovered during Killa Cam's reign of Pink Mink.\u201dlmfao #truth \ud83d\ude4c", "user": "ohsnapitsmoo", "id": 396839579136716800}]