[{"text": "TV tonight: 'Killing Kennedy,' 'Homeland,' 'Mentalist' - USA TODAY http://t.co/2l3gc1yOtf", "user": "GrafxStar", "id": 399436586078986240}, {"text": "OH SNAP I HOPE THE MENTALIST'S FAMILY IS OKAY.", "user": "BellyoftheBeast", "id": 399373247721922560}, {"text": "The Mentalist", "user": "LetiGoas", "id": 398923563903619073}, {"text": "\"@tvguyhal: Weekend: 'Killing Kennedy,' 'Mentalist,' 'MasterChef Junior' http://t.co/Oc41OVtcnR\"", "user": "Tantalizinyou", "id": 398841640288124928}, {"text": "The Survivorship Bias is what convinces people that psychics are real http://t.co/8H52VJAVBK  I've seen mentalist use something similar", "user": "haebben", "id": 398572629629882368}, {"text": "@Mentalist_CBS love the mentalist! Keeps you guessing!!!.", "user": "janah0920", "id": 398167335325794304}, {"text": "RT @MikeMoody: .@jimjbeat's great article about #TheMentalist makes me want to watch the show's latest season http://t.co/c32cwKFLM1", "user": "jimjbeat", "id": 398129678772625408}, {"text": ".@jimjbeat's great article about #TheMentalist makes me want to watch the show's latest season http://t.co/c32cwKFLM1", "user": "MikeMoody", "id": 397792827549044736}, {"text": "FAR OUT...Shit just went down on The Mentalist!!", "user": "jomeadowcroft", "id": 397296488725762049}, {"text": "I'm #Viggling \"The Mentalist\". TV loves you back with #ViggleTV!\n\n #TheMentalist #viggle", "user": "babygirl191615", "id": 397270374888386560}, {"text": "RT @Jisbon4Ever: #TheMentalist 6.07 #TheGreatRedDragon Promo! :OMG http://t.co/M0TDdIZNEL", "user": "NaTerezinha", "id": 397231228933652480}, {"text": "#TheMentalist 6.07 #TheGreatRedDragon Promo! :OMG http://t.co/M0TDdIZNEL", "user": "Jisbon4Ever", "id": 397229610917572609}, {"text": "Whoever told me the Mentalist was a repeat tonight made me mad. BECAUSE ITS A NEW ONE\ud83d\ude4c", "user": "carson_grett", "id": 397226426358693889}, {"text": "Really disappointed that the new episode of The Mentalist is not airing tonight.", "user": "heididm08", "id": 397220536272429056}, {"text": "RT @Jisbon4Ever: Umm Well... They should air both episodes together. #FireAndBrimstone #TheGreatRedDragon @Mentalist_CBS", "user": "tanjajt", "id": 397216402504830976}, {"text": "Completely forgot about the Mentalist tonight\ud83d\ude0d\ud83d\ude4c", "user": "carson_grett", "id": 397212752340480000}, {"text": "Umm Well... They should air both episodes together. #FireAndBrimstone #TheGreatRedDragon @Mentalist_CBS", "user": "Jisbon4Ever", "id": 397211686194520064}, {"text": "seriously going to be upset if the mentalist really isn't new tonight", "user": "shelly_kay02", "id": 397202892622282752}, {"text": "Forget the Drop Dead Diva finale, I'll watch it later.... I gotta see The Mentalist now!", "user": "Jisbon4Ever", "id": 397186677728223233}, {"text": "RT @hustledouble: Hawaii Five-O, Blue Bloods, the Mentalist. Does anyone under the age of 105 watch non-football CBS", "user": "KingHawkeCashes", "id": 397082928121135104}, {"text": "Hawaii Five-O, Blue Bloods, the Mentalist. Does anyone under the age of 105 watch non-football CBS", "user": "hustledouble", "id": 397081468360347648}, {"text": "@mckennamassey14 the mentalist is getting so good", "user": "carson_grett", "id": 397015095345045504}]