[{"text": "I love my originals! #bc", "user": "betsee_diaz", "id": 399612639761805312}, {"text": "RT @Tierrraa: Last night was awsomeeeee", "user": "Originals_", "id": 399601525032366081}, {"text": "The Originals #newtvdrama #PeoplesChoice http://t.co/KS5qmn6yZi", "user": "kaylstvd", "id": 399554415343841280}, {"text": "RT @Alexndrbazinsky: For #black people from #Lusaka, #Zambia : #Adidas Originals #London 2 track top http://t.co/FyDfScOVQ9 http://t.co/wYB\u2026", "user": "MeganBerger18", "id": 399551574550130690}, {"text": "For #black people from #Lusaka, #Zambia : #Adidas Originals #London 2 track top http://t.co/FyDfScOVQ9 http://t.co/wYBXnC2zdp", "user": "Alexndrbazinsky", "id": 399485225685639168}, {"text": "For many people from #Viedma, #Argentina : #Adidas Originals #Nederland 74 track top http://t.co/crOYZTv9x5 http://t.co/udDlw02EUC", "user": "Alexndrbazinsky", "id": 399481846863392768}, {"text": "A #jQUery Sripts #Expert celebrating #Adidas Originals #Portugal 74 track top #GhostInTheShell http://t.co/mK6lu3UNSE http://t.co/1cJFBWg79u", "user": "Alexndrbazinsky", "id": 399476854848892929}, {"text": "RT @OhKrissy: Originals.", "user": "Hurricane_KJ", "id": 399449873583726592}, {"text": "Originals.", "user": "OhKrissy", "id": 399449786220576768}, {"text": "The originals came out tvd once", "user": "lovelybrizeida", "id": 399406103580012544}, {"text": "Do I Wanna Know? On The Originals. Cool.", "user": "jenn_umanzor", "id": 399389424225513472}, {"text": "@RealKevinNash the originals and still the best : )", "user": "JNNJets", "id": 399370461076664321}, {"text": "UChicago Apps Challenge takes on medical, health apps http://t.co/k2XgyA0NYv #mHealth", "user": "RBlount", "id": 399359586429587456}, {"text": "ALWAYS learnt to! RT @IamSamtastik RT @FiFi_Originals: Always leave room for doubt, no matter how promising things may look.", "user": "AzolaZ", "id": 399342104830169089}, {"text": "We are all originals #original #originality #inspiration #quote #still #talent #individuality #inspire\u2026 http://t.co/GeSMYrE4iL", "user": "RepitClothingCo", "id": 399330356870262784}, {"text": "Drooled over Bernie Wrightson originals... http://t.co/kcR16SyHpX", "user": "gholson", "id": 399297451288690688}, {"text": "@AriesGurl88 I don't know. Tell me what episode are you on? I don't even know how originals air in UK", "user": "AbdulMahmood19", "id": 399278808244965377}, {"text": "Blood, sweat and tears going on in the studio, creating new and exciting Boswell ORIGINALS.  Keep a close watch; we will release them SOON.", "user": "BoswellBandATX", "id": 399233173122326528}, {"text": "RT @RhythmTheM3: Recording session in process with Anthony Castello &amp; Lil Twone #New #Originals #ComingASAP /// \u300b\u300b\u300b#BMMG\u300a\u300a\u300a http://t.co/MyG\u2026", "user": "Team_BMR", "id": 399198774708297729}, {"text": "I just voted for The Originals #newtvdrama #PeoplesChoice. Retweet to vote http://t.co/DSfWDfcpDy via @peopleschoice @cworiginals", "user": "silva_luks94", "id": 399172487436464130}, {"text": "#nowwatching The Originals", "user": "phangmayling", "id": 399054306717888512}, {"text": "Ok.... and this is why I say some sequels are worse then the originals... case in point \"Alpha and Omega 2\" they're celebrating christmas D:", "user": "AkahiOtter", "id": 399048692998488064}, {"text": "RT @Gabrielle_Faust: Just started watching The Originals. Love it!!  #TheOriginal #NOLA #vampires", "user": "Author_marion", "id": 399047011405930496}, {"text": "@ChivesMcGee you ever hear the hundred grand crank call? One of the originals. YOU SAID A HUNDRED GRAND", "user": "TXCleaver", "id": 399044041003630592}, {"text": "Nov 16, we'll play our new originals in John Moyer's The Future of Music concert series at One-2-One on S. Lamar. http://t.co/FIozkCD6rv", "user": "Room24band", "id": 399029935433461760}, {"text": "RT @acllive: Awesome originals, awesome covers. #GimmeThreeSteps #EliYoungBand http://t.co/QJhGJRv38Y", "user": "CortCav15", "id": 399029574505230338}, {"text": "RT @acllive: Awesome originals, awesome covers. #GimmeThreeSteps #EliYoungBand http://t.co/QJhGJRv38Y", "user": "gdinges", "id": 399024440584835073}, {"text": "RT @acllive: Awesome originals, awesome covers. #GimmeThreeSteps #EliYoungBand http://t.co/QJhGJRv38Y", "user": "TonyaGomezNiang", "id": 399022703480283136}, {"text": "Awesome originals, awesome covers. #GimmeThreeSteps #EliYoungBand http://t.co/QJhGJRv38Y", "user": "acllive", "id": 399020212114034689}, {"text": "\u201c@tvdfansonline: The Originals \u2013 Tyler Preview http://t.co/GIfNYrCnH7\u201d @cassimelton_12", "user": "HeatherrHart", "id": 399012480837353473}, {"text": "The Onion's best innovation coverage, now online only! http://t.co/FeXnWAumBc", "user": "SXSW_TopNews", "id": 398984888772079616}, {"text": "RT @ohheunice: I'm thirsty for some liquor.", "user": "Originals_", "id": 398974152440176641}, {"text": "RT @RhythmTheM3: Recording session in process with Anthony Castello &amp; Lil Twone #New #Originals #ComingASAP /// \u300b\u300b\u300b#BMMG\u300a\u300a\u300a http://t.co/MyG\u2026", "user": "ayeCoolJ", "id": 398959687237767168}, {"text": "Recording session in process with Anthony Castello &amp; Lil Twone #New #Originals #ComingASAP /// \u300b\u300b\u300b#BMMG\u300a\u300a\u300a http://t.co/MyGcSUMW86", "user": "RhythmTheM3", "id": 398959193472139264}, {"text": "Recording session in process with Anthony Castello &amp; Lil Twone #New #Originals #ComingASAP /// \u300b\u300b\u300b#BMMG\u300a\u300a\u300a", "user": "RhythmTheM3", "id": 398959173452312576}, {"text": "Bucks Partner with Local Designers to Launch 'Milwaukee Originals' Apparel http://t.co/7YTLmaa0AF #smacktalksports", "user": "SmacTok", "id": 398903518280425472}, {"text": "Steve Blake Griffin?! RT @NBAonTNT: Did you see this BIG game winner by @blakegriffin32 last night on @NBAonTNT?! http://t.co/JtyBKDVU6U", "user": "_sarahflores", "id": 398900194818793472}, {"text": "@DaDon_KO u usin all originals?", "user": "TexGotBars", "id": 398898823629504512}, {"text": "Throw back to the 90's w/ #atx originals @The_Impossibles at #FFFFest, #BlackStage 4:05! @funfunfunfest #reunited #ska #punk", "user": "musicaustin", "id": 398895694763020288}, {"text": "@aligningstars I'm still behind on both shows hahaha.  But really could care less about Originals.  Ugh, damn you, Tyler!", "user": "TamaleChic", "id": 398892202866130944}, {"text": "RT @KimJacksonE: The #Adidas Originals #England Pickles 1966 track top http://t.co/POYWiwLijf", "user": "SanjaMadhureema", "id": 398883462070796288}, {"text": "The #Adidas Originals #England Pickles 1966 track top http://t.co/POYWiwLijf", "user": "KimJacksonE", "id": 398877110845976576}, {"text": "RT @KimJacksonE: For #white people from #Creston, #Canada : #Adidas Originals #Scotland track top http://t.co/SsNgOCP0dX http://t.co/Xk4yfg\u2026", "user": "JosephEaglejuni", "id": 398877108161613824}, {"text": "Cooler than he : #Adidas Originals #Atlanta track top http://t.co/Y854n4apXs http://t.co/Uf1z9GA5zK", "user": "KimJacksonE", "id": 398875355970154496}, {"text": "For #white people from #Creston, #Canada : #Adidas Originals #Scotland track top http://t.co/SsNgOCP0dX http://t.co/Xk4yfgVASb", "user": "KimJacksonE", "id": 398872920597880832}, {"text": "For All the people from #Zambia : #Adidas Originals #Germany 74 track top http://t.co/eJ9XrmD6zP http://t.co/BdG1EGfC2J", "user": "KimJacksonE", "id": 398865218924576768}, {"text": "Simply #Street #culture ! #Adidas Originals west #Germany 1974 world cup tee shirt http://t.co/2m1a7pKtrZ http://t.co/R4WD49MCLe", "user": "KimJacksonE", "id": 398864277215252481}, {"text": "For #spanish people from #Fortaleza, #Brazil : #Adidas Originals #Amsterdam track top http://t.co/WeXvWNL6o6 http://t.co/2r9w95LgAi", "user": "KimJacksonE", "id": 398860162825334784}, {"text": "For #american people from #Uganda : #Adidas Originals #Amsterdam track top http://t.co/WeXvWNL6o6 http://t.co/cLeYvZ08yS", "user": "KimJacksonE", "id": 398855456757526528}, {"text": "Great Proposal. If you are a Vampire Diary's fan, the guy that plays the character Marcel in The Originals is in... http://t.co/kI3We4hFg2", "user": "GriffinFoto", "id": 398853997517623298}, {"text": "#shopping #swag #Adidas Originals #Adicolor bl6 nyc bronx track top http://t.co/iYzpjnVblx http://t.co/MCE5Wp3pPS", "user": "KimJacksonE", "id": 398851383224324096}, {"text": "For #young people from #Veracruz, #Mexico : #Adidas Originals tokyo 2 track top http://t.co/vu8SdEQyo4 http://t.co/9gt86BAUUJ", "user": "KimJacksonE", "id": 398845943380189184}, {"text": "Been catching TVD S5 today... I think gonna start w The Originals tomorrow", "user": "phangmayling", "id": 398833977663815680}, {"text": "For #arabic people from #Kananga, #Congo : #Adidas Originals #Russian #Federation track top http://t.co/wEUQ3VzrSC http://t.co/EsNTE5JBlE", "user": "KimJacksonE", "id": 398789865363353600}, {"text": "For #american people from #Morelia, #Mexico : #Adidas Originals #London 2 track top http://t.co/5ySVvQd5LI http://t.co/eis513sPlG", "user": "KimJacksonE", "id": 398788392101482497}, {"text": "RT @KimJacksonE: #collecting #swag #Adidas Originals #Italia 74 track top #Lawd http://t.co/Rmwma13bfk http://t.co/CO8Bs0UTL6", "user": "EmmaMongo", "id": 398786660994789376}, {"text": "Insidious 2 kicked the originals bum!", "user": "Dan_Borrelli", "id": 398784984720240640}, {"text": "Are you a #Lionelmessi fan ? or #Adidas Originals peru track top http://t.co/fyU3YDXTmU http://t.co/3kSkBAQAdE", "user": "KimJacksonE", "id": 398783755667525633}, {"text": "Please don't be #jealous : #Adidas Originals #Skyhook 33 track top http://t.co/0KpL8XBMRc http://t.co/PpD8NghnVZ", "user": "KimJacksonE", "id": 398781653801132032}, {"text": "For my people from #SaintGeorges, #Grenada : #Adidas Originals #Argentina 74 track top http://t.co/NmMhIqfU5i http://t.co/aNWySzKdGG", "user": "KimJacksonE", "id": 398776612088340482}, {"text": "RT @JoycelynWilli12: #Admiration for #Adidas #sport Originals #Mexico track top #tbt http://t.co/trpJFZlE7J http://t.co/CW8iXlQhSV", "user": "KeriSherman11", "id": 398772571757240320}, {"text": "#collecting #swag #Adidas Originals #Italia 74 track top #Lawd http://t.co/Rmwma13bfk http://t.co/CO8Bs0UTL6", "user": "KimJacksonE", "id": 398765955611766784}, {"text": "about to watch the movie \"Curse of chucky\"  lets see if this movie is as good as the originals", "user": "Chef2Death", "id": 398719985343660032}, {"text": "@stephhhv_ for which one? I saw TVD and the originals this week!", "user": "kaitlynclarisse", "id": 398678193210523648}, {"text": "Are you a David Guetta fan ? or #Adidas Originals #Milano track top #votezEnLawded http://t.co/wOGnugFImz http://t.co/wEKEzw73lC", "user": "JoycelynWilli12", "id": 398677691282374656}, {"text": "The #Adidas Originals #Zaire Leopards 1974 Polo http://t.co/vOgYPqie5l", "user": "JoycelynWilli12", "id": 398674789079855104}, {"text": "#Admiration for #Adidas #sport Originals #Mexico track top #tbt http://t.co/trpJFZlE7J http://t.co/CW8iXlQhSV", "user": "JoycelynWilli12", "id": 398671714499825664}, {"text": "A New #jacket by #Adidas Originals #Italia 74 track top #PandorasPromise http://t.co/8KZKrXfr3O http://t.co/pbd6CzmJla", "user": "JoycelynWilli12", "id": 398669704799084544}, {"text": "@Kelsey_Nichelle GREAT omg but the originals was better Nikklause was killin niggassss", "user": "_JuliettMaria", "id": 398669517661802497}, {"text": "Seeing scary vampires from the originals in greys anatomy is just odd", "user": "brooke_177", "id": 398655814069522432}, {"text": "\"@JerickaMatthews: \u201c@HoochieMaster: Can't wait for #VampireDiaries\u201d omgee yes!\" The originals and vampire diaries is my shit", "user": "HoochieMaster", "id": 398652126458417153}, {"text": "New @lastfm video on @deafheavenband \"Sunbather, Music And Life With Deafheaven\" is definitely worth a quick watch - http://t.co/FqT5ZUCHwc", "user": "RyanGardnerC", "id": 398640346181013504}, {"text": "OMG TYLER IS GOING TO BE ON THE ORIGINALS!!!! @TheOriginalsTV", "user": "JordanFama", "id": 398624637795319808}, {"text": "The originals\u2764\ufe0f\u2764\ufe0f\u2764\ufe0f\u2764\ufe0f", "user": "soliespinosa", "id": 398621448102629376}, {"text": "@karlkirkpatrick really like The Originals too. I am seriously hooked on this season of American Horror Story: Coven. Wicked good!", "user": "SP_McConnell", "id": 398613031531196417}, {"text": "Why cant klaus come out in tvd instead of the originals ?", "user": "lovelybrizeida", "id": 398602881281978368}, {"text": "I've decided that my night will be filled with vampires. #seeya #TVD #Originals #notleavingmyapt #toocold", "user": "TrieuTracy", "id": 398601821767217153}, {"text": "Two Austin originals ..... El Azteca and Titos combine to make the Titos frozen lemonade .... Using El\u2026 http://t.co/zJ0KSiBJr9", "user": "JohnElAzteca", "id": 398578572404989952}, {"text": "The Originals is the best vampire show on tv", "user": "lindavcarreon", "id": 398577352331911169}, {"text": "Being sick today has allowed me to catch up on The Originals and Vampire Diaries", "user": "morganks607", "id": 398559139007188992}, {"text": "@Originals_ you just always in a bad mood man lol", "user": "Tierrraa", "id": 398555681252311040}, {"text": "@Originals_ nah I'm good off of those , ion fw them no more", "user": "Tierrraa", "id": 398554796334276608}, {"text": "@Originals_ just to try it tho! I'm such a virgin to pills I've only done bars bc I'm scary lol", "user": "Tierrraa", "id": 398554003199381505}, {"text": "You need these @Sevenbluelazers http://t.co/Frt649B18a", "user": "RAFA_TOM_ROCK", "id": 398553500314910721}, {"text": "Check these out @ayecastles @MstangGirL http://t.co/Frt649B18a", "user": "RAFA_TOM_ROCK", "id": 398553415493496832}, {"text": "Just tearing up while watching an episode of the originals..nbd", "user": "courtney2llamas", "id": 398550579909128192}, {"text": "@Originals_ yeah that song get people to turnt up lol", "user": "Tierrraa", "id": 398548563417776128}, {"text": "@Originals_ lmao you too live with all them \" !!!!! \" but thanks Craigy", "user": "Tierrraa", "id": 398548268902121472}, {"text": "Catching up on Vampire Diaries &amp; The Originals. Oddly, I feel sad again for Amy Winehouse's death. She coulda had sick vamp-propriate songs.", "user": "MiguelATX", "id": 398545890450735104}, {"text": "Netflix teams up with Disney\u2019s Marvel for superhero originals http://t.co/AB1hT28oTE VIA @GigaOM", "user": "TIWaggoner", "id": 398515718783660032}, {"text": "Chomel Originals will have beautiful, handcrafted jewelry from sterling silver, copper, and brass along with... http://t.co/vpCUOf9lht", "user": "MuellerFM", "id": 398488373507018752}, {"text": "What you know about #Adidas Originals #Milano track top #blessed http://t.co/QdWD7GnOzS http://t.co/Gm2GZi9G4v", "user": "adidaskeenon", "id": 398423648416964608}, {"text": "The originals. http://t.co/VVlRbulLpA", "user": "aloha32", "id": 398351228297805824}, {"text": "#LT she's known about all my songs long before I even had the courage to put them up. Can't wait to share the rest of my originals w/ y'all.", "user": "julianccortez", "id": 398317033772683264}, {"text": "RT @spankzilla85: Wanna buy some Matt Frank originals? http://t.co/iZ0tcCbJ1C", "user": "Kaiju115", "id": 398298675547361280}, {"text": "Taylor has like the originals on her side.", "user": "SierraTene15", "id": 398282184160600064}, {"text": "\u201c@reyesusan7: ~The originals~ \n \u263a\ufe0f\ud83d\ude00\u2764\ufe0f\u201d #bestshowever", "user": "daynahdrake", "id": 398257191263543296}, {"text": "Absolutely in love with The Originals \u2764\ufe0f", "user": "Angelicakay14", "id": 398248636615626752}, {"text": "Fan of #TheOriginals? Join me on #GetGlue http://t.co/LVeUCViIaF", "user": "evieheart", "id": 398241532144517120}, {"text": "RT @Gabrielle_Faust: Just started watching The Originals. Love it!!  #TheOriginal #NOLA #vampires", "user": "dan_isan_fcbk", "id": 398218698072539136}, {"text": "Just started watching The Originals. Love it!!  #TheOriginal #NOLA #vampires", "user": "NightshadeShop", "id": 398216662320553985}, {"text": "Just started watching The Originals. Love it!!  #TheOriginal #NOLA #vampires", "user": "Gabrielle_Faust", "id": 398216646491242496}, {"text": "RT @spankzilla85: Wanna buy some Matt Frank originals? http://t.co/iZ0tcCbJ1C", "user": "BatagorJohnson", "id": 398207564464148481}, {"text": "@ProteusXL @D3monWo1f but tbh it doesnt bother me the new KI disappoints me i was a huge fan of the originals &amp; the new one is just blah", "user": "Shiffty25", "id": 398203435092172800}, {"text": "Wanna buy some Matt Frank originals? http://t.co/iZ0tcCbJ1C", "user": "spankzilla85", "id": 398192761532600321}, {"text": "Originals are back ;) But not until January 17th. :( No #TVD for a month and 5 days. :(#DeckTheFalls", "user": "RiyaJennifern", "id": 398192186409230336}, {"text": "RT @koehlify: Marcel needs to back off his throne and give New Orleans back to Klaus!He should have just taken Rebekah's offer!! #asshat #O\u2026", "user": "OriginalsTweets", "id": 398178845825564672}, {"text": "Hmm @BaneKiller: Always said it. The Originals is sooo good, it makes The Vampire Diaries look so annoying\"", "user": "TheYhindus", "id": 398177275981869056}, {"text": "I just voted for The Originals #newtvdrama #PeoplesChoice. Retweet to vote http://t.co/DSfWDfcpDy via @peopleschoice @cworiginals @esteetvd", "user": "silva_luks94", "id": 398172825799761920}, {"text": "Marcel needs to back off his throne and give New Orleans back to Klaus!He should have just taken Rebekah's offer!! #asshat #Originals", "user": "koehlify", "id": 398171160589774849}, {"text": "MT @dharrisindc: Challenge Cup brings DC tech hub @1776dc to Chicago's @1871Chicago http://t.co/qwYeyDaGra @SanAntonioEDF @Geekdom #startup", "user": "LordBexar", "id": 398161300028542976}, {"text": "Now the originals are angry. Awesome.", "user": "maleek300", "id": 398156698457628672}, {"text": "Well I am still alive not knowin how I did:/ now to watch The Originals @cworiginals @CWTVdotcom  between class at @TAMU", "user": "DaniDChilds", "id": 398155063773786112}, {"text": "thehellofitall: The new Pokemon designs suck. The originals were so much better Bum Head Fire Duck Purple... http://t.co/oDnGD1CYam", "user": "lowclass_hifi", "id": 398149515783720961}, {"text": "RT @NoNo_Clark: \u201c@Originals_: @NoNo_Clark lmfao it prolly would swung on that hoe\u201d\n\ud83d\ude02\ud83d\ude2d\ud83d\ude02\ud83d\ude2d\ud83d\ude02\ud83d\ude2d\ud83d\ude02", "user": "Originals_", "id": 398126229468889088}, {"text": "\u201c@Originals_: @NoNo_Clark lmfao it prolly would swung on that hoe\u201d\n\ud83d\ude02\ud83d\ude2d\ud83d\ude02\ud83d\ude2d\ud83d\ude02\ud83d\ude2d\ud83d\ude02", "user": "NoNo_Clark", "id": 398126130785308672}, {"text": "@Originals_ mannn. I prolly woulda fainted.", "user": "NoNo_Clark", "id": 398125769521516544}, {"text": "@TVRepublik I'm sort of over shows about witches. The Originals also focus on witches. Which makes me not crazy about it.", "user": "MsStarrysky", "id": 398111057731780608}, {"text": "Faux finishes, murals, cabinet refinishing, high end painting. Call Valley Originals 512-762-7288", "user": "davidbvalley", "id": 398110687420887040}, {"text": "I just voted for The Originals #newtvdrama #PeoplesChoice. Retweet to vote http://t.co/DSfWDfcpDy via @peopleschoice", "user": "silva_luks94", "id": 398099283062161408}, {"text": "Oh my god that black guy from Blue Water High that's in The Originals has the worst American accent everrrrrrrrrr \ud83d\ude11\ud83d\udd2b\ud83d\udd2b\ud83d\udd2b\ud83d\udd2b", "user": "samaxine", "id": 398031041748676608}, {"text": "@OLNband You guys make the covers sound better than the originals. \ud83d\udc4d\ud83d\udc4d\ud83d\udc4d", "user": "JenifferLeeFlor", "id": 398008083420418048}, {"text": "Wednesday = The Originals", "user": "KimalMaharaj", "id": 397999555800621056}, {"text": "The originals my new favorite show", "user": "OskKoshB_Josh", "id": 397984107176538112}, {"text": "@val_comics even more reason to watch it! The originals tend to be the best.", "user": "rnb1226", "id": 397970491379421184}, {"text": "The Originals - Fruit of the Poisoned Trees http://t.co/AXkYIfRRsq", "user": "AshleyEpidemic", "id": 397955143741632512}, {"text": "THE ORIGINALS TODAY OGOMFKSMDKJSM", "user": "narryhey", "id": 397953460504506368}, {"text": "Get to go home and watch the new episode of 'The Originals' I'm ecstatic", "user": "ivanawbu", "id": 397949911750021120}, {"text": "RT @verenice0: Can someone just watch the originals and vampire diaries with me and just cuddle all day long and eat ice cream", "user": "ItsCesi", "id": 397949369283915776}, {"text": "Can someone just watch the originals and vampire diaries with me and just cuddle all day long and eat ice cream", "user": "verenice0", "id": 397949034263896065}, {"text": "Catching up on Walking dead and The Originals\ud83d\ude0e", "user": "melordie", "id": 397947814375731200}, {"text": "RT @Golbonj14: If you don't watch The Originals you're a loser.", "user": "DanielleAllsup", "id": 397947146135040000}, {"text": "RT @Golbonj14: If you don't watch The Originals you're a loser.", "user": "PLLTVDjasmine", "id": 397942694053294080}, {"text": "Ikr. Arrow is clearly better! \u201c@its_flankiee: How can you compare the originals to arrow? \ud83d\ude15\u201d", "user": "Gift_YB", "id": 397940796323676161}, {"text": "If you don't watch The Originals you're a loser.", "user": "Golbonj14", "id": 397940431117221888}, {"text": "Like... Arrow is tomorow \u201c@Meroe_: calmmm RT @its_flankiee: The Originals has to be the best show ever \ud83d\ude0d\u201d", "user": "Gift_YB", "id": 397940169413640193}, {"text": "Fan of #TheOriginals? Join me on #GetGlue http://t.co/lShLClLFXh", "user": "LoraDye", "id": 397939498820333568}, {"text": "RT @Austinpublisher: @AustinChildGuid we're featuring the Austin Originals Benefit Concert in the latest issue of @InFluentialMag at http:/\u2026", "user": "brookereann", "id": 397936381692887040}, {"text": "You have to Luv. Elijah he kept his word \u2764\ufe0f #TheOriginals #GetGlue http://t.co/ff64X3uaJ8", "user": "Anna6202", "id": 397935865819041792}, {"text": "Ending this perfect day with The Originals", "user": "RachelRae_2014", "id": 397931976071454720}, {"text": "@FloeticFlo @TheRommiDiaries @AmesInAtlanta @Originals tonights episode was awesome!! things are getting even crazier!", "user": "CrystalDDG4EVA", "id": 397919666212839424}, {"text": "@AmesInAtlanta @TheRommiDiaries @originals ooh its cool...I hope you love the show!! I'm kinda obsessed with it at the moment lol", "user": "CrystalDDG4EVA", "id": 397918212467093504}, {"text": "@AmesInAtlanta @TheRommiDiaries @originals The Originals is a spin off from TVD so if you watch it them you will understand it better", "user": "CrystalDDG4EVA", "id": 397915563390824448}, {"text": "@AmesInAtlanta @therommidiaries @originals yes!!! its amazing...yes its on Demand!! have you ever watched the vampire diaries??", "user": "CrystalDDG4EVA", "id": 397914906130776064}, {"text": "@AmesInAtlanta @therommidiaries @originals Tues on the CW @7 (central)", "user": "CrystalDDG4EVA", "id": 397913992590401537}, {"text": "@TheRommiDiaries lol that would be awesome!! i'm hoping they start doing The Originals conventions next year *fingers crossed*", "user": "CrystalDDG4EVA", "id": 397913724251426816}, {"text": "@TheRommiDiaries the convention in Chi in April is supposed to have TVD and The Originals cast..i think its a try out to see how it goes", "user": "CrystalDDG4EVA", "id": 397913580579717120}, {"text": "@TheRommiDiaries @Originals I know!! its one of my new fave shows!! love @JosephMorgan", "user": "CrystalDDG4EVA", "id": 397910793196281856}, {"text": "Lets talk about this week's #TheOriginals on #GetGlue http://t.co/pOpQcgoOvf", "user": "ItzBrandiBitch", "id": 397910788532621313}, {"text": "RT @CrystalDDG4EVA: yes!!! RT @TheRommiDiaries: You guys, if you don't watch this. Just.  Please. Watch.  #TheOriginals @Originals http://t\u2026", "user": "melissafrnndz", "id": 397910622249033728}, {"text": "yes!!! RT @TheRommiDiaries: You guys, if you don't watch this. Just.  Please. Watch.  #TheOriginals @Originals http://t.co/WMgKky0MJB", "user": "CrystalDDG4EVA", "id": 397910016402788352}, {"text": "Lets talk about this week's #TheOriginals on #GetGlue http://t.co/SlazDYvgxK", "user": "vadeluna07", "id": 397908201477537792}, {"text": "Honestly the worst part of watching Supernatural every is having to stomach minutes of this stupid \"The Originals\" Show. It's SO terrible.", "user": "bellaz0id", "id": 397905319868637184}, {"text": "@SonyaRios_ I haven't watched the originals sooo my mind may change but there's just something about that smile lol", "user": "ashleynnivens", "id": 397904988761886720}, {"text": "@Originals Wow! This makes Elijah soo much hotter! Move aside and notice this side of him! :)", "user": "Gec923Cruz", "id": 397904250157555712}, {"text": "\"no one hurts my family and lives\" &lt;3 Elijah!  #the originals", "user": "AimeeGann", "id": 397904161423257601}, {"text": "Can't handle this show. Should've watched The Originals \ud83d\ude12", "user": "cortland_hewitt", "id": 397900281469759488}, {"text": "My TV loves me back when I watch The Originals with #ViggleTV#TheOriginals #viggle", "user": "fjsolis86", "id": 397899949850914817}, {"text": "Watching the Originals, completing my brothers defensive driving, and drinking wine. Multi-tasking at its finest", "user": "JordanCummings6", "id": 397899294427975680}, {"text": "Photo: I just unlocked the The Originals: Fruit of the Poisoned Tree sticker on GetGlue 5287 others have... http://t.co/y9NE3CPKYo", "user": "HeyyRosa", "id": 397895920777707520}, {"text": "If you're watching #TheOriginals join me &amp; 5470 other fans on #GetGlue http://t.co/WsNcIut5Os", "user": "HeyyRosa", "id": 397895784487985152}, {"text": "Elijah is back..but now Hayley is danger..AGAIN..but it looks bad this time..oh and by the ... #TheOriginals #GetGlue http://t.co/JFF9sOCor6", "user": "AshanteScorpio", "id": 397893060446912512}, {"text": "Witchy witchy #TheOriginals #GetGlue http://t.co/aKKMOsxBTa", "user": "Jay_Hams", "id": 397892787217399808}, {"text": "I'm watching #TheOriginals with 4428 other fans on #GetGlue http://t.co/LOV8W6Kg6i", "user": "BTR_M5Addict", "id": 397892696494575616}, {"text": "The Originals, nigggggggggaa", "user": "alliedoll_", "id": 397892508715196416}, {"text": "The Originals time!!!", "user": "__VIIIXXIIXIXL", "id": 397892478658822144}, {"text": "If you're watching #TheOriginals join me &amp; 4148 other fans on #GetGlue http://t.co/NbCvjmM1tW", "user": "FeistySavvy", "id": 397891991058808832}, {"text": "If you're watching #TheOriginals join me &amp; 3793 other fans on #GetGlue http://t.co/rYQkIDGUA0", "user": "liveforthefight", "id": 397891289158778880}, {"text": "Fan of #TheOriginals? Join me &amp; 3793 other fans now on #GetGlue http://t.co/rYQkIDGUA0", "user": "liveforthefight", "id": 397891284964483072}, {"text": "#Originals time", "user": "MisslizMurder", "id": 397891203070300160}, {"text": "Lots of conversation about #TheOriginals on #GetGlue http://t.co/98HYWLq5C8", "user": "Lalapureangel", "id": 397890937588043776}, {"text": "RT @Austinpublisher: @AustinChildGuid we're featuring the Austin Originals Benefit Concert in the latest issue of @InFluentialMag at http:/\u2026", "user": "AustinChildGuid", "id": 397889271266156544}, {"text": "The originals tonight yesss", "user": "Golbonj14", "id": 397888498377564160}, {"text": "@AustinChildGuid we're featuring the Austin Originals Benefit Concert in the latest issue of @InFluentialMag at http://t.co/9IwtGJkdQk.", "user": "Austinpublisher", "id": 397887409209090048}, {"text": "Studying, watching The Originals, watching Supernatural, then go to recorded tv and watch New Girl and The Mindy Project! Busy night \ud83d\ude01", "user": "__VIIIXXIIXIXL", "id": 397884290387566592}, {"text": "@ImMarcAnthony lol they aight not the shit i want all the originals", "user": "polo_ashley", "id": 397879521971412992}, {"text": "I'm watching The Originals (1170 others are watching) http://t.co/Wh20QLu8Lt #GetGlue @CWOriginals", "user": "Rhettoric_1", "id": 397878840711974912}, {"text": "Going to buy a wrist brace &amp; then to get stuff for my mum. Hopefully I make it back on time for the originals.", "user": "_SimplySalinas", "id": 397865787718766592}, {"text": "Why can't vampire diaries and the originals come on during the same day\ud83d\ude2a", "user": "svargas09", "id": 397864665381740544}, {"text": "RT @agostocuellar: @SoFloMarket excited to show new originals...see you Saturday 10a. For unique finds for the early shopper. http://t.co/6\u2026", "user": "SoFloMarket", "id": 397864067718590464}, {"text": "FREE ORIGINALS FOR ACTIVE DUTY AND VETERANS ONLY ON VETERANS DAY!", "user": "lotzbetter78154", "id": 397819765881720833}, {"text": "Pleiades Blog: The Originals - \"Sinners and Saints\" - Review http://t.co/N0Aao9RSXo #The Originals", "user": "JessicaPatzer1", "id": 397814097627975680}, {"text": "@Originals_ woman I didn't know", "user": "Tierrraa", "id": 397810917263417345}, {"text": "Gotta love the Originals family drama. #TVDParty #RaisingtheStakes", "user": "ShreyaEllae", "id": 397808760569094144}, {"text": "\u201c@Originals_: This \"Craigy\" name was for my parents &amp; my parents only...Now everybody &amp; they mama calls me that \ud83d\ude23\u201d\ud83d\ude02\ud83d\ude02\ud83d\ude02", "user": "i_savehoes", "id": 397800729378693120}, {"text": "@Originals_ I didn't even know they called you that lmao !", "user": "Tierrraa", "id": 397799792148881409}, {"text": "@Originals_ @thuqqin_95 I guess you can go to craigys\ud83d\ude0a", "user": "Tierrraa", "id": 397797969551826944}, {"text": "@SoFloMarket excited to show new originals...see you Saturday 10a. For unique finds for the early shopper. http://t.co/6AJdWghnBb", "user": "agostocuellar", "id": 397795003805605889}, {"text": "Highly, highly recommend \"The Short Game,\" coming soon to a television or computer screen near you: http://t.co/hCW61TnCPT", "user": "reevehamilton", "id": 397791984632340481}, {"text": "@daniellemcam Excited for the originals tonight!", "user": "EricaSoAmazin", "id": 397759173997232128}, {"text": "Lanz Originals Vintage 1970s Sundress Floral Print Dress S/XS @eBay. #Vintage #Women #Retro http://t.co/3HR9ZDylYO #ebay #vintage #Lanz", "user": "UniqueFashion", "id": 397719437731590144}, {"text": "@inserthosehere @AbbyGreatRex maybe they'll rethink the reboot due to the originals not being happy and do a movie instead?", "user": "95fig", "id": 397700103177113600}, {"text": "I'm way behind on Revenge, The Voice, The Originals and X Factor.. Sigh", "user": "Rocketfan2503", "id": 397621425290244096}, {"text": "The originals is on tomorrow yes!", "user": "verenice0", "id": 397590331111120896}, {"text": "Does anyone watch The Originals?", "user": "TylerSonja", "id": 397535257630478336}, {"text": "\u201c@ColeCoakley9: @dhinz5 you too?\u201d C'mon coaks... Me and Nate dog were the originals", "user": "dhinz5", "id": 397522583509139456}, {"text": "RT @TheCWAustin: Catch @cworiginals tomorrow night at 7! http://t.co/Kj8IEhXxPN #entertainmentnow #thecwaustin", "user": "ami_tvdfan", "id": 397513336029339648}, {"text": "Catch @cworiginals tomorrow night at 7! http://t.co/Kj8IEhXxPN #entertainmentnow #thecwaustin", "user": "TheCWAustin", "id": 397483529283837952}, {"text": "Crapcan racing in a nutshell: http://t.co/zDwqcoO13C", "user": "stefthepef", "id": 397479221221531649}, {"text": "Mrs. Egan, i hope you know that none of us are gonna re-write our essays. we're gonna re-copy the originals word for word. \ud83d\udc4c", "user": "siennaskye_", "id": 397479088652169216}, {"text": "This week's episode of Texas Originals features Medal of Honor recipient Cleto Rodr\u00edguez : http://t.co/SaRhcM5Rxk @houpublicradio", "user": "humanitiestexas", "id": 397455530089660416}, {"text": "Here's the video of the flop by Patty Mills http://t.co/hxNEGrtlNl", "user": "JPrice07", "id": 397446845221175296}, {"text": "RT @danmccarneysaen: Patty Mills, flopper http://t.co/C9nr0trTty", "user": "andersonstevem", "id": 397446511581089793}, {"text": "Patty Mills, flopper http://t.co/C9nr0trTty", "user": "danmccarneysaen", "id": 397445273879736320}, {"text": "That wouldn't be a problem if they weren't all duplicates. There are MAYBE fifty originals.", "user": "morglea", "id": 397429735560445952}, {"text": "RT @EMDRIA: Excellent video by @AZPMnews on #EMDR as a successful treatment of #trauma https://t.co/lOpvIT5fam", "user": "EMDR4U", "id": 397414469787480064}, {"text": "LOL u should start on The Originals ^_^ RT @moukhty: I take 10 breaks per #TVD episode. It's become that ridiculous.", "user": "sadydakewl", "id": 397407409809162240}, {"text": "@DylaNNunez @CheRyder i got lots and lots of lyrics, havent had time to work on music for originals.", "user": "Zekerrr", "id": 397367028379430912}, {"text": "RT @wpengine: Turns out Stanley Kubrick was storyboarding a CSS movie, and the originals have been recovered.... http://t.co/XyeJIPg7np", "user": "CSSDevConf", "id": 397323640360144896}, {"text": "I love all my originals! Y'all making this single life so much better than it already was! \ud83d\ude4a\ud83d\ude0d\ud83d\udc4f", "user": "betsee_diaz", "id": 397210921363189760}, {"text": "Cracking up from what we can remember from last night \ud83d\ude02\ud83d\ude01 #originals", "user": "zraybby", "id": 397066171746250752}, {"text": "The originals , its like a follow up for vampire diaries, but just about the originals.", "user": "Famz_away", "id": 397044345741664256}, {"text": "So I broke down &amp; watched #theoriginals -- here are my thoughts http://t.co/pDCSKSvqRI", "user": "TVNerd95", "id": 397038388555284481}, {"text": "Sore Muscles to Infinity + Beyond! #ToyStory #SundayFunday http://t.co/4OadODk74Z", "user": "TetraFit", "id": 397033034915905537}, {"text": "@KevinBuckalew where do you order yours from?  I'm debating reproductions or originals. It gets expensive obviously.  Want mondo posters.", "user": "daxdobbs", "id": 397017668349202432}, {"text": "@texashoneyham The Hamwiches at the Austin Originals Benefit Concert ROCKED!  Thank you. We hope you stayed to enjoy Grupo Fantasma as well.", "user": "InFluentialMag", "id": 396942977362194434}, {"text": "@BFinnAustin we thank Brett and staff for being at The Ice Ball and Austin Originals Benefit Concert. The dishes were delightful. So good!", "user": "InFluentialMag", "id": 396942427467964416}, {"text": "Ok. So the originals is like the adult vamp diaries. #word", "user": "theCHosen_mvp", "id": 396909947268501504}, {"text": "@Kimimel13 if i had never seen the originals, i'd have fallen for it. lol.", "user": "dw9lives", "id": 396896640532873216}, {"text": "It's like I have to watch the originals bc I love vampire diaries. #realtweet", "user": "theCHosen_mvp", "id": 396893850624466944}, {"text": "@RyleaWallace13 uhh heck yeah! It's getting so good! The Originals especially.And I've watched Reign, it's okay I guess ha", "user": "jascollege92", "id": 396887251407605760}, {"text": "The #Adidas Originals #Bhutan track top #asia #china #RTExtraLife http://t.co/k5tFYFcwHG", "user": "AlbertMller48", "id": 396872277767118848}, {"text": "A #life #dedicated to #Adidas Originals saint #Tropez track top #Naruto http://t.co/3vrq1lELGN http://t.co/Q4440pWLzX", "user": "AlbertMller48", "id": 396870197862076416}, {"text": "The Great @Adidas #Originals Belize #jacket by @EnLawded http://t.co/O0mpzr5FPt", "user": "AlbertMller48", "id": 396868682929811456}, {"text": "@Josea1996 I'm saying I'll help you get em. I got them on my computer. Like 1200 songs all iTunes originals", "user": "SamTrilla", "id": 396861300367585281}]