[{"text": "Just want to say with Veteran's Day tomorrow, that I am proud to know so many people in my life who have served... http://t.co/6tyebqeDbM", "user": "MattSteele2", "id": 399639174984503296}, {"text": "a bunch of people arent having school tomorrow and it makes me feel anger", "user": "ankofam", "id": 399631297624039424}, {"text": "Be appreciative of the people in your life. Here today and gone tomorrow.", "user": "DeuceAccomplice", "id": 399588853326958592}, {"text": "RT @JakelinneBree: \"@PineWithPhilly: Looking at the people around me today, I can't imagine the chance of never seeing them tomorrow.. \ud83d\ude4f\"", "user": "SucceedIzzy", "id": 399588803007873025}, {"text": "RT @JakelinneBree: \"@PineWithPhilly: Looking at the people around me today, I can't imagine the chance of never seeing them tomorrow.. \ud83d\ude4f\"", "user": "jay_ssica23", "id": 399588584233373696}, {"text": "\"@PineWithPhilly: Looking at the people around me today, I can't imagine the chance of never seeing them tomorrow.. \ud83d\ude4f\"", "user": "JakelinneBree", "id": 399588546077409280}, {"text": "lol people was getting excited for no school tomorrow.", "user": "Dude_ItsReal", "id": 399580931582726144}, {"text": "RT @AustinSteam: Wow!  Almost 300 people already have tickets for tomorrow's Veterans Day Flyer!  We are so pleased to welcome our... http:\u2026", "user": "PaulRieckhoff", "id": 399575613641474049}, {"text": "I'm one of three preachers tomorrow!!! This is powerful stuff, people!!! #joinus http://t.co/2BYyEI8JA7 http://t.co/WOaEFu0pH0", "user": "sallykeller814", "id": 399437127005798400}, {"text": "apparently people are coming to my house tomorrow, so I should probably clean my room.", "user": "_ThatGirlMeagan", "id": 399408736915058688}, {"text": "I like The Tomorrow People. Does that count? RT @peterdamien \"I basically like people.\"", "user": "onthebird", "id": 399403019311144960}, {"text": "People say such hurtful things over stuff that won't matter tomorrow", "user": "xokewwy", "id": 399365941785403392}, {"text": "Parking lot stripes and ready for people!\n@TheMETChurch #themetcyp #tomorrow http://t.co/g09WqLAZNg", "user": "byron_moore", "id": 399365767948681216}, {"text": "\u201c@BrianCHouston: CHURCH: Where people gather around the Name above every other name - JESUS!\u201d Tomorrow @sugarlandchurch 9 + 11AM!", "user": "davidgamboa", "id": 399340420284440576}, {"text": ".@e_architect @outandabout hey, it's the Ultra headquarters from The Tomorrow People. LULZ", "user": "breathesgelatin", "id": 399305635876982785}, {"text": "First day of the market at Bluebonnet and Lamar is tomorrow. I am excited about meeting the people from our new neighborhood!", "user": "BartonCreekFM", "id": 399286698900598784}, {"text": "some people be talking like they cant lose EVERYTHING tomorrow ! stoooop !", "user": "MJayyee", "id": 399285494619443200}, {"text": "Tomorrow &amp; Monday will be my relaxing days to be with the people I love . \u2764\ufe0f", "user": "azalealoveee", "id": 399229439923335168}, {"text": "Wow!  Almost 300 people already have tickets for tomorrow's Veterans Day Flyer!  We are so pleased to welcome our... http://t.co/zrbZTsaXem", "user": "AustinSteam", "id": 399212733981544448}, {"text": "No one was on in GAZED for ludi pq so I levelled a Kanna to lv30. Bed time now, hopefully there will be people to do ludi q with me tomorrow", "user": "flyabye", "id": 399176768432521216}, {"text": "say all my people on the way to Denton right now or comin later in the day. it will be live tomorrow", "user": "liishaMAC", "id": 399103933626327040}, {"text": "I feel sorry for the people who are going to wake up to my snapchats tomorrow! \ud83d\ude02", "user": "_MiguelAngel15", "id": 399103625315618817}, {"text": "RT @spawnfalcon: Goodnight lovely people be excited for life and then go to bed dreaming about how you're gonna make tomorrow your bitch", "user": "EvaristoVillela", "id": 399080288086937600}, {"text": "Goodnight lovely people be excited for life and then go to bed dreaming about how you're gonna make tomorrow your bitch", "user": "spawnfalcon", "id": 399079458918780928}, {"text": "Saving my drunk texts for tomorrow night when I get drunk and have an amazing time with amazing people. Goodnight\ud83d\ude18\ud83d\ude34", "user": "TheWildWhore", "id": 399069393318977536}, {"text": "Lots of people are gonna be hungover tomorrow morning!\ud83d\ude02", "user": "ThatKidTristann", "id": 399068888630968320}, {"text": "Hey all you \"country\" people there's a stock show tomorrow at CPMS.. Come support LHSFFA..", "user": "Cassidyearly18", "id": 399064444820393984}, {"text": "Ugh tomorrow I have to show people how to apply casts and stiches.", "user": "dudeitsisabel", "id": 399062683267264512}, {"text": "Get ready for hangover tweets tomorrow people lol", "user": "davidgonzales96", "id": 399057732998672384}, {"text": "kinda nervous and excited to talk to dead people tomorrow but don't remember anything\ud83d\ude1f\ud83d\ude01", "user": "KristaAbraham", "id": 399050063034318849}, {"text": "RT @InsideUTSAJavi: At work I meet three people that where buying stuff for tomorrow's tailgate. All of them where wearing UTSA gear.", "user": "bootlegbentley", "id": 399035437831823360}, {"text": "RT @InsideUTSAJavi: At work I meet three people that where buying stuff for tomorrow's tailgate. All of them where wearing UTSA gear.", "user": "ReedDarragh", "id": 399034611302293505}, {"text": "At work I meet three people that where buying stuff for tomorrow's tailgate. All of them where wearing UTSA gear.", "user": "InsideUTSAJavi", "id": 399032291998978048}, {"text": "you rich people have fun at Judge tonight i'll see you tomorrow #jaded", "user": "tristenxbrenner", "id": 399029934284230657}, {"text": "RT @TahjTheTadpole: working tomorrow &gt; hanging out with irrelevant people", "user": "GUDDAGULLY", "id": 399019189660180480}, {"text": "working tomorrow &gt; hanging out with irrelevant people", "user": "TahjTheTadpole", "id": 399016951189491712}, {"text": "The possibilities of all the people i might see tomorrow &lt;", "user": "bacon_loveer", "id": 399015879469305857}, {"text": "Ill follow more people tomorrow.", "user": "_MendozaQueen", "id": 399009707496439808}, {"text": "The People's DJ: Gearing Up 4 Tomorrow's 70's Costume Party. Wait Til' U See My Costume...lol.", "user": "djbytedown", "id": 399004469184061441}, {"text": "@JustKurtAdams I guess a lot of people are going tomorrow", "user": "Fratnip", "id": 398955006079930368}, {"text": "How awesome are the people @Tipitinas ? Got offered free tickets for @blackjoelewis tomorrow night! http://t.co/eNNT9hDnzr", "user": "dennis78382", "id": 398943845049569280}, {"text": "RT @waynehartman: From one train wreck to another. \n\nGood thing there is tomorrow. Some people don\u2019t even get that opportunity.", "user": "jokerr", "id": 398940746956292096}, {"text": "Filing for #tx2014 primaries start 11/9. @TXGOP says it will be open from 9a-2p for people to file. @TXDemParty - will you be open tomorrow?", "user": "BonnieBruce", "id": 398936818264985600}, {"text": "Watch Agents of Shield?\"@iAm__TT: #nw The Tomorrow People S01E01\"", "user": "DsarcasticGhost", "id": 398899306759200768}, {"text": "From one train wreck to another. \n\nGood thing there is tomorrow. Some people don\u2019t even get that opportunity.", "user": "waynehartman", "id": 398897136969846784}, {"text": "Hey @kor180 Bees!  We had so many people wait listed for tomorrow's classes that we've gone ahead and added... http://t.co/a9LJ5VDoro", "user": "majabee", "id": 398895032981135360}, {"text": "@devancantu we have a party tonight and tomorrow, i got like 12 people haha", "user": "anthonytomp", "id": 398887371678052352}, {"text": "RT @OhTurdFergussen: You can learn lots of important life strategies from your cat. Starting tomorrow, I plan on flashing my asshole to at \u2026", "user": "howe007", "id": 398878943459430400}, {"text": "Can't wait until tomorrow. Going to see the Dallas Stars again. It's good to know people!!\ud83d\udc4d\u2026 http://t.co/J7k0AY8AW6", "user": "SheltonPierce", "id": 398877574283407360}, {"text": "Thanks to everyone that wishes me luck for state tomorrow it means a lot I love you people!!!!", "user": "ThatOneSkateKid", "id": 398852403056746496}, {"text": "RT @BigPimpiiin: Hey y'all! Let's try this thing tomorrow where more people than just the first two rows of the student section yell! (:", "user": "amandalanter2", "id": 398845228913668096}, {"text": "Nevertheless, it's Friday, the family is coming, and it's the last home game as an undergrad tomorrow! Seize your day people!", "user": "JohnsonTMatthew", "id": 398839645250662400}, {"text": "Meet you people there at SGGS Carnival tomorrow ;) @nourshazana @AIZZINDIE @MohdMazwanAfdal", "user": "nuryoonie", "id": 398839290211221504}, {"text": "RT @BigPimpiiin: Hey y'all! Let's try this thing tomorrow where more people than just the first two rows of the student section yell! (:", "user": "reaganmoody96", "id": 398832237921071104}, {"text": "Come workout at 9 am tomorrow &amp; stay for the \"after party.\" Kristin's baby shower! Bring some food to share &amp; stay for the people &amp; games!", "user": "TheCombineCSC", "id": 398808574316404736}, {"text": "Not looking forward to people poking my eye tomorrow... #fuckedupeye", "user": "Torzi007", "id": 398752252908691456}, {"text": "Come on people I have service tomorrow jeez! Let me be!", "user": "Linagarci1", "id": 398724188225028098}, {"text": "@GBMeDiC tomorrow have people spectate semis and finals", "user": "ViBeEz", "id": 398709320361066496}, {"text": "RT @Michaelaj24: So @ToriKelly tomorrow? Can't wait! This shall be fun especially cause I'm going with two of the funniest people I know.", "user": "lahomitamo", "id": 398678867029663745}, {"text": "RT @kksheld: @Michaelmrw TY Praying for us to return to God as people and a nation.Tomorrow's a new day.", "user": "AnnSmbiz99", "id": 398678586145918976}, {"text": "So @ToriKelly tomorrow? Can't wait! This shall be fun especially cause I'm going with two of the funniest people I know.", "user": "Michaelaj24", "id": 398678526779338753}, {"text": "Everyone should wake up tomorrow with the mentality that they are going to make other people smile along with themselvesssss", "user": "DarielaGalindo", "id": 398673556445212672}, {"text": "I really hope these people can fix my car tomorrow \ud83d\ude29\ud83d\ude4f #Apiece", "user": "christinerene_", "id": 398672035380867073}, {"text": "RT @BigPimpiiin: Hey y'all! Let's try this thing tomorrow where more people than just the first two rows of the student section yell! (:", "user": "aubreyycope", "id": 398668322809466880}, {"text": "WARNING: Two people have pissed me off on two consecutive days, I may be a total douche tomorrow.", "user": "SSanchez210", "id": 398667962430660609}, {"text": "RT @BigPimpiiin: Hey y'all! Let's try this thing tomorrow where more people than just the first two rows of the student section yell! (:", "user": "princesshaley01", "id": 398657013443350529}, {"text": "RT @BigPimpiiin: Hey y'all! Let's try this thing tomorrow where more people than just the first two rows of the student section yell! (:", "user": "madisondoerr07", "id": 398656953846480896}, {"text": "RT @BigPimpiiin: Hey y'all! Let's try this thing tomorrow where more people than just the first two rows of the student section yell! (:", "user": "LikeUhBaas", "id": 398656727802863617}, {"text": "RT @BigPimpiiin: Hey y'all! Let's try this thing tomorrow where more people than just the first two rows of the student section yell! (:", "user": "ChloeJanine96", "id": 398656699021524992}, {"text": "RT @BigPimpiiin: Hey y'all! Let's try this thing tomorrow where more people than just the first two rows of the student section yell! (:", "user": "GlavinShannon", "id": 398656691907985409}, {"text": "RT @BigPimpiiin: Hey y'all! Let's try this thing tomorrow where more people than just the first two rows of the student section yell! (:", "user": "MORGANN_DEANN", "id": 398656528913158145}, {"text": "RT @BigPimpiiin: Hey y'all! Let's try this thing tomorrow where more people than just the first two rows of the student section yell! (:", "user": "Shady_H_Haros", "id": 398656482540941312}, {"text": "RT @BigPimpiiin: Hey y'all! Let's try this thing tomorrow where more people than just the first two rows of the student section yell! (:", "user": "kymelsonn", "id": 398656466854215683}, {"text": "RT @BigPimpiiin: Hey y'all! Let's try this thing tomorrow where more people than just the first two rows of the student section yell! (:", "user": "blake_tha_snake", "id": 398656465939881984}, {"text": "Hey y'all! Let's try this thing tomorrow where more people than just the first two rows of the student section yell! (:", "user": "BigPimpiiin", "id": 398656404711428096}, {"text": "RT @whichelizabeth: I pray that on tomorrow's timed writing there is a poem that is not about nature, but actual real people.", "user": "AwkwardlyJess", "id": 398653675679129601}, {"text": "@lacieeRenee but they will never master the song of my people. NOT TODAY NOR TOMORROW!!! They need their rights taken away anyways..", "user": "GothikahLIVE", "id": 398635894216749056}, {"text": "CANT FUKEN WAIT TILL TOMORROW!! \"THE ROB'S\" ARE GOING TO SEE @FerryCorsten AT CLUB RIO!! JUST EXCITED TO BE AMOUNG OUR PEOPLE!!", "user": "Robsalazar35Rob", "id": 398634449480347648}, {"text": "I pray that on tomorrow's timed writing there is a poem that is not about nature, but actual real people.", "user": "whichelizabeth", "id": 398632675562360832}, {"text": "all I know is it's going to be hard to face people tomorrow", "user": "laneyjoanna", "id": 398630176730644480}, {"text": "RT @KeayAnderson: Spanish tomorrow with all these crazy funny people &gt;&gt;&gt;&gt;", "user": "Yo_tabithaa", "id": 398617471080353792}, {"text": "Spanish tomorrow with all these crazy funny people &gt;&gt;&gt;&gt;", "user": "KeayAnderson", "id": 398617380634382336}, {"text": "there better be people there tomorrow cause i sure as hell ain't going saturday", "user": "stoormsknowbest", "id": 398615941958733824}, {"text": "Most definitely! I can't wait RT @TPiperMedia @_Freeberry bring all your people to @SUGARHILLLOUNGE tomorrow for #huesoulhappyhour 5-9pm", "user": "_Freeberry", "id": 398603641495371776}, {"text": "Just when you least expect it, Tomorrow People reaches for greatness http://t.co/roTYzvAibA", "user": "technospunky", "id": 398583118895915010}, {"text": "Was just told that 150 people from a church group will be at my show tomorrow night. 85% of my jokes have the word \"dick\" in them.", "user": "TonyVinh", "id": 398562236421394433}, {"text": "The fact that I already know people going to the game tomorrow besides my crew is weird", "user": "BeckyJaee", "id": 398561888717398017}, {"text": "Why do people plan so far in advance? Does everyone know what will happen tomorrow except for me? #wasteofenergy", "user": "awolgerard", "id": 398560905333465091}, {"text": "\u201c@CentralCasting: Hit TV show is looking for a Zack Galifianakis types to work tomorrow\u201d so chubby &amp; bearded white people?", "user": "AndrewZarrillo", "id": 398552416150241282}, {"text": "Haven't seen a lot of people actually tweet about going to the signing tomorrow....maybe I might end up getting a wristband", "user": "becca_louise99", "id": 398550949528346626}, {"text": "@boDirtt IDK when to do it, only a few people said they're coming and tomorrow after nate's game is the only time that works =/", "user": "seanytoyguns", "id": 398544115131895808}, {"text": "Check out Science Friday tomorrow as Winifred Frick (http://t.co/lXbUrfX664) and Chris Cornelison... http://t.co/uryXKDPPTJ", "user": "BatConIntl", "id": 398539117338046465}, {"text": "Truth \"@IDoThat2: I hate when people ask what I'm doing tomorrow, it's like I don't even know what I'm doing right now...\"", "user": "Ray_chulll", "id": 398533920645345280}, {"text": "Photoset: phantomrat: Luke \u201cThe Plot\u201d Mitchell did terrific work in the latest The Tomorrow People. It was... http://t.co/1n1njiMKZ6", "user": "MinaDarling94", "id": 398504761227771904}, {"text": "RT @SabrinaBieber69: Highlands people ain't gunna be talking tomorrow when they lose tho !", "user": "ralph_lauren_64", "id": 398483298680180736}, {"text": "RT @SabrinaBieber69: Highlands people ain't gunna be talking tomorrow when they lose tho !", "user": "Damiansherwood", "id": 398482502601687040}, {"text": "RT @SabrinaBieber69: Highlands people ain't gunna be talking tomorrow when they lose tho !", "user": "JuanRedjordan23", "id": 398482441465106432}, {"text": "Highlands people ain't gunna be talking tomorrow when they lose tho !", "user": "SabrinaBieber69", "id": 398482350872334336}, {"text": "oi are you going on the beach camp tomorrow? \u2014 socialising with people from this school? ha I think not http://t.co/a1XSv69GV5", "user": "lissagiedraitis", "id": 398422791252627456}, {"text": "Speech tomorrow! \ud83d\ude14 let's seeeeeee how I actually do speaking in front of people", "user": "_melodyyy", "id": 398371081464999937}, {"text": "I just found shredded apples in my bra! It's time to call it a night! More stuff to do tomorrow! Sweet dreams my people", "user": "BloodyMurphy70", "id": 398369674166956033}, {"text": "Can't wait for people to see my shirt tomorrow #TurninHeads #LookButDontTouch #TXST", "user": "CarBelew", "id": 398356184324788224}, {"text": "Definitely liking Tomorrow People, good show that actually makes use of teleportation and TK. #TheTomorrowPeople", "user": "NewGenXMan", "id": 398334186592813056}, {"text": "All these people messaging me talking shit about tomorrow's rockets game lol", "user": "PaolaLRamos", "id": 398319451923574784}, {"text": "Goodnight hopefully tomorrow all of this is over because some people just stress me out.", "user": "sara_gtz98", "id": 398317741402099713}, {"text": "Photo: I just unlocked the The Tomorrow People: All Tomorrow\u2019s Parties sticker on GetGlue 7491 others have... http://t.co/Ibd2H6JELp", "user": "HermioneDuh", "id": 398315286396690432}, {"text": "\u201c@Bana_Escamilla5: Thinking about fighting people tomorrow\u201d", "user": "BWAMares1", "id": 398308365807276032}, {"text": "RT @Desireelove33: Watch people go in those point boots to school tomorrow \ud83d\ude02\ud83d\ude02\ud83d\ude02 lmao harlandale probs.", "user": "CuteassDeliyah", "id": 398304579692933120}, {"text": "RT @Desireelove33: Watch people go in those point boots to school tomorrow \ud83d\ude02\ud83d\ude02\ud83d\ude02 lmao harlandale probs.", "user": "Isabella_nicole", "id": 398300732463382528}, {"text": "RT @Desireelove33: Watch people go in those point boots to school tomorrow \ud83d\ude02\ud83d\ude02\ud83d\ude02 lmao harlandale probs.", "user": "txtrillest_", "id": 398300647763636224}, {"text": "RT @Desireelove33: Watch people go in those point boots to school tomorrow \ud83d\ude02\ud83d\ude02\ud83d\ude02 lmao harlandale probs.", "user": "JulianaLovee_", "id": 398300566549319680}, {"text": "RT @Desireelove33: Watch people go in those point boots to school tomorrow \ud83d\ude02\ud83d\ude02\ud83d\ude02 lmao harlandale probs.", "user": "Jay_miah24", "id": 398300392519254016}, {"text": "RT @Desireelove33: Watch people go in those point boots to school tomorrow \ud83d\ude02\ud83d\ude02\ud83d\ude02 lmao harlandale probs.", "user": "MirandaGee13", "id": 398300359820451840}, {"text": "RT @Desireelove33: Watch people go in those point boots to school tomorrow \ud83d\ude02\ud83d\ude02\ud83d\ude02 lmao harlandale probs.", "user": "redhead_steph", "id": 398300224944214016}, {"text": "Watch people go in those point boots to school tomorrow \ud83d\ude02\ud83d\ude02\ud83d\ude02 lmao harlandale probs.", "user": "Desireelove33", "id": 398300131247652864}, {"text": "you say u hate people talking shit, to just \"say it to your face\" BUT YOU DO IT SO MUCH DO U SEE YOUR TWEETS SAY IT TO ME TOMORROW I DARE U", "user": "faceghost___", "id": 398296397696352256}, {"text": "What do we wear tomorrow Edison people? ;-;", "user": "Ethan_Genesis", "id": 398284522208247808}, {"text": "Things I have learned today:  1. my foot hates me 2.  some people will never change 3.  I now know where I stand  4. tomorrow is a new day", "user": "atxbikegirl", "id": 398284422606110720}, {"text": "The Tomorrow People - All Tomorrow's Parties http://t.co/YOkvnFfFIs", "user": "AshleyEpidemic", "id": 398283508352708608}, {"text": "I really like The Tomorrow People. Also my sis checked out my rash and thinks I am turning into a kanima. Woo. Teen Woof!", "user": "hercircumstance", "id": 398276959941033984}, {"text": "Photo: I just unlocked the The Tomorrow People: All Tomorrow\u2019s Parties sticker on GetGlue 4540 others have... http://t.co/YphTBbH5KZ", "user": "docinaustin", "id": 398276706186051584}, {"text": "Photo: I\u2019m watching The Tomorrow People 5421 others are also watching. The Tomorrow People on http://t.co/UEVzoLKMyo http://t.co/0e82xbRJzc", "user": "docinaustin", "id": 398276704978075648}, {"text": "Photo: I just unlocked the The Tomorrow People: All Tomorrow\u2019s Parties sticker on GetGlue 3187 others have... http://t.co/AoYHg1jaco", "user": "stephdc", "id": 398274469808328705}, {"text": "I'm not talking to certain people tomorrow.", "user": "taeleurcarlee", "id": 398271399376064512}, {"text": "Hearing people talk about our ODPhajitas. They know what's up! Tomorrow at 10am on speedway. See ya there! #MeatUp", "user": "UTODPhi", "id": 398270648918614016}, {"text": "I could've sworn people were saying terrorist day tomorrow instead of tourist", "user": "Madxness_", "id": 398262083055153152}, {"text": "I'm watching The Tomorrow People (2013) (1342 others are watching) http://t.co/2dAOxqUnx5 #GetGlue @cwtp", "user": "Rhettoric_1", "id": 398256361848729600}, {"text": "@alysiamedrano alright ! Just let me finish about 10 chocolates I have left. I have people who are giving me the money tomorrow during class", "user": "j_castelan9", "id": 398249833477062656}, {"text": "What a long day this turned out to be. Tomorrow I get to work with one of my favorite people \u2665", "user": "CynDeeRella", "id": 398247243460800512}, {"text": "@zoocat I hope there is none tomorrow? Well, should still be some people that aren't going to the game I guess.", "user": "theronaldbrown", "id": 398242139999854592}, {"text": "As I prepare for my interviews tomorrow I ran into this video. POWERFUL!\n\nPeople Like Me: http://t.co/SNFhaDtPzV via @youtube", "user": "JavierCarmonaJr", "id": 398216580137353216}, {"text": "@STCameron tbh it's not bothered me tonight about people going. might do tomorrow lol! and i dunno. depends what's happening with them :p", "user": "_tragiceyes", "id": 398210088353030144}, {"text": "The Tomorrow People @cwtp tonight at 8! #thecwaustin #entertainmentnow", "user": "TheCWAustin", "id": 398209095792332801}, {"text": "I guess people do care my birthday is tomorrow, going to go meet peeps later tonight for my gifts, lol #feeling #loved", "user": "DonovanMarsh88", "id": 398200360973512704}, {"text": "RT @andrealhorton: The NATS people are gonna freak out tomorrow when they get to campus and everyone is wearing black. #sicemNATS #Everyone\u2026", "user": "solangesings", "id": 398195927355113472}, {"text": "The NATS people are gonna freak out tomorrow when they get to campus and everyone is wearing black. #sicemNATS #EveryoneInBlack", "user": "andrealhorton", "id": 398169485774827520}, {"text": "Time Warner Cable people coming tomorrow to hook up cable in my apartment tomorrow finally \ud83d\ude0e #winning", "user": "BradleyFanning", "id": 398167627614281728}, {"text": "I wonder when DFW people will be arriving in Waco tomorrow? @MattNeill @MatthewPOBrien @bedeezy @JohnJMaguire3 @lyndsybedell", "user": "wade_shoulders", "id": 398164621040689152}, {"text": "\"@teenagernotes: school tomorrow\nsame shit\nfake bitches\nannoying teachers\nratchet hoes\nfake thugs\nunnecessary drama\nannoying ass people\"", "user": "Toolivee_", "id": 398159437439172608}, {"text": "can't wait to see those certain people not in black tomorrow. #youcantsitwithus #blackout", "user": "connergilliland", "id": 398147108630298624}, {"text": "Calling all SEXY people in San Antonio \ud83d\udd25 get wild with me tomorrow\ud83d\ude0e http://t.co/b9pDmfNGZO", "user": "AnaLaura_Lozano", "id": 398119377444544513}, {"text": "Good night people! Have so much study to do tomorrow :( for my first Uni exam Friday! \ud83d\ude29", "user": "BeliebersAUS", "id": 398092304147177472}, {"text": "Don't take people for granted because what's here today could be gone tomorrow...", "user": "Chosen1996", "id": 398085995767140352}, {"text": "Things, situations, and people may be here today and gone tomorrow, but the promises He has made to\u2026 http://t.co/O3w30hzhlj", "user": "brytolove", "id": 398085862027960320}, {"text": "\u201cEducation is our passport to the future, for tomorrow belongs to the people who prepare for it today.\u201d - Malcolm X", "user": "Travis_Co_News", "id": 398085047984869376}, {"text": "\u201c@ComedyTruth: I hate when people ask what im doing tomorrow I dont even know what Im doing right now stop doing this to me\u201d \ud83d\ude02", "user": "rosieluvsyah", "id": 398084889813065728}, {"text": "RT @StayBryght: Some people about to be mad come tomorrow first come first serve #OVERDOSE2K13 PreSale tickets go on Sale tomorrow, 3:30 Li\u2026", "user": "_elQapitan", "id": 398012068353171457}, {"text": "RT @StayBryght: Some people about to be mad come tomorrow first come first serve #OVERDOSE2K13 PreSale tickets go on Sale tomorrow, 3:30 Li\u2026", "user": "PhiGamma_Ques", "id": 398009593923522561}, {"text": "Some people about to be mad come tomorrow first come first serve #OVERDOSE2K13 PreSale tickets go on Sale tomorrow, 3:30 Library Mall!", "user": "StayBryght", "id": 398009427816484864}, {"text": "I don't understand how people can pull all nighters. My essay can wait until tomorrow. #goodnight", "user": "ashleyjanice17", "id": 398008930388803584}, {"text": "\"School tomorrow, same shit, fake bches, annoying teachers, ratchet hoes, fake thugs, unnecessary drama, and annoying ass people.\" REAL TALK", "user": "SimplySabrinaa", "id": 397963309690798080}, {"text": "@Leannnnuh it's gonna happen! I'll get people to go like it tomorrow! Lol night babe \ud83d\ude18\ud83d\ude34", "user": "morganblakely4", "id": 397961873884471296}, {"text": "I wonder how many people are going to miss the bus tomorrow lol", "user": "HeyItsAlvarez", "id": 397957875256918016}, {"text": "@AlexaJackson3 yeah, but I mean the people who quote without adding anything to it! Hey have fun tomorrow btw! \ud83d\udc9b\ud83c\udde9\ud83c\uddea\u2764\ufe0f", "user": "diegosb16", "id": 397957126804369408}, {"text": "RT @Heisenberg214: Goodnight beautiful twitter people. I have to be at work at the ungodly hour of 7am. Pray I don't snap and choke a custo\u2026", "user": "D_Boss512", "id": 397956592391303168}, {"text": "Goodnight beautiful twitter people. I have to be at work at the ungodly hour of 7am. Pray I don't snap and choke a customer tomorrow.", "user": "Heisenberg214", "id": 397956307111522304}, {"text": "@EliShadow they said they need people I'm stock, I think you get paid more you should apply tomorrow.", "user": "fuckkthisshitt", "id": 397953197949480960}, {"text": "RT @lonelysoul_am: i wonder how many people are gonna unfollow each other tomorrow..", "user": "Toniiyoung", "id": 397948927439159296}, {"text": "My Texas people this gas is to good to be true! I feel like this gas gone shot up to 3.50 tomorrow", "user": "AyOhBee", "id": 397944242590715904}, {"text": "RT @Hey_Reaa: \"We have a test tomorrow, people! And we don't even know what a ploidy level is!!\" #GeeWilikersGuys \ud83d\ude02\ud83d\ude02\ud83d\ude02 @jordangraham26 @rach\u2026", "user": "rachelannbooth", "id": 397944191008792576}, {"text": "RT @kksheld: @Michaelmrw TY Praying for us to return to God as people and a nation.Tomorrow's a new day.", "user": "MitziEvans0", "id": 397943632386621440}, {"text": "\"We have a test tomorrow, people! And we don't even know what a ploidy level is!!\" #GeeWilikersGuys \ud83d\ude02\ud83d\ude02\ud83d\ude02 @jordangraham26 @rachelannbooth", "user": "Hey_Reaa", "id": 397941176583868416}, {"text": "RT @ozuna_arturo4: Tomorrow at the panaoramic were going to see over 50 people I have never seen before.", "user": "Solomon_Ray24", "id": 397939981554950144}, {"text": "Is it tomorrow yet? People are making me depressed. lol", "user": "Melbell429", "id": 397937747551211520}, {"text": "RT @kksheld: @Michaelmrw TY Praying for us to return to God as people and a nation.Tomorrow's a new day.", "user": "reconjoe8tet68", "id": 397936999450943489}, {"text": "Tomorrow at the panaoramic were going to see over 50 people I have never seen before.", "user": "ozuna_arturo4", "id": 397933919628034049}, {"text": "People be like \" drake the type of nigga to... \" but jam to his album like no tomorrow so shut the fuck up already", "user": "papanate1", "id": 397933567738523649}, {"text": "RT @kksheld: @Michaelmrw TY Praying for us to return to God as people and a nation.Tomorrow's a new day.", "user": "Michaelmrw", "id": 397929923668488192}, {"text": "@KendraKM12 I want to go tomorrow. I'm texting people right now about it", "user": "Rickyricardo858", "id": 397927940899360768}, {"text": "@Michaelmrw TY Praying for us to return to God as people and a nation.Tomorrow's a new day.", "user": "kksheld", "id": 397927163447369728}, {"text": "RT @lonelysoul_am: i wonder how many people are gonna unfollow each other tomorrow..", "user": "drone214", "id": 397925875729301504}, {"text": "i wonder how many people are gonna unfollow each other tomorrow..", "user": "lonelysoul_am", "id": 397923555007946752}, {"text": "RT @jessicamarie_05: @faithloveloyal haha oh well you should do something about that but okay let's talk about it tomorrow and see if more \u2026", "user": "faithloveloyal", "id": 397912489880322049}, {"text": "I love how I throw a fit about having a meeting at 10am tomorrow and some people wake up at like 4am", "user": "Skyy_01", "id": 397904983036669953}, {"text": "@faithloveloyal haha oh well you should do something about that but okay let's talk about it tomorrow and see if more people want to go", "user": "jessicamarie_05", "id": 397903849450520577}, {"text": "@RobbieAmell I just voted for The Tomorrow People #newtvdrama #PeoplesChoice. Retweet to vote http://t.co/DKr0TwKiHl via @peopleschoice", "user": "jeanne_xtina", "id": 397903501549764608}, {"text": "I'm going to be honest #BangaBanga is already stuck in my head I'm going to sing it all day school tomorrow I don't care what people think!", "user": "amberybarra1031", "id": 397895344584798208}, {"text": "RT @IAMGuillermoTOO: #currentresults of the @News4SA #college #poll where are my #UTSA people at???  Voting ends tomorrow morning!! #vote h\u2026", "user": "analisa731", "id": 397893955456495616}, {"text": "#currentresults of the @News4SA #college #poll where are my #UTSA people at???  Voting ends tomorrow morning!! #vote http://t.co/W8d8zv2WlJ", "user": "GJGunit", "id": 397891527931736064}, {"text": "Tell the people you care about that you love them today because you might not have until tomorrow.", "user": "TatelynJKent", "id": 397887027833630720}, {"text": "RT @mbs213: The Obama road show is coming to Dallas tomorrow to Temple Emanuel to help people sign up for #ObamaScare \ud83d\udc4e\ud83d\ude02", "user": "MonsterMash1989", "id": 397879330774077440}, {"text": "The Obama road show is coming to Dallas tomorrow to Temple Emanuel to help people sign up for #ObamaScare \ud83d\udc4e\ud83d\ude02", "user": "mbs213", "id": 397879004478177280}, {"text": "RT @ChadGibby: Instead of writing \"love\" on your wrist for Suicide Awareness Day tomorrow just be a decent human being and stop making peop\u2026", "user": "moniquenatasha_", "id": 397867638883639296}, {"text": "RT @ChadGibby: Instead of writing \"love\" on your wrist for Suicide Awareness Day tomorrow just be a decent human being and stop making peop\u2026", "user": "beckybmth", "id": 397860504955527168}, {"text": "RT @ChadGibby: Instead of writing \"love\" on your wrist for Suicide Awareness Day tomorrow just be a decent human being and stop making peop\u2026", "user": "brybryxox", "id": 397854505607651328}, {"text": "RT @ChadGibby: Instead of writing \"love\" on your wrist for Suicide Awareness Day tomorrow just be a decent human being and stop making peop\u2026", "user": "holleee_", "id": 397851961883897856}, {"text": "RT @ChadGibby: Instead of writing \"love\" on your wrist for Suicide Awareness Day tomorrow just be a decent human being and stop making peop\u2026", "user": "gooseko", "id": 397849509138825216}, {"text": "RT @ChadGibby: Instead of writing \"love\" on your wrist for Suicide Awareness Day tomorrow just be a decent human being and stop making peop\u2026", "user": "mtolmie0828", "id": 397846473003765760}, {"text": "RT @ChadGibby: Instead of writing \"love\" on your wrist for Suicide Awareness Day tomorrow just be a decent human being and stop making peop\u2026", "user": "youknowceline", "id": 397846255105474560}, {"text": "RT @ChadGibby: Instead of writing \"love\" on your wrist for Suicide Awareness Day tomorrow just be a decent human being and stop making peop\u2026", "user": "killianbarrett", "id": 397845977442566144}, {"text": "RT @ChadGibby: Instead of writing \"love\" on your wrist for Suicide Awareness Day tomorrow just be a decent human being and stop making peop\u2026", "user": "Holly_Mccudden", "id": 397845770650791936}, {"text": "RT @ChadGibby: Instead of writing \"love\" on your wrist for Suicide Awareness Day tomorrow just be a decent human being and stop making peop\u2026", "user": "_anycraic", "id": 397845751352819713}, {"text": "RT @ChadGibby: Instead of writing \"love\" on your wrist for Suicide Awareness Day tomorrow just be a decent human being and stop making peop\u2026", "user": "2Chanel4_u", "id": 397845577406619648}, {"text": "RT @ChadGibby: Instead of writing \"love\" on your wrist for Suicide Awareness Day tomorrow just be a decent human being and stop making peop\u2026", "user": "Ronnie_Evans_", "id": 397845461132140544}, {"text": "RT @ChadGibby: Instead of writing \"love\" on your wrist for Suicide Awareness Day tomorrow just be a decent human being and stop making peop\u2026", "user": "kelseytoner_", "id": 397845451510394881}, {"text": "RT @ChadGibby: Instead of writing \"love\" on your wrist for Suicide Awareness Day tomorrow just be a decent human being and stop making peop\u2026", "user": "meganalexandra5", "id": 397845373295034368}, {"text": "RT @znjc: I hate when people ask what im doing tomorrow I dont even know what Im doing right now stop doing this to me", "user": "DeadBooks", "id": 397835586608054272}, {"text": "I hate when people ask what im doing tomorrow I dont even know what Im doing right now stop doing this to me", "user": "znjc", "id": 397835338984341504}, {"text": "@MarkRPellegrino Tomorrow people gets better each episode", "user": "mrstserc", "id": 397798923529490432}, {"text": "I hate when people ask what im doing tomorrow I dont even know what Im doing right now stop doing this to me", "user": "OrvalNapolitano", "id": 397709440154992643}, {"text": "People are going to wake up tomorrow and I'll be all over their timeline", "user": "big_daddeus", "id": 397676808746708992}, {"text": "NOOOO OH MY GOD it's going to be hot tomorrow so I probably won't keep my jumper on no people will see, this is awful :'(", "user": "ItsEvelynCee", "id": 397637757092102144}, {"text": "People act like they have something to do tomorrow", "user": "watkinsdustin24", "id": 397634438265180160}, {"text": "I have to see so many people and talk to them tomorrow and be fucking social and shit", "user": "mayday22", "id": 397616397431209984}, {"text": "I have to go back to work tomorrow. I'm not ready to be around all those rude people.", "user": "Carmen209", "id": 397603884547321856}, {"text": "\"Education is our passport to the future, for tomorrow belongs to the people who prepare for it today\" #MX", "user": "datboi_ab", "id": 397597522895466496}, {"text": "RT @ClaraJeffery Don't forget to exercise your power to vote tomorrow. Lots of people wish you wouldn't.", "user": "BobbyCervantes", "id": 397595573710123009}, {"text": "RT @convergecollide: Dear good people of South Berwick, ME: tomorrow, you should vote for my dad, Joseph Long, for MSAD 35 School Board! #v\u2026", "user": "Alivada", "id": 397579905602314240}, {"text": "RT @Andy_E97: Tomorrow's a big day for allot of people!!", "user": "EmilyRoseBooks", "id": 397577093636030464}, {"text": "RT @AlexAdelsen: Idk if people are actually gonna wear hats tomorrow...", "user": "ConnorTheTexan", "id": 397577066683449344}, {"text": "Idk if people are actually gonna wear hats tomorrow...", "user": "AlexAdelsen", "id": 397576722914111489}, {"text": "@chezreneortiz hey man, meeting some inv. people at sway tomorrow night...you gonna be around?", "user": "BurroCheese", "id": 397576433377099776}, {"text": "Tomorrow's a big day for allot of people!!", "user": "Andy_E97", "id": 397575469098221568}, {"text": "\"@KatrinaPardee: EVERYONE COME TO OUR FIRST HOME GAME TOMORROW AT 7:00 IN THE BIG GYM!! \ud83d\udc4f\ud83c\udfc0\ud83c\udfc0\ud83d\udc4d\u2764 first 20 people get free beats headphones.\" \ud83d\ude32\ud83d\udc4d", "user": "Crossova_Cal", "id": 397574516873760768}, {"text": "RT @convergecollide: Dear good people of South Berwick, ME: tomorrow, you should vote for my dad, Joseph Long, for MSAD 35 School Board! #v\u2026", "user": "tootwistedtv", "id": 397573887904337920}, {"text": "Dear good people of South Berwick, ME: tomorrow, you should vote for my dad, Joseph Long, for MSAD 35 School Board! #vote #mydadisawesome", "user": "convergecollide", "id": 397573822120882177}, {"text": "\" This whole Rachel's challenge thing is really had me thinking I wonder what people would have to say about me if I died tomorrow...\"", "user": "TrEy546", "id": 397573496361869313}, {"text": "@Clarkiee__ and I are gonna look really stupid tomorrow if not alot of people dress up for twin day", "user": "KatieElizzzz", "id": 397567801172303874}, {"text": "RT @ChadGibby: Instead of writing \"love\" on your wrist for Suicide Awareness Day tomorrow just be a decent human being and stop making peop\u2026", "user": "robbiecouming", "id": 397559251188469760}, {"text": "Tomorrow morning's gonna be so awkward. A buncha people I don't know just chillin in my house. Like ugh", "user": "Breezeyy", "id": 397559097538932737}, {"text": "I'm just gonna take them to school tomorrow and make people buy some LOL", "user": "iris_styles1", "id": 397555680854302720}, {"text": "RT @ChadGibby: Instead of writing \"love\" on your wrist for Suicide Awareness Day tomorrow just be a decent human being and stop making peop\u2026", "user": "brohaannn", "id": 397554432319029249}, {"text": "PSA for people as dumb as I: the @RiffTrax Santa Claus Conquers the Martians screening is 12/5, not tomorrow night. Just figured that out.", "user": "billchilds", "id": 397554096791896065}, {"text": "RT @ChadGibby: Instead of writing \"love\" on your wrist for Suicide Awareness Day tomorrow just be a decent human being and stop making peop\u2026", "user": "BenKruSwift", "id": 397550166745415680}, {"text": "RT @peachyolantern: evRY1 GO TO CANES TOMORROW AND SAY UR W CREEKVIEW ORCHESTRA AND HAVE SOME FBAULOUS CANES BABIES ARE CRYIN PEOPLE ARE DY\u2026", "user": "crazyaznly24", "id": 397543543603859456}, {"text": "evRY1 GO TO CANES TOMORROW AND SAY UR W CREEKVIEW ORCHESTRA AND HAVE SOME FBAULOUS CANES BABIES ARE CRYIN PEOPLE ARE DYIN\n\nGO 2 CANES", "user": "kimchiyoyo", "id": 397539145691578368}, {"text": "Latest buzz and reviews for McCallum High School: http://t.co/ztZz5ZIKmF - RT @TweetsFromNancy Need 2 people to work elections tomorrow a...", "user": "AustinPlaces", "id": 397529197880426496}, {"text": "For people a brack tomorrow suit and tie day is anything really nice guys go all out vests button up shirt slacks , girls a nice dress ect.", "user": "jimmyray_moya", "id": 397523677685641216}, {"text": "While you're still feeling ambitious abut tomorrow morning: Morning Routines for Productive People http://t.co/7qVKfM2J1m via @HealthyLiving", "user": "ProvenirUSA", "id": 397515722122727424}, {"text": "RT @blikesfish: I can add people on Skype but can't Skype at the moment. Send me your Skype names is you want to Skype tomorrow", "user": "Mr_Sparky99", "id": 397512031235891200}, {"text": "I can add people on Skype but can't Skype at the moment. Send me your Skype names is you want to Skype tomorrow", "user": "blikesfish", "id": 397510329229266944}, {"text": "tomorrow ima see my favorite people. \u2764\ufe0f", "user": "__xotinoco", "id": 397470356388052992}, {"text": "So I gotta check in with my bail bonds people tomorrow. Feel like a felon. :-/", "user": "JMijo2", "id": 397427086081527808}, {"text": "\u201c@MabeISimmons: School tomorrow \u270f\ud83d\udcd3 Same shit \ud83d\udca9 Fake bitches \ud83d\udc84\ud83d\udc8b Annoying teachers \ud83d\udc69 Ratchet hoes \ud83d\ude45 Unnecessary drama \u270c &amp; Annoying ass people!", "user": "BautistaShania5", "id": 397375590338015232}, {"text": "RT @Robbyn_Smith: Thanks to what @ElizabethMEvans told me I think I'm gonna need to beat some people up tomorrow\ud83d\ude0f\ud83d\udcaa", "user": "ElizabethMEvans", "id": 397361126998306816}, {"text": "RT @1Dinf3ction: Why are people getting mad? Views haven't been taken away. The count has been frozen so it can be checked and counted! We'\u2026", "user": "ZaynbabeeMalikk", "id": 397320308220104705}, {"text": "RT @1Dinf3ction: Why are people getting mad? Views haven't been taken away. The count has been frozen so it can be checked and counted! We'\u2026", "user": "Natalya_Mae", "id": 397319445481553920}, {"text": "RT @1Dinf3ction: Why are people getting mad? Views haven't been taken away. The count has been frozen so it can be checked and counted! We'\u2026", "user": "ASHISSEXY1", "id": 397319309854113792}, {"text": "Why are people getting mad? Views haven't been taken away. The count has been frozen so it can be checked and counted! We'll know tomorrow.", "user": "1Dinf3ction", "id": 397319110255583232}, {"text": "I sware most like I won't be texting the people I'm texting tonight, tomorrow,  or everrr again. .", "user": "Why_Monroee", "id": 397256670054580225}, {"text": "TOMORROW MINUS A GAZILLION PEOPLE AND CAMERA PHONES IN MY FACE!!! http://t.co/8tvQMVcIaI", "user": "atxhipsters", "id": 397252737684869120}, {"text": "@thatamanduhshow people are just dumb, but I'll be okay once I ace my Espa\u00f1ol test tomorrow.", "user": "MaryV31", "id": 397251035321757696}, {"text": "Final touches made to my speech. So so so so nervous to speak to 800 people tomorrow.", "user": "JadziaChristine", "id": 397249628204064768}, {"text": "Wearing my glasses everyday starting tomorrow. Maybe I will see the beauty in people.. Just kidding. You are all ugly.", "user": "ShutUpDimitri", "id": 397242220002017280}, {"text": "Randy Bullock better be in contact with these people by noon tomorrow http://t.co/C8yk5bxhol", "user": "Texas0205", "id": 397224989666996224}, {"text": "Thanks to what @ElizabethMEvans told me I think I'm gonna need to beat some people up tomorrow\ud83d\ude0f\ud83d\udcaa", "user": "Robbyn_Smith", "id": 397223402768838656}, {"text": "RT @zeke_suarez: I could complain about school tomorrow, but that would mean that I'm complaining about the position God put me in. Stay po\u2026", "user": "KnicoleChanning", "id": 397218732264550400}, {"text": "Off tomorrow,Thank God, I really need a break from these people that shop and work at that darn store. I was definitely on edge today", "user": "F_I_L_A", "id": 397215781567881216}, {"text": "RT @ChadGibby: Instead of writing \"love\" on your wrist for Suicide Awareness Day tomorrow just be a decent human being and stop making peop\u2026", "user": "Kronch_Kid", "id": 397215417598373888}, {"text": "RT @ChadGibby: Instead of writing \"love\" on your wrist for Suicide Awareness Day tomorrow just be a decent human being and stop making peop\u2026", "user": "Ianduncann", "id": 397214844794851328}, {"text": "I could complain about school tomorrow, but that would mean that I'm complaining about the position God put me in. Stay positive people! \ud83d\ude0b\ud83d\udc4d", "user": "zeke_suarez", "id": 397212271207649280}, {"text": "i have to see people at school tomorrow http://twitter,com/CommonWhiteGrls/status/369286541593432065/photo/1pic,twitter,com/1KGrjO4Wms", "user": "CryarazCryar", "id": 397211404425781248}, {"text": "Most likely getting my phone tomorrow &amp; only a handful of people will have my number.", "user": "_thvgish", "id": 397202919889465344}, {"text": "If my sisters find out about me stealing their Halloween candy and giving it to people at school tomorrow I'll never hear the end of it", "user": "JordynNichole_", "id": 397202392443133952}, {"text": "RT @PolarBearBeto: Attention O'connor people Im going to bed due to the fact that i have rehearsal at 6 o clock tomorrow morning, stay fros\u2026", "user": "m0nicaca", "id": 397202360164188160}, {"text": "Attention O'connor people Im going to bed due to the fact that i have rehearsal at 6 o clock tomorrow morning, stay frosty.", "user": "PolarBearBeto", "id": 397202266307850241}, {"text": "Only people who want to go to work tomorrow won't like this status. #justsayin", "user": "DivoStar89", "id": 397192051743551488}, {"text": "my mom was gonna call Into work acting sick tomorrow, but people already saw pictures of her in line for the tickets, so she can't anymore.\ud83d\ude02", "user": "MatthewYbarra_", "id": 397188154957910016}, {"text": "RT @wifeofaflyboy: Hey people! @ScatteredCShels is having a BOGO sale on her ads until tomorrow morning so hurry and get yours! She's wonde\u2026", "user": "ScatteredCShels", "id": 397187762643664896}, {"text": "I'm probably going to hear some shit from people about me tomorrow but I was feelin good. Lol", "user": "treyKTA_", "id": 397176890273705984}, {"text": "Hey people! @ScatteredCShels is having a BOGO sale on her ads until tomorrow morning so hurry and get yours! She's wonderful!", "user": "wifeofaflyboy", "id": 397176164990480384}, {"text": "RT @dgirlg: I hope people are going all out for tomorrow cuz I am. O:", "user": "Heygossipdrive", "id": 397172520622620672}, {"text": "I hope people are going all out for tomorrow cuz I am. O:", "user": "dgirlg", "id": 397170445079687169}, {"text": "The high will only be 70 tomorrow. People will be wearing sweaters in the office and pretending to be cold. #Austin #ATX", "user": "iamhamil", "id": 397168949705457664}, {"text": "Straightening my hair tomorrow just so people won't ask me to for the rest of the year.", "user": "ALXANDREUH", "id": 397168643923914752}, {"text": "Tomorrow, jus another day where all these annoying ass people all up in my face all day long ! \ud83d\ude21", "user": "FBLife_", "id": 397166585351127040}, {"text": "RT @kay_banks15: Well Sean is going to the Navy tomorrow and other people are just sitting at home doing the same thing every day. Gotta sa\u2026", "user": "Taylormassey16", "id": 397160004102279168}, {"text": "RT @kay_banks15: Well Sean is going to the Navy tomorrow and other people are just sitting at home doing the same thing every day. Gotta sa\u2026", "user": "VanCour15", "id": 397159413049352192}, {"text": "\u201c@DezBryant: My birthday tomorrow people lol\u201d HAPPY EARLY BIRTHDAY \ud83d\ude0a", "user": "aberrelez", "id": 397157988038746112}, {"text": "\"@DezBryant: My birthday tomorrow people lol\"", "user": "babyjames288", "id": 397157011147616256}, {"text": "Well Sean is going to the Navy tomorrow and other people are just sitting at home doing the same thing every day. Gotta say I am very proud.", "user": "kay_banks15", "id": 397153229441486848}, {"text": "Going to bed c:\nSee you all tomorrow, you beautiful people :3", "user": "DellConagherEng", "id": 397140170639540225}, {"text": "\u201c@JamesLikesToo69: gotta put up w/ hating ass, shady ass, ignorant ass people tomorrow. no thank you \ud83d\udc4a\u201d", "user": "LoveAle_", "id": 397125137205428224}, {"text": "I'm going to laugh so hard when people wear actual money to school tomorrow and lose all of it in the hallways or get it stolen", "user": "eeeeeschler", "id": 397060085002035201}, {"text": "Haha I'm fucking y'all heads up later! I got a speech tomorrow with two people who don't speak English that well tomorrow. \ud83d\ude33\ud83d\ude33\ud83d\ude12\ud83d\ude12\ud83d\ude24\ud83d\ude24", "user": "iSoiceyy3", "id": 397046350149206017}, {"text": "RT @Herrera_Mawis: Tomorrow I'm leaving San Antonio, leaving Cele, but not leaving NHI. Was an honor meet all these people.", "user": "In_My_GarZone", "id": 396993315880439808}, {"text": "Helpng with the Chi Alpha lunch tomorrow! I miss those people.g", "user": "eggsackleyAEAl", "id": 396985410905055232}, {"text": "Mannnn people went HAM that extra hour @Cabo_Joes .! (East)\nSee u tomorrow there for ur hangover cure n football.", "user": "AlexxRight", "id": 396943491604807681}, {"text": "What a great and wonderful day! So many amazing young people! Dinner with everyone this evening at green lion home. Work tomorrow morning.", "user": "MDJ4u2", "id": 396933575649419265}, {"text": "Cooked tomorrow's lunch for awhile and then decided to bake this beautiful apple pie. So glad people\u2026 http://t.co/VxxS7Y2aoz", "user": "Kiminnick", "id": 396933001952919552}, {"text": "Tomorrow I'm leaving San Antonio, leaving Cele, but not leaving NHI. Was an honor meet all these people.", "user": "Herrera_Mawis", "id": 396878586910478336}, {"text": "\u201c@karinasdiemonds: Needa go turn in all my apps tomorrow ugh gross\u201d WAIT PEOPLE STILL FILL OUT LIKE PAPER APPS???", "user": "AnonyMurk", "id": 396876523476512768}]