[{"text": "@Ihnatko @Jon_Alper @dnanian half are on The Vampire Diaries (yes I watch it with kiddo...)", "user": "rgoodwin", "id": 399575098379628544}, {"text": "Haven't gotten any better since yesterday...maybe I just need to be back in my bed at Burt watching Vampire Diaries. #BeltonBound", "user": "beckman07", "id": 399557083869097985}, {"text": "@Vamp_Diaries Paul was her human love. Now Elena is a vampire and Ian is her true love. Now he finally has a chance to be with her.", "user": "BayRollo", "id": 399533178152427520}, {"text": "Chase told me tomorrow I have  \"DO HOMEWORK AND NOT VAMPIRE DIARIES\".... Lol what \ud83d\ude02", "user": "whaddupsam", "id": 399425296304070656}, {"text": "Just started The Vampire Diaries. #SallRight", "user": "llenaredoblado", "id": 399417417304002560}, {"text": "RT @iHoopDestiny: Vampire diaries is officially so confusing, too many Eliana's and Stephens", "user": "emilionare", "id": 399417160566460416}, {"text": "\"@JosephMorgan: Thank you Vampire Diaries for changing my life and stuff ;) #TVD100\"can you be mine pls", "user": "gleslie14", "id": 399415513593311232}, {"text": "Just finished season 4 of Vampire Diaries on Netflix!! Now I just have to watch all the ones from this season on dvr! @ReneeMcDermott", "user": "AndiTate", "id": 399410924156882944}, {"text": "Watching vampire diaries.", "user": "TokyoDotCom", "id": 399402818890506240}, {"text": "Thank you @GeekChic21 for giving me +K about The Vampire Diaries! http://t.co/qAuCylyKbW", "user": "pookiekitty62", "id": 399401739654148096}, {"text": "Alanis &amp; I have been watching vampire diaries all day.", "user": "_lyzacontreras", "id": 399396485835415552}, {"text": "RT @_lyzacontreras: Vampire diaries.... please never end.", "user": "Tinaaa_123", "id": 399372763472744448}, {"text": "Vampire diaries.... please never end.", "user": "_lyzacontreras", "id": 399371700963262465}, {"text": "I started watching the vampire diaries this in late October... I am now on season 5 of the vampire diaries.", "user": "taylor_byas", "id": 399338671788158976}, {"text": "The Vampire Diaries \ud83d\udc97\ud83d\udc97 #TVD", "user": "dulce_lluvia", "id": 399324403516715008}, {"text": "Cloudy day nothing to do.., guess ill snuggle with Baylee and catch up on vampire diaries \ud83d\ude01", "user": "StinaJanczak", "id": 399302612664586240}, {"text": "Being on Xbox with @geekyconor when he's watching The Vampire Diaries is truly amazing", "user": "CallumIJRitchie", "id": 399285240943767552}, {"text": "Thanks @alysewhitney and #wetpaint for talking #ATXPitch @julieplec... http://t.co/CNiiGhsuHp", "user": "ATXFestival", "id": 399283565411979264}, {"text": "Vampire diaries always has me bawling", "user": "maarianananana", "id": 399278638178136065}, {"text": "I cannot watch any twilight movies anymore due to the fact it comes nowhere near the beauty of vampire diaries.", "user": "lovedarobot", "id": 399256557587673089}, {"text": "Photo: Ian Somerhalder - The Vampire Diaries S5 promo photo http://t.co/qxX0V2S6oV", "user": "MinaDarling94", "id": 399252545212006401}, {"text": "RT @DianaOcman: The vampire diaries\ud83c\udf38", "user": "AdrianaRmz66", "id": 399209347235860480}, {"text": "The vampire diaries\ud83c\udf38", "user": "DianaOcman", "id": 399208550741729280}, {"text": "My friend is spending the night tomorrow so we can watch a The Vampire Diaries marathon bc we're losers, lol.", "user": "maleehaha_xoxo", "id": 399192482551844864}, {"text": "@HurlaPapa do you have a link for ep.6 of vampire diaries", "user": "ari_jano", "id": 399137118381150208}, {"text": "@justkhay_ do you have a link for ep.6 of vampire diaries?", "user": "ari_jano", "id": 399136825484525568}, {"text": "@lostdreamsHQ do you have a link for ep.6 of vampire diaries?", "user": "ari_jano", "id": 399135080855392256}, {"text": "Maybe I shouldn't watch vampire diaries before bed anymore...", "user": "MuhrisMuhool", "id": 399128249864708097}, {"text": "Watching the vampire diaries with pearl.", "user": "TokyoDotCom", "id": 399052403472752640}, {"text": "The Absolute Best Lines from Last Night's Vampire Diaries http://t.co/nBe1MpS5da", "user": "technospunky", "id": 399041124020400128}, {"text": "Watching vampire diaries c;", "user": "Liz_Morales22", "id": 399037422756851713}, {"text": "I just grabbed my brothers Aggie Ring and asked if that's how he walks in the sun.... THE VAMPIRE DIARIES IS TAKING OVER MY LIFE", "user": "Hanna_Smith17", "id": 399030440348352512}, {"text": "oh my gosh....dat Vampire Diaries episode!!! SO GOOD", "user": "hampsterlove", "id": 399023320600805376}, {"text": "@StylesIsFit THE VAMPIRE DIARIES!!!", "user": "_radicalum", "id": 399009879274184704}, {"text": "@karolbigmeech93 how many seasons of vampire diaries are there?", "user": "charmanderox", "id": 398997407762878464}, {"text": "Gotta catch up on The Vampire Diaries!", "user": "M_0niiiiiiii", "id": 398996960008339456}, {"text": "RT @eemmmilllyy: I need to get my life together STAT. Until then, ill be catching up on Vampire Diaries.", "user": "madidanaewhite", "id": 398996320947421184}, {"text": "RT @allisonmpowell: Vampire Diaries leaves me mind blown every time.", "user": "ErynEarles", "id": 398965232149606400}, {"text": "RT @allisonmpowell: Vampire Diaries leaves me mind blown every time.", "user": "nadeengonna13", "id": 398943333671632896}, {"text": "vampire diaries time \ud83d\ude0a", "user": "ivanawbu", "id": 398940380877451264}, {"text": "RT @allisonmpowell: Vampire Diaries leaves me mind blown every time.", "user": "zrahman046", "id": 398939299321626624}, {"text": "I'm watching The Vampire Diaries (257 others are watching) http://t.co/fY3YZEDxtV #GetGlue @CWTVD", "user": "Rhettoric_1", "id": 398938825835429888}, {"text": "RT @allisonmpowell: Vampire Diaries leaves me mind blown every time.", "user": "kristashae8", "id": 398933834281926656}, {"text": "Vampire Diaries leaves me mind blown every time.", "user": "allisonmpowell", "id": 398933506098597889}, {"text": "Rewatching the Vampire Diaries has consumed my life at this point #bye", "user": "emilynavarro_", "id": 398928648352182272}, {"text": "I was falling asleep watching Vampire Diaries but the second I put on greek I cant sleep..", "user": "brittnycrowds", "id": 398903350835421184}, {"text": "I absolutely love vampire diaries", "user": "lovedarobot", "id": 398896179301216257}, {"text": "Work time, AKA catch up on Vampire Diaries, Grey's Anatomy, The Carrie Diaries &amp; Hart of Dixie. yahhh I need a new job lol", "user": "CocoPattillo", "id": 398855991288025089}, {"text": "I've become addicted to The Vampire Diaries, it's all I ever watch on my free time! @ninadobrev @paulwesley @iansomerhalder @cwtvd", "user": "anhellanthony", "id": 398851362206650368}, {"text": "Babysitting at 7:30 in the morning today. #longday probably gonna try and hit up my hulu to watch vampire diaries and glee", "user": "MegMegBabyMeg", "id": 398827702347501570}, {"text": "Seriously, it's like Cher Horowitz wrote a screenplay contemplating the meaning of life coached in terms for Twilight/Vampire Diaries fans.", "user": "CommanderBlanx", "id": 398743498322493440}, {"text": "Friday = The Big Bang Theory, Grey's Anatomy, Vampire Diaries, Two &amp; A Half Men. #Happiness", "user": "KimalMaharaj", "id": 398718076226899968}, {"text": "Nearly everyone has a damn leather jacket in the vampire diaries", "user": "Mister_Sanchezz", "id": 398689825340940288}, {"text": "I don't watch the vampire diaries until tomorrow so all you Damian lovers hush for the night \ud83d\udc7b\ud83d\udc4a  (it's better without commercials)", "user": "CocoPattillo", "id": 398687072510164993}, {"text": "Can I have your hair Kat??? (Bonnie from vampire diaries) http://t.co/onlbTG6POP", "user": "CocoPattillo", "id": 398685719062777856}, {"text": "How is Vampire Diaries SO good!!!", "user": "FilomenaGarcia9", "id": 398685075300028416}, {"text": "Watching The Vampire Diaries", "user": "roger_aegui01", "id": 398684392643911680}, {"text": "\u201c@mariasirens: whoever watches the vampire diaries and likes Stefan more than Damon bye bye bye goodbye\u201d tbh", "user": "rubanaire", "id": 398684384770793472}, {"text": "OMG WITH THE VAMPIRE DIARIES!", "user": "jennimeetsworld", "id": 398681945082568704}, {"text": "Watching vampire diaries", "user": "_SexYouUp", "id": 398678383145410560}, {"text": "Uh oh they aren't too fond of me. This is what happens when Vampire Diaries is pushed back 3 1/2 hours http://t.co/IbgBoI6u8u", "user": "juliaflores", "id": 398668974310699010}, {"text": "If they cut out the first part of vampire diaries cause Thursday night lights ran long, I'm gonna rage.", "user": "alli_gutierrez", "id": 398667709367341057}, {"text": "RT @CarlyyyJeann: I love vampire diaries #stephan #favshow", "user": "brookeann1694", "id": 398665024970846209}, {"text": "There is just way too much going on in Vampire Diaries. \ud83d\ude15", "user": "teeter88", "id": 398653915526225921}, {"text": "\"@JerickaMatthews: \u201c@HoochieMaster: Can't wait for #VampireDiaries\u201d omgee yes!\" The originals and vampire diaries is my shit", "user": "HoochieMaster", "id": 398652126458417153}, {"text": "Starting to freaking hate Thursday Night Lights. It's getting in the way of my Vampire Diaries time !!!! I want Vamps not HS Football", "user": "MellieRose7711", "id": 398649621699756032}, {"text": "So now Nina has three different characters in Vampire Diaries?", "user": "NiamFantasy", "id": 398648019194609664}, {"text": "RT @domagas_madison: Why cant the men in Vampire Diaries live in Katy \ud83d\ude11\ud83d\ude0d", "user": "sammodaro", "id": 398646604737286144}, {"text": "RT @domagas_madison: Why cant the men in Vampire Diaries live in Katy \ud83d\ude11\ud83d\ude0d", "user": "rebecca_harle3", "id": 398645127423352832}, {"text": "vampire diaries is hands down the best show in the entire world if you haven't seen i deeply feel sorry for you and highly encourage you too", "user": "ayeshapatel3", "id": 398644329981304832}, {"text": "\u201c@domagas_madison: Why cant the men in Vampire Diaries live in Katy \ud83d\ude11\ud83d\ude0d\u201d Idc about the rest I just want Damen", "user": "NicholaAubuchon", "id": 398644318300540928}, {"text": "RT @Malyssak: The way Elena cries in Vampire Diaries is so ugly", "user": "AshleyBlamey", "id": 398643911427502080}, {"text": "The Vampire Diaries tonight was intense.. \ud83d\ude01", "user": "LondonMarie_16", "id": 398642591073173504}, {"text": "RT @domagas_madison: Why cant the men in Vampire Diaries live in Katy \ud83d\ude11\ud83d\ude0d", "user": "MeganAshleyy1", "id": 398642486706331648}, {"text": "@AndiCross VAMPIRE DIARIES. It's GG BUT WITH VAMPIRES.", "user": "jimkurgens", "id": 398640168199921664}, {"text": "Photo: I just unlocked the The Vampire Diaries: Handle with Care sticker on GetGlue 3138 others have also... http://t.co/5NcOhzrIuB", "user": "HeyyRosa", "id": 398638224459186176}, {"text": "Re-watching The Vampire Diaries on Netflix \ud83d\udc95", "user": "verawank", "id": 398636617553809408}, {"text": "So does anyone know if vampire diaries is next after the stupid football game?\ud83d\ude12", "user": "quelmarie4", "id": 398635689912184832}, {"text": "Vampire Diaries stresses me out so much", "user": "ChristinaTobar", "id": 398634532393320448}, {"text": "RT @mahinn_ali: Vampire Diaries never fails to keep me anxiously waiting for the next episode #TVD", "user": "kaitlinnxbaby", "id": 398634215543410688}, {"text": "RT @mahinn_ali: Vampire Diaries never fails to keep me anxiously waiting for the next episode #TVD", "user": "Sarieberry97", "id": 398634053622308864}, {"text": "RT @mahinn_ali: Vampire Diaries never fails to keep me anxiously waiting for the next episode #TVD", "user": "Vous_Etes__Beau", "id": 398633728446304256}, {"text": "RT @mahinn_ali: Vampire Diaries never fails to keep me anxiously waiting for the next episode #TVD", "user": "Aiir_amo", "id": 398632983168823297}, {"text": "RT @mahinn_ali: Vampire Diaries never fails to keep me anxiously waiting for the next episode #TVD", "user": "KanyshaSays", "id": 398632893812985857}, {"text": "Vampire Diaries never fails to keep me anxiously waiting for the next episode #TVD", "user": "mahinn_ali", "id": 398632704125988864}, {"text": "Vampire diaries was intense!!", "user": "allisanbaker", "id": 398632387820535808}, {"text": "Sorry bout the football tweets lady followers. I'll live tweet vampire diaries or something next week to be fair. \ud83d\ude02", "user": "t_kuban", "id": 398631492017852417}, {"text": "So I'm waiting for #Reign to start &amp; I'm watching Vampire Diaries for the 1st time... I don't get why people like it...", "user": "johannap42610", "id": 398629810609467392}, {"text": "vampire diaries just keeps on getting more and more complicated", "user": "ellienaugustine", "id": 398628626557460480}, {"text": "I love vampire diaries #stephan #favshow", "user": "CarlyyyJeann", "id": 398627066393792512}, {"text": "RT @BlondeBelle122: I miss the old Vampire Diaries", "user": "NCclass_", "id": 398625203284353024}, {"text": "RT @BlondeBelle122: I miss the old Vampire Diaries", "user": "Rachel_Neilson", "id": 398623715698544640}, {"text": "RT @BlondeBelle122: I miss the old Vampire Diaries", "user": "JessieMcWhorter", "id": 398622305917890561}, {"text": "I miss the old Vampire Diaries", "user": "BlondeBelle122", "id": 398621930745376770}, {"text": "Ugh! My dad is watching the game and I wanna watch the vampire diaries! !!", "user": "ibnz2004", "id": 398618236171718656}, {"text": "Photo: I just unlocked the The Vampire Diaries: Handle with Care sticker on GetGlue 4540 others have also... http://t.co/4oKzP1Qpgu", "user": "TVNerd95", "id": 398617925193826305}, {"text": "Photo: I\u2019m watching The Vampire Diaries 5143 others are also watching. The Vampire Diaries on http://t.co/Bv3YWNnD3o http://t.co/gGYCxAElJK", "user": "TVNerd95", "id": 398617925034455040}, {"text": "You already know thursday is my fav cuz vampire diaries \u2661", "user": "ayemitchelle", "id": 398616814772420608}, {"text": "The vampire diaries ! \u2764\ufe0f\ud83d\ude0a", "user": "azalealoveee", "id": 398616693708058624}, {"text": "*googles vampire diaries*", "user": "Notorious_Jr", "id": 398616635268792320}, {"text": "Got home just in time for vampire diaries \ud83d\ude01", "user": "Alexandraa1893", "id": 398616345291415552}, {"text": "RT @_giseller: the vampire diaries, finally \ud83d\ude04", "user": "pack_taylor", "id": 398616247270535168}, {"text": "@_Crazybelle_ FABULOUS BECAUSE VAMPIRE DIARIES IN 10 minutes how are you??", "user": "BlondeBelle122", "id": 398613431764275200}, {"text": "The Vampire Diaries in 10 mins :D", "user": "Leesuh5", "id": 398613007090999296}, {"text": "Need my day dose of Vampire Diaries right about now \ud83d\ude0b", "user": "whaddupsam", "id": 398609029829644288}, {"text": "I'm watching The Vampire Diaries (778 others are watching) http://t.co/fY3YZEDxtV #GetGlue @CWTVD", "user": "Rhettoric_1", "id": 398602019730358272}, {"text": "I'm watching The Vampire Diaries (729 others are watching) http://t.co/fY3YZEDxtV #GetGlue @CWTVD", "user": "Rhettoric_1", "id": 398601993553707008}, {"text": "Vampire diaries tonight \ud83d\ude4c", "user": "dopechrisbro", "id": 398592489071730689}, {"text": "Vampire diaries tonight, soo excited!", "user": "ginaflores84", "id": 398590939561615360}, {"text": "The way Elena cries in Vampire Diaries is so ugly", "user": "Malyssak", "id": 398584894848122880}, {"text": "RT @tori_ornelas: OMG GLEE AND VAMPIRE DIARIES ARE ON TONIGHT! PLEASE DON'T BE AT THE SAME TIME \ud83d\ude2d\ud83d\ude2d", "user": "itsanelisia_", "id": 398574883874938880}, {"text": "OMG GLEE AND VAMPIRE DIARIES ARE ON TONIGHT! PLEASE DON'T BE AT THE SAME TIME \ud83d\ude2d\ud83d\ude2d", "user": "tori_ornelas", "id": 398574651242078210}, {"text": "Vampire diaries tonight! \ud83d\ude0d", "user": "kristenmell17", "id": 398570032197693440}, {"text": "@marandamariee lol just like you when you watch vampire diaries", "user": "Sweetheart_Jp", "id": 398569944897449984}, {"text": "Being sick today has allowed me to catch up on The Originals and Vampire Diaries", "user": "morganks607", "id": 398559139007188992}, {"text": "Why did they kill off that hot guy in Vampire Diaries?! Por Que!?!??!!!", "user": "Priscilla512", "id": 398547710090805248}, {"text": "Catching up on Vampire Diaries &amp; The Originals. Oddly, I feel sad again for Amy Winehouse's death. She coulda had sick vamp-propriate songs.", "user": "MiguelATX", "id": 398545890450735104}, {"text": "Off of work! Catching up on Vampire Diaries! #TeamDamon", "user": "Melbell429", "id": 398531954120720384}, {"text": "Just because I'm watching vampire diaries in class doesn't mean you have to judge me #hatersbackoff", "user": "SarahStoltman22", "id": 398518018566680576}, {"text": "OH SHIT THERES A NEW VAMPIRE DIARIES TONIGHT", "user": "andrew_b53", "id": 398516210381238272}, {"text": "Vampire diaries tonight \ud83d\ude4c", "user": "vanessagamez14", "id": 398513908832428032}, {"text": "I think I'm going to start the vampire diaries.", "user": "Mister_Sanchezz", "id": 398504121969278976}, {"text": "\u201c@rojuan666: Tomorrow is Thursday which means only one thing... VAMPIRE DIARIES\u201d \ud83d\ude01\ud83d\ude0d\ud83d\udc4d", "user": "adriana_aliciaa", "id": 398317774302220290}, {"text": "Why have I been depriving myself from vampire diaries all these seasons #sogood #addicted", "user": "_OriginalK_", "id": 398266889958608896}, {"text": "RT @linddsssss: obsessed with the vampire diaries \ud83d\ude0d", "user": "EppinetteAlyssa", "id": 398257931881164800}, {"text": "when Tyler cries after his transformation in vampire diaries &gt; omg that was too cute.", "user": "aurasimone", "id": 398257199530532864}, {"text": "RT @linddsssss: obsessed with the vampire diaries \ud83d\ude0d", "user": "madisynwright", "id": 398252785163964416}, {"text": "obsessed with the vampire diaries \ud83d\ude0d", "user": "linddsssss", "id": 398247883020857345}, {"text": "Seriously though...Vampire Diaries has taken up so much of my time these past two weeks.", "user": "beckman07", "id": 398243224558374912}, {"text": "@imartz94 that's me with Vampire Diaries right now! #obsessedtoomuch", "user": "beckman07", "id": 398242330244689920}, {"text": "How is Teen Wolf trending world wide and Vampire Diaries is not...? THIS IS disturbing. NO offense Teen Wolf", "user": "MacyPhoebeb", "id": 398189169299566592}, {"text": "Forgot how much I love Vampire Diaries, back to wanting to be a vampire", "user": "laneyalexis", "id": 398181555475984384}, {"text": "Hmm @BaneKiller: Always said it. The Originals is sooo good, it makes The Vampire Diaries look so annoying\"", "user": "TheYhindus", "id": 398177275981869056}, {"text": "Welp time to catch up on vampire diaries", "user": "charmanderox", "id": 398163800295096320}, {"text": "Fourth season of The Vampire Diaries, leggoooo!", "user": "mariadelreyes", "id": 398153392138113025}, {"text": "Pleiades Blog: The Vampire Diaries - \"Monster's Ball\" - Review http://t.co/e3FKk307lT #TVD", "user": "JessicaPatzer1", "id": 398122964115128320}, {"text": "How is Teen Wolf trending world wide and Vampire Diaries is not...? THIS IS disturbing. NO offense Teen Wolf", "user": "JasperMaximusx", "id": 398103114567274496}, {"text": "Vampire Diaries is one of the greatest shows! #CouldntOfPickedABetterCast @Vamp_Diaries @iansomerhalder @ninadobrev @paulwesley xx.", "user": "elise_w_", "id": 398038576614486016}, {"text": "RT @HoochieMaster: Im about to catch up on Vampire diaries right now.", "user": "JerickaMatthews", "id": 397979503818862592}, {"text": "Im about to catch up on Vampire diaries right now.", "user": "HoochieMaster", "id": 397976178268454912}, {"text": "RT @molly_sportsman: I can thank Vampire Diaries for the constant fear of seeing a man in a hoodie trying to kill me. Thanks @kari_bakr", "user": "kari_bakr", "id": 397963879864475648}, {"text": "I can thank Vampire Diaries for the constant fear of seeing a man in a hoodie trying to kill me. Thanks @kari_bakr", "user": "molly_sportsman", "id": 397962854042574848}, {"text": "I need to get my life together STAT. Until then, ill be catching up on Vampire Diaries.", "user": "eemmmilllyy", "id": 397961874089971712}, {"text": "RT @jascollege92: man, I'm starting to like #TheOriginals more than Vampire Diaries. O.O #addicted", "user": "Dalia_090", "id": 397955450022285313}, {"text": "Tyler cant leave Caroline. Vampire Diaries is filled with too many plot twists and deaths", "user": "brittnycrowds", "id": 397954066737020928}, {"text": "I've gotten just a tad bit obsessed with The Vampire Diaries 0_o", "user": "beckman07", "id": 397950871713374208}, {"text": "RT @verenice0: Can someone just watch the originals and vampire diaries with me and just cuddle all day long and eat ice cream", "user": "ItsCesi", "id": 397949369283915776}, {"text": "Can someone just watch the originals and vampire diaries with me and just cuddle all day long and eat ice cream", "user": "verenice0", "id": 397949034263896065}, {"text": "this \ud83d\udc4f vampire \ud83d\udc4f diaries\ud83d\udc4f episode \ud83d\udc4f", "user": "cocoburra", "id": 397939717187977217}, {"text": "This episode of vampire diaries where every one finds out that Bonnie died is so sad \ud83d\ude14\ud83d\ude2d\ud83d\ude2a", "user": "MonsterMoMiles_", "id": 397930221305098240}, {"text": "Who needs a boyfriend when you've got season 1,2,3,4 of Vampire Diaries on Netflix\ud83d\udc81\ud83d\ude0d", "user": "LexiMena1", "id": 397929821121949696}, {"text": "@AmesInAtlanta @therommidiaries @originals yes!!! its amazing...yes its on Demand!! have you ever watched the vampire diaries??", "user": "CrystalDDG4EVA", "id": 397914906130776064}, {"text": "man, I'm starting to like #TheOriginals more than Vampire Diaries. O.O #addicted", "user": "jascollege92", "id": 397907974900830208}, {"text": "This episode of vampire diaries is sad........... :-(", "user": "maddyyyyo", "id": 397904947385073664}, {"text": "I've started watching The Vampire Diaries on Netflix since the very beginning, and now I'm hooked.", "user": "anhellanthony", "id": 397903684199137280}, {"text": "Coming Jan 8, 2014 The Vampire Diaries #1 \nElena, Stefan and Damon make their comics debut in a new series based... http://t.co/U6WKuhx84J", "user": "solomonwhite88", "id": 397901152651841536}, {"text": "I can't believe I haven't watched the vampire diaries today. I need too, I'm on the season four &amp; I'll soon be caught up.", "user": "mariadelreyes", "id": 397885885166780416}, {"text": "@stormbreanne girl, me too. Currently on season 4 of Vampire Diaries. #NoLife #BLovesItToo \ud83d\ude02\ud83d\ude0a\ud83d\ude0f", "user": "ChelbiBunn", "id": 397876011754217472}, {"text": "Why can't vampire diaries and the originals come on during the same day\ud83d\ude2a", "user": "svargas09", "id": 397864665381740544}, {"text": "Vampire Diaries\ud83d\ude4c", "user": "torii_renee", "id": 397823898168721410}, {"text": "RT @RyleighMWeaver: @KaieEssence the vampire diaries is my favvv", "user": "KaieEssence", "id": 397812680297160704}, {"text": "@KaieEssence the vampire diaries is my favvv", "user": "RyleighMWeaver", "id": 397812386016415744}, {"text": "Can today be over already cause I just wanna crawl into bed and watch vampire diaries and cry cause I love Stephen Salvatore so much\ud83d\ude2d", "user": "dani09h", "id": 397804176920416257}, {"text": "I will name my son Silas. Not only is Silas super hot on weeds but there is also a Silas in vampire diaries \ud83d\ude0d\ud83d\ude0d\ud83d\ude0d", "user": "MaKenzieCalame", "id": 397801870971785219}, {"text": "Pleiades Blog: The Vampire Diaries - \"For Whom the Bell Tolls\" - ... http://t.co/Rzfxru7Ctn #TVD", "user": "JessicaPatzer1", "id": 397800100128243712}, {"text": "@Jaen2013 arrow and the vampire diaries.", "user": "TannerFeldman6", "id": 397796258934312960}, {"text": "@morgandknowles I'm watching Vampire Diaries \ud83d\udc97", "user": "jammmarie", "id": 397773279332548609}, {"text": "Vampire Diaries takes the cake for this past Thursday.", "user": "msmith225", "id": 397746059377528833}, {"text": "Watching re-runs of The Vampire Diaries. I have an obsession that can't be cured", "user": "SophiaBendo", "id": 397666125317550080}, {"text": "Been watching the vampire diaries so constantly the last few weeks that I'm having vampire nightmares lol", "user": "chelseywilley", "id": 397626887788175360}, {"text": "Welp, time to sleep. At least I got to watch The Walking Dead and Vampire Diaries tonight.", "user": "Rocketfan2503", "id": 397623582869557248}, {"text": "@OneYeti Yes! Finally! Vampire Diaries here I come :)", "user": "aisforamanduh", "id": 397610051948388352}, {"text": "I just wanna watch Vampire Diaries all day !!!! Lol Ahhhh...", "user": "nayeliale_13", "id": 397589092176633856}, {"text": "@so_sheDances yes me tooo\ud83d\ude04 with Nashville and the Vampire Diaries\ud83d\ude0d", "user": "estephanieRomo", "id": 397567082318942209}, {"text": "Literally vampire diaries mind effs me every episode", "user": "laurenbrode", "id": 397556195344392192}, {"text": "Like seriously was Vampire Diaries made by Steven Moffat?", "user": "NichelleLarae", "id": 397540105537470464}, {"text": "Vampire Diaries literally has me ugly crying on the couch", "user": "NichelleLarae", "id": 397532281960935424}, {"text": "Between Vampire Diaries and Doctor Who I'm surprised my depression isn't more serious", "user": "NichelleLarae", "id": 397531605537148928}, {"text": "I finished catching up with vampire diaries, new girl, 90210, and the walking dead. I guess feeling like this has some benefit.", "user": "paypay_sam", "id": 397525836275793920}, {"text": "This episode of the vampire diaries just blew my mind", "user": "Angelicakay14", "id": 397524172617703424}, {"text": "got my mom into watching the vampire diaries \ud83d\ude0f", "user": "aurasimone", "id": 397521307845152769}, {"text": "Downloaded the episodes I haven't watched of once upon a time, how i met your mother, and vampire diaries. perf", "user": "vicktoriuh", "id": 397507946835214336}, {"text": "Glee is so different from The Vampire Diaries", "user": "paola_sanchez62", "id": 397504334474125312}, {"text": "The Vampire Diaries makes me go crazy AHHH #TVD", "user": "M_0niiiiiiii", "id": 397502024004030464}, {"text": "\"@YahooTV: Exclusive #TheVampireDiaries sneak peek: Can Bonnie be brought back to life? http://t.co/948XtC2K9X\" Oh I can't wait!!", "user": "lgonzales290", "id": 397498022013071360}, {"text": "Vampire Diaries season 4! \ud83d\udc4c", "user": "_CMSifuentes", "id": 397490182619799553}, {"text": "I am officially a vampire diaries addict.", "user": "Teej_69", "id": 397488878501629952}, {"text": "Elena is such a pretty name. I just wish I didn't associate it with Vampire Diaries.", "user": "Melbell429", "id": 397480473489731584}, {"text": "Just love me more than you hate him ...okay Vampire diaries make me get all emotional", "user": "Shawnn_J", "id": 397473113602265088}, {"text": "I cry way too much while watching Vampire Diaries", "user": "brittnycrowds", "id": 397471688759443456}, {"text": "Its the perfect day to watch Vampire Diaries. Just kidding that's every day", "user": "brittnycrowds", "id": 397449567865929729}, {"text": "\"Then stay....be the love of my life\" ugh vampire diaries always gets me....", "user": "glamorouscecy", "id": 397446514139594752}, {"text": "Sometimes I jus don't wanna tlk to ppl!I'm not angry or sad or depressed or nun of dat shit I jus wanna watch vampire diaries \ud83d\ude10", "user": "Shaniks_Niks", "id": 397420511472259072}, {"text": "RT @itsrileytrick: Successfully watched 10 episodes of Vampire Diaries today with @Your_OnlyHope #nolife #TeamDamon", "user": "Your_OnlyHope", "id": 397411703102521344}, {"text": "Successfully watched 10 episodes of Vampire Diaries today with @Your_OnlyHope #nolife #TeamDamon", "user": "itsrileytrick", "id": 397263427099308033}, {"text": "Omg vampire diaries is messing with my emotions \ud83d\ude2d\ud83d\ude2a\ud83d\ude25\ud83d\ude05\ud83d\ude13\ud83d\ude22", "user": "dani09h", "id": 397259609812905984}, {"text": "I have 3 more episodes until season 4 of The Vampire Diaries. Sorry I was ever a hater. Real sorry. #Lolz", "user": "ChelbiBunn", "id": 397237207947165696}, {"text": "@lauraamolinaa gossip girl was my one true love &amp; then I started to watch the vampire diaries. It's seriously amazing \u2764\ufe0f", "user": "StephyyyMarie_4", "id": 397230738874978306}, {"text": "SOMEONE GIMME A LINK TO THE LAST VAMPIRE DIARIES EPISODE", "user": "Rocketfan2503", "id": 397227749397368832}, {"text": "Vampire diaries is messing with my emotions but ugh I love it so much\ud83d\ude2d\ud83d\ude2d\ud83d\ude2d", "user": "dani09h", "id": 397212240387911680}, {"text": "See this is why you don't want 7hrs of The Vampire Diaries", "user": "paola_sanchez62", "id": 397199935755386881}, {"text": "ed sheeran's give me love and paranormal teen love triangles and sparkly ball gowns wow my heart can't handle the vampire diaries", "user": "christiannehall", "id": 397197097272745984}, {"text": "@dinahjane97 PLZ\nFOLLOW\n@Ayan_Adan \nSHE\nLOVES\nTHE\nVAMPIRE\nDIARIES\nSTELANA\nAND\nYOU\nSO PLZMAKE HER HAPPY AND FOLLOW\n #DINAHJANEfollowspree\n118", "user": "jaurmiggy", "id": 397194988008013824}, {"text": "@dinahjane97 PLZ\nFOLLOW\n@Ayan_Adan \nSHE\nLOVES\nTHE\nVAMPIRE\nDIARIES\nSTELANA\nAND\nYOU\nSO PLZMAKE HER HAPPY AND FOLLOW\n #DINAHJANEfollowspree\n117", "user": "jaurmiggy", "id": 397194965899825152}, {"text": "@dinahjane97 PLZ\nFOLLOW\n@Ayan_Adan \nSHE\nLOVES\nTHE\nVAMPIRE\nDIARIES\nSTELANA\nAND\nYOU\nSO PLZMAKE HER HAPPY AND FOLLOW\n #DINAHJANEfollowspree\n116", "user": "jaurmiggy", "id": 397194947516178433}, {"text": "@dinahjane97 PLZ\nFOLLOW\n@Ayan_Adan \nSHE\nLOVES\nTHE\nVAMPIRE\nDIARIES\nSTELANA\nAND\nYOU\nSO PLZMAKE HER HAPPY AND FOLLOW\n #DINAHJANEfollowspree\n115", "user": "jaurmiggy", "id": 397194924036489216}, {"text": "@dinahjane97 PLZ\nFOLLOW\n@Ayan_Adan \nSHE\nLOVES\nTHE\nVAMPIRE\nDIARIES\nSTELANA\nAND\nYOU\nSO PLZMAKE HER HAPPY AND FOLLOW\n #DINAHJANEfollowspree\n114", "user": "jaurmiggy", "id": 397194901395636224}, {"text": "@dinahjane97 PLZ\nFOLLOW\n@Ayan_Adan \nSHE\nLOVES\nTHE\nVAMPIRE\nDIARIES\nSTELANA\nAND\nYOU\nSO PLZMAKE HER HAPPY AND FOLLOW\n #DINAHJANEfollowspree\n113", "user": "jaurmiggy", "id": 397194882236051456}, {"text": "@dinahjane97 PLZ\nFOLLOW\n@Ayan_Adan \nSHE\nLOVES\nTHE\nVAMPIRE\nDIARIES\nSTELANA\nAND\nYOU\nSO PLZMAKE HER HAPPY AND FOLLOW\n #DINAHJANEfollowspree\n112", "user": "jaurmiggy", "id": 397194862145310720}, {"text": "@dinahjane97 PLZ\nFOLLOW\n@Ayan_Adan \nSHE\nLOVES\nTHE\nVAMPIRE\nDIARIES\nSTELANA\nAND\nYOU\nSO PLZMAKE HER HAPPY AND FOLLOW\n #DINAHJANEfollowspree\n111", "user": "jaurmiggy", "id": 397194842285309953}, {"text": "@dinahjane97 PLZ\nFOLLOW\n@Ayan_Adan \nSHE\nLOVES\nTHE\nVAMPIRE\nDIARIES\nSTELANA\nAND\nYOU\nSO PLZMAKE HER HAPPY AND FOLLOW\n #DINAHJANEfollowspree\n110", "user": "jaurmiggy", "id": 397194813248122880}, {"text": "@dinahjane97 PLZ\nFOLLOW\n@Ayan_Adan \nSHE\nLOVES\nTHE\nVAMPIRE\nDIARIES\nSTELANA\nAND\nYOU\nSO PLZMAKE HER HAPPY AND FOLLOW\n #DINAHJANEfollowspree\n109", "user": "jaurmiggy", "id": 397194790129111040}, {"text": "@dinahjane97 PLZ\nFOLLOW\n@Ayan_Adan \nSHE\nLOVES\nTHE\nVAMPIRE\nDIARIES\nSTELANA\nAND\nYOU\nSO PLZMAKE HER HAPPY AND FOLLOW\n #DINAHJANEfollowspree\n108", "user": "jaurmiggy", "id": 397194764636127232}, {"text": "@dinahjane97 PLZ\nFOLLOW\n@Ayan_Adan \nSHE\nLOVES\nTHE\nVAMPIRE\nDIARIES\nSTELANA\nAND\nYOU\nSO PLZMAKE HER HAPPY AND FOLLOW\n #DINAHJANEfollowspree\n107", "user": "jaurmiggy", "id": 397194745342361600}, {"text": "@dinahjane97 PLZ\nFOLLOW\n@Ayan_Adan \nSHE\nLOVES\nTHE\nVAMPIRE\nDIARIES\nSTELANA\nAND\nYOU\nSO PLZMAKE HER HAPPY AND FOLLOW\n #DINAHJANEfollowspree\n106", "user": "jaurmiggy", "id": 397194721946513408}, {"text": "@dinahjane97 PLZ\nFOLLOW\n@Ayan_Adan \nSHE\nLOVES\nTHE\nVAMPIRE\nDIARIES\nSTELANA\nAND\nYOU\nSO PLZMAKE HER HAPPY AND FOLLOW\n #DINAHJANEfollowspree\n105", "user": "jaurmiggy", "id": 397194697334345728}, {"text": "@dinahjane97 PLZ\nFOLLOW\n@Ayan_Adan \nSHE\nLOVES\nTHE\nVAMPIRE\nDIARIES\nSTELANA\nAND\nYOU\nSO PLZMAKE HER HAPPY AND FOLLOW\n #DINAHJANEfollowspree\n04", "user": "jaurmiggy", "id": 397194675989532672}, {"text": "@dinahjane97 PLZ\nFOLLOW\n@Ayan_Adan \nSHE\nLOVES\nTHE\nVAMPIRE\nDIARIES\nSTELANA\nAND\nYOU\nSO PLZMAKE HER HAPPY AND FOLLOW\n #DINAHJANEfollowspree\n103", "user": "jaurmiggy", "id": 397194647002710016}, {"text": "@dinahjane97 PLZ\nFOLLOW\n@Ayan_Adan \nSHE\nLOVES\nTHE\nVAMPIRE\nDIARIES\nSTELANA\nAND\nYOU\nSO PLZMAKE HER HAPPY AND FOLLOW\n #DINAHJANEfollowspree\n101", "user": "jaurmiggy", "id": 397194376474263552}, {"text": "10 @dinahjane97 PLZ\nFOLLOW\n@Ayan_Adan \nSHE\nLOVES\nTHE\nVAMPIRE\nDIARIES\nSTELANA\nAND\nYOU\nSO PLZMAKE HER HAPPY AND FOLLOW\n #DINAHJANEfollowspree", "user": "jaurmiggy", "id": 397194357465698304}, {"text": "@dinahjane97 PLZ\nFOLLOW\n@Ayan_Adan \nSHE\nLOVES\nTHE\nVAMPIRE\nDIARIES\nSTELANA\nAND\nYOU\nSO PLZMAKE HER HAPPY AND FOLLOW\n #DINAHJANEfollowspree\n102", "user": "jaurmiggy", "id": 397194334019534848}, {"text": "@dinahjane97 PLZ\nFOLLOW\n@Ayan_Adan \nSHE\nLOVES\nTHE\nVAMPIRE\nDIARIES\nSTELANA\nAND\nYOU\nSO PLZMAKE HER HAPPY AND FOLLOW\n #DINAHJANEfollowspree\n111", "user": "jaurmiggy", "id": 397194312712474625}, {"text": "@dinahjane97 PLZ\nFOLLOW\n@Ayan_Adan \nSHE\nLOVES\nTHE\nVAMPIRE\nDIARIES\nSTELANA\nAND\nYOU\nSO PLZMAKE HER HAPPY AND FOLLOW\n #DINAHJANEfollowspree\n100", "user": "jaurmiggy", "id": 397194295847157762}, {"text": "@dinahjane97 PLZ\nFOLLOW\n@Ayan_Adan \nSHE\nLOVES\nTHE\nVAMPIRE\nDIARIES\nSTELANA\nAND\nYOU\nSO PLZZMAKE HER HAPPY AND FOLLOW\n #DINAHJANEfollowspree\n99", "user": "jaurmiggy", "id": 397194169292423168}, {"text": "@dinahjane97 PLZ\nFOLLOW\n@Ayan_Adan \nSHE\nLOVES\nTHE\nVAMPIRE\nDIARIES\nSTELANA\nAND\nYOU\nSO PLZZMAKE HER HAPPY AND FOLLOW\n #DINAHJANEfollowspree\n98", "user": "jaurmiggy", "id": 397194151017861121}, {"text": "@dinahjane97 PLZ\nFOLLOW\n@Ayan_Adan \nSHE\nLOVES\nTHE\nVAMPIRE\nDIARIES\nSTELANA\nAND\nYOU\nSO PLZZMAKE HER HAPPY AND FOLLOW\n #DINAHJANEfollowspree\n97", "user": "jaurmiggy", "id": 397194127039016960}, {"text": "@dinahjane97 PLZ\nFOLLOW\n@Ayan_Adan \nSHE\nLOVES\nTHE\nVAMPIRE\nDIARIES\nSTELANA\nAND\nYOU\nSO PLZZMAKE HER HAPPY AND FOLLOW\n #DINAHJANEfollowspree\n96", "user": "jaurmiggy", "id": 397194106361094144}, {"text": "@dinahjane97 PLZ\nFOLLOW\n@Ayan_Adan \nSHE\nLOVES\nTHE\nVAMPIRE\nDIARIES\nSTELANA\nAND\nYOU\nSO PLZZMAKE HER HAPPY AND FOLLOW\n #DINAHJANEfollowspree\n95", "user": "jaurmiggy", "id": 397194082529050625}, {"text": "@dinahjane97 PLZ\nFOLLOW\n@Ayan_Adan \nSHE\nLOVES\nTHE\nVAMPIRE\nDIARIES\nSTELANA\nAND\nYOU\nSO PLZZMAKE HER HAPPY AND FOLLOW\n #DINAHJANEfollowspree\n94", "user": "jaurmiggy", "id": 397194057145126912}, {"text": "@dinahjane97 PLZ\nFOLLOW\n@Ayan_Adan \nSHE\nLOVES\nTHE\nVAMPIRE\nDIARIES\nSTELANA\nAND\nYOU\nSO PLZZMAKE HER HAPPY AND FOLLOW\n #DINAHJANEfollowspree\n93", "user": "jaurmiggy", "id": 397194033858347008}, {"text": "@dinahjane97 PLZ\nFOLLOW\n@Ayan_Adan \nSHE\nLOVES\nTHE\nVAMPIRE\nDIARIES\nSTELANA\nAND\nYOU\nSO PLZZMAKE HER HAPPY AND FOLLOW\n #DINAHJANEfollowspree\n92", "user": "jaurmiggy", "id": 397194012404506624}, {"text": "@dinahjane97 PLZ\nFOLLOW\n@Ayan_Adan \nSHE\nLOVES\nTHE\nVAMPIRE\nDIARIES\nSTELANA\nAND\nYOU\nSO PLZZMAKE HER HAPPY AND FOLLOW\n #DINAHJANEfollowspree\n91", "user": "jaurmiggy", "id": 397193993907613696}, {"text": "@dinahjane97 PLZ\nFOLLOW\n@Ayan_Adan \nSHE\nLOVES\nTHE\nVAMPIRE\nDIARIES\nSTELANA\nAND\nYOU\nSO PLZZMAKE HER HAPPY AND FOLLOW\n #DINAHJANEfollowspree\n90", "user": "jaurmiggy", "id": 397193967730958336}, {"text": "@dinahjane97 PLZ\nFOLLOW\n@Ayan_Adan \nSHE\nLOVES\nTHE\nVAMPIRE\nDIARIES\nSTELANA\nAND\nYOU\nSO PLZZMAKE HER HAPPY AND FOLLOW\n #DINAHJANEfollowspree\n89", "user": "jaurmiggy", "id": 397193900500475904}, {"text": "@dinahjane97 PLZ\nFOLLOW\n@Ayan_Adan \nSHE\nLOVES\nTHE\nVAMPIRE\nDIARIES\nSTELANA\nAND\nYOU\nSO PLZZMAKE HER HAPPY AND FOLLOW\n #DINAHJANEfollowspree\n88", "user": "jaurmiggy", "id": 397193883719065600}, {"text": "@dinahjane97 PLZ\nFOLLOW\n@Ayan_Adan \nSHE\nLOVES\nTHE\nVAMPIRE\nDIARIES\nSTELANA\nAND\nYOU\nSO PLZZMAKE HER HAPPY AND FOLLOW\n #DINAHJANEfollowspree\n86", "user": "jaurmiggy", "id": 397193860801363968}, {"text": "@dinahjane97 PLZ\nFOLLOW\n@Ayan_Adan \nSHE\nLOVES\nTHE\nVAMPIRE\nDIARIES\nSTELANA\nAND\nYOU\nSO PLZZMAKE HER HAPPY AND FOLLOW\n #DINAHJANEfollowspree\n84", "user": "jaurmiggy", "id": 397193840710672384}, {"text": "@dinahjane97 PLZ\nFOLLOW\n@Ayan_Adan \nSHE\nLOVES\nTHE\nVAMPIRE\nDIARIES\nSTELANA\nAND\nYOU\nSO PLZZMAKE HER HAPPY AND FOLLOW\n #DINAHJANEfollowspree\n85", "user": "jaurmiggy", "id": 397193810377461760}, {"text": "@dinahjane97 PLZ\nFOLLOW\n@Ayan_Adan \nSHE\nLOVES\nTHE\nVAMPIRE\nDIARIES\nSTELANA\nAND\nYOU\nSO PLZZMAKE HER HAPPY AND FOLLOW\n #DINAHJANEfollowspree\n83", "user": "jaurmiggy", "id": 397193772083462144}, {"text": "@dinahjane97 PLZ\nFOLLOW\n@Ayan_Adan \nSHE\nLOVES\nTHE\nVAMPIRE\nDIARIES\nSTELANA\nAND\nYOU\nSO PLZZMAKE HER HAPPY AND FOLLOW\n #DINAHJANEfollowspree\n82", "user": "jaurmiggy", "id": 397193752819023872}, {"text": "@dinahjane97 PLZ\nFOLLOW\n@Ayan_Adan \nSHE\nLOVES\nTHE\nVAMPIRE\nDIARIES\nSTELANA\nAND\nYOU\nSO PLZZMAKE HER HAPPY AND FOLLOW\n #DINAHJANEfollowspree\n81", "user": "jaurmiggy", "id": 397193733428764672}, {"text": "@dinahjane97 PLZ\nFOLLOW\n@Ayan_Adan \nSHE\nLOVES\nTHE\nVAMPIRE\nDIARIES\nSTELANA\nAND\nYOU\nSO PLZZMAKE HER HAPPY AND FOLLOW\n #DINAHJANEfollowspree\n80", "user": "jaurmiggy", "id": 397193708078387200}, {"text": "@dinahjane97 PLZ\nFOLLOW\n@Ayan_Adan \nSHE\nLOVES\nTHE\nVAMPIRE\nDIARIES\nSTELANA\nAND\nYOU\nSO PLZZMAKE HER HAPPY AND FOLLOW\n #DINAHJANEfollowspree\n79", "user": "jaurmiggy", "id": 397193692177760256}, {"text": "@dinahjane97 PLZ\nFOLLOW\n@Ayan_Adan \nSHE\nLOVES\nTHE\nVAMPIRE\nDIARIES\nSTELANA\nAND\nYOU\nSO PLZZMAKE HER HAPPY AND FOLLOW\n #DINAHJANEfollowspree\n78", "user": "jaurmiggy", "id": 397193669390131200}, {"text": "@dinahjane97 PLZ\nFOLLOW\n@Ayan_Adan \nSHE\nLOVES\nTHE\nVAMPIRE\nDIARIES\nSTELANA\nAND\nYOU\nSO PLZZMAKE HER HAPPY AND FOLLOW\n #DINAHJANEfollowspree\n77", "user": "jaurmiggy", "id": 397193649190350848}, {"text": "@dinahjane97 PLZ\nFOLLOW\n@Ayan_Adan \nSHE\nLOVES\nTHE\nVAMPIRE\nDIARIES\nSTELANA\nAND\nYOU\nSO PLZZMAKE HER HAPPY AND FOLLOW\n #DINAHJANEfollowspree\n76", "user": "jaurmiggy", "id": 397193620673273856}, {"text": "@dinahjane97 PLZ\nFOLLOW\n@Ayan_Adan \nSHE\nLOVES\nTHE\nVAMPIRE\nDIARIES\nSTELANA\nAND\nYOU\nSO PLZZMAKE HER HAPPY AND FOLLOW\n #DINAHJANEfollowspree\n75", "user": "jaurmiggy", "id": 397193603371769856}, {"text": "@dinahjane97 PLZ\nFOLLOW\n@Ayan_Adan \nSHE\nLOVES\nTHE\nVAMPIRE\nDIARIES\nSTELANA\nAND\nYOU\nSO PLZZMAKE HER HAPPY AND FOLLOW\n #DINAHJANEfollowspree\n74", "user": "jaurmiggy", "id": 397193586028326912}, {"text": "@dinahjane97 PLZ\nFOLLOW\n@Ayan_Adan \nSHE\nLOVES\nTHE\nVAMPIRE\nDIARIES\nSTELANA\nAND\nYOU\nSO PLZZMAKE HER HAPPY AND FOLLOW\n #DINAHJANEfollowspree\n73", "user": "jaurmiggy", "id": 397193567510482945}, {"text": "@dinahjane97 PLZ\nFOLLOW\n@Ayan_Adan \nSHE\nLOVES\nTHE\nVAMPIRE\nDIARIES\nSTELANA\nAND\nYOU\nSO PLZZMAKE HER HAPPY AND FOLLOW\n #DINAHJANEfollowspree\n72", "user": "jaurmiggy", "id": 397193550078943232}, {"text": "@dinahjane97 PLZ\nFOLLOW\n@Ayan_Adan \nSHE\nLOVES\nTHE\nVAMPIRE\nDIARIES\nSTELANA\nAND\nYOU\nSO PLZZMAKE HER HAPPY AND FOLLOW\n #DINAHJANEfollowspree\n71", "user": "jaurmiggy", "id": 397193528360853504}, {"text": "@dinahjane97 PLZ\nFOLLOW\n@Ayan_Adan \nSHE\nLOVES\nTHE\nVAMPIRE\nDIARIES\nSTELANA\nAND\nYOU\nSO PLZZMAKE HER HAPPY AND FOLLOW\n #DINAHJANEfollowspree\n70", "user": "jaurmiggy", "id": 397193507175419905}, {"text": "@dinahjane97 PLZ\nFOLLOW\n@Ayan_Adan \nSHE\nLOVES\nTHE\nVAMPIRE\nDIARIES\nSTELANA\nAND\nYOU\nSO PLZZMAKE HER HAPPY AND FOLLOW\n #DINAHJANEfollowspree\n69", "user": "jaurmiggy", "id": 397193493241946112}, {"text": "@dinahjane97 PLZ\nFOLLOW\n@Ayan_Adan \nSHE\nLOVES\nTHE\nVAMPIRE\nDIARIES\nSTELANA\nAND\nYOU\nSO PLZZMAKE HER HAPPY AND FOLLOW\n #DINAHJANEfollowspree\n68", "user": "jaurmiggy", "id": 397193468784951296}, {"text": "@dinahjane97 PLZ\nFOLLOW\n@Ayan_Adan \nSHE\nLOVES\nTHE\nVAMPIRE\nDIARIES\nSTELANA\nAND\nYOU\nSO PLZZMAKE HER HAPPY AND FOLLOW\n #DINAHJANEfollowspree\n67", "user": "jaurmiggy", "id": 397193437579317248}, {"text": "@dinahjane97 PLZ\nFOLLOW\n@Ayan_Adan \nSHE\nLOVES\nTHE\nVAMPIRE\nDIARIES\nSTELANA\nAND\nYOU\nSO PLZZMAKE HER HAPPY AND FOLLOW\n #DINAHJANEfollowspree\n66", "user": "jaurmiggy", "id": 397193419740946432}, {"text": "@dinahjane97 PLZ\nFOLLOW\n@Ayan_Adan \nSHE\nLOVES\nTHE\nVAMPIRE\nDIARIES\nSTELANA\nAND\nYOU\nSO PLZZMAKE HER HAPPY AND FOLLOW\n #DINAHJANEfollowspree\n65", "user": "jaurmiggy", "id": 397193402271682560}, {"text": "@dinahjane97 PLZ\nFOLLOW\n@Ayan_Adan \nSHE\nLOVES\nTHE\nVAMPIRE\nDIARIES\nSTELANA\nAND\nYOU\nSO PLZZMAKE HER HAPPY AND FOLLOW\n #DINAHJANEfollowspree\n64", "user": "jaurmiggy", "id": 397193384722694144}, {"text": "@dinahjane97 PLZ\nFOLLOW\n@Ayan_Adan \nSHE\nLOVES\nTHE\nVAMPIRE\nDIARIES\nSTELANA\nAND\nYOU\nSO PLZZMAKE HER HAPPY AND FOLLOW\n #DINAHJANEfollowspree\n63", "user": "jaurmiggy", "id": 397193360861302784}, {"text": "@dinahjane97 PLZ\nFOLLOW\n@Ayan_Adan \nSHE\nLOVES\nTHE\nVAMPIRE\nDIARIES\nSTELANA\nAND\nYOU\nSO PLZZMAKE HER HAPPY AND FOLLOW\n #DINAHJANEfollowspree\n62", "user": "jaurmiggy", "id": 397193339327770624}, {"text": "@dinahjane97 PLZ\nFOLLOW\n@Ayan_Adan \nSHE\nLOVES\nTHE\nVAMPIRE\nDIARIES\nSTELANA\nAND\nYOU\nSO PLZZMAKE HER HAPPY AND FOLLOW\n #DINAHJANEfollowspree\n61", "user": "jaurmiggy", "id": 397193319698411520}, {"text": "@dinahjane97 PLZ\nFOLLOW\n@Ayan_Adan \nSHE\nLOVES\nTHE\nVAMPIRE\nDIARIES\nSTELANA\nAND\nYOU\nSO PLZZMAKE HER HAPPY AND FOLLOW\n #DINAHJANEfollowspree\n60", "user": "jaurmiggy", "id": 397193303420338177}, {"text": "@dinahjane97 PLZ\nFOLLOW\n@Ayan_Adan \nSHE\nLOVES\nTHE\nVAMPIRE\nDIARIES\nSTELANA\nAND\nYOU\nSO PLZZMAKE HER HAPPY AND FOLLOW\n #DINAHJANEfollowspree\n59", "user": "jaurmiggy", "id": 397193266942443520}, {"text": "@dinahjane97 PLZ\nFOLLOW\n@Ayan_Adan \nSHE\nLOVES\nTHE\nVAMPIRE\nDIARIES\nSTELANA\nAND\nYOU\nSO PLZZMAKE HER HAPPY AND FOLLOW\n #DINAHJANEfollowspree\n58", "user": "jaurmiggy", "id": 397193242128953344}, {"text": "@dinahjane97 PLZ\nFOLLOW\n@Ayan_Adan \nSHE\nLOVES\nTHE\nVAMPIRE\nDIARIES\nSTELANA\nAND\nYOU\nSO PLZZMAKE HER HAPPY AND FOLLOW\n #DINAHJANEfollowspree\n57", "user": "jaurmiggy", "id": 397193223460093952}, {"text": "@dinahjane97 PLZ\nFOLLOW\n@Ayan_Adan \nSHE\nLOVES\nTHE\nVAMPIRE\nDIARIES\nSTELANA\nAND\nYOU\nSO PLZZMAKE HER HAPPY AND FOLLOW\n #DINAHJANEfollowspree\n56", "user": "jaurmiggy", "id": 397193205508493312}, {"text": "@dinahjane97 PLZ\nFOLLOW\n@Ayan_Adan \nSHE\nLOVES\nTHE\nVAMPIRE\nDIARIES\nSTELANA\nAND\nYOU\nSO PLZZMAKE HER HAPPY AND FOLLOW\n #DINAHJANEfollowspree\n55", "user": "jaurmiggy", "id": 397193187804340225}, {"text": "@dinahjane97 PLZ\nFOLLOW\n@Ayan_Adan \nSHE\nLOVES\nTHE\nVAMPIRE\nDIARIES\nSTELANA\nAND\nYOU\nSO PLZZMAKE HER HAPPY AND FOLLOW\n #DINAHJANEfollowspree\n54", "user": "jaurmiggy", "id": 397193168804143104}, {"text": "@dinahjane97 PLZ\nFOLLOW\n@Ayan_Adan \nSHE\nLOVES\nTHE\nVAMPIRE\nDIARIES\nSTELANA\nAND\nYOU\nSO PLZZMAKE HER HAPPY AND FOLLOW\n #DINAHJANEfollowspree\n53", "user": "jaurmiggy", "id": 397193150487613440}, {"text": "@dinahjane97 PLZ\nFOLLOW\n@Ayan_Adan \nSHE\nLOVES\nTHE\nVAMPIRE\nDIARIES\nSTELANA\nAND\nYOU\nSO PLZZMAKE HER HAPPY AND FOLLOW\n #DINAHJANEfollowspree\n52", "user": "jaurmiggy", "id": 397193128396206081}, {"text": "@dinahjane97 PLZ\nFOLLOW\n@Ayan_Adan \nSHE\nLOVES\nTHE\nVAMPIRE\nDIARIES\nSTELANA\nAND\nYOU\nSO PLZZMAKE HER HAPPY AND FOLLOW\n #DINAHJANEfollowspree\n51", "user": "jaurmiggy", "id": 397193113078616064}, {"text": "@dinahjane97 PLZ\nFOLLOW\n@Ayan_Adan \nSHE\nLOVES\nTHE\nVAMPIRE\nDIARIES\nSTELANA\nAND\nYOU\nSO PLZZMAKE HER HAPPY AND FOLLOW\n #DINAHJANEfollowspree\n50", "user": "jaurmiggy", "id": 397193087942152192}, {"text": "@dinahjane97 PLZ\nFOLLOW\n@Ayan_Adan \nSHE\nLOVES\nTHE\nVAMPIRE\nDIARIES\nSTELANA\nAND\nYOU\nSO PLZZMAKE HER HAPPY AND FOLLOW\n #DINAHJANEfollowspree\n47", "user": "jaurmiggy", "id": 397193050348605440}, {"text": "@dinahjane97 PLZ\nFOLLOW\n@Ayan_Adan \nSHE\nLOVES\nTHE\nVAMPIRE\nDIARIES\nSTELANA\nAND\nYOU\nSO PLZZMAKE HER HAPPY AND FOLLOW\n #DINAHJANEfollowspree\n48", "user": "jaurmiggy", "id": 397193028768907264}, {"text": "@dinahjane97 PLZ\nFOLLOW\n@Ayan_Adan \nSHE\nLOVES\nTHE\nVAMPIRE\nDIARIES\nSTELANA\nAND\nYOU\nSO PLZZMAKE HER HAPPY AND FOLLOW\n #DINAHJANEfollowspree\n46", "user": "jaurmiggy", "id": 397193010028752897}, {"text": "@dinahjane97 PLZ\nFOLLOW\n@Ayan_Adan \nSHE\nLOVES\nTHE\nVAMPIRE\nDIARIES\nSTELANA\nAND\nYOU\nSO PLZZMAKE HER HAPPY AND FOLLOW\n #DINAHJANEfollowspree\n45", "user": "jaurmiggy", "id": 397192955674771457}, {"text": "@dinahjane97 PLZ\nFOLLOW\n@Ayan_Adan \nSHE\nLOVES\nTHE\nVAMPIRE\nDIARIES\nSTELANA\nAND\nYOU\nSO PLZZMAKE HER HAPPY AND FOLLOW\n #DINAHJANEfollowspree\n44", "user": "jaurmiggy", "id": 397192935756029952}, {"text": "@dinahjane97 PLZ\nFOLLOW\n@Ayan_Adan \nSHE\nLOVES\nTHE\nVAMPIRE\nDIARIES\nSTELANA\nAND\nYOU\nSO PLZZMAKE HER HAPPY AND FOLLOW\n #DINAHJANEfollowspree\n43", "user": "jaurmiggy", "id": 397192922736893952}, {"text": "@dinahjane97 PLZ\nFOLLOW\n@Ayan_Adan \nSHE\nLOVES\nTHE\nVAMPIRE\nDIARIES\nSTELANA\nAND\nYOU\nSO PLZZMAKE HER HAPPY AND FOLLOW\n #DINAHJANEfollowspree\n42", "user": "jaurmiggy", "id": 397192878541512704}, {"text": "@dinahjane97 PLZ\nFOLLOW\n@Ayan_Adan \nSHE\nLOVES\nTHE\nVAMPIRE\nDIARIES\nSTELANA\nAND\nYOU\nSO PLZZMAKE HER HAPPY AND FOLLOW\n #DINAHJANEfollowspree\n41", "user": "jaurmiggy", "id": 397192854164221952}, {"text": "@dinahjane97 PLZ\nFOLLOW\n@Ayan_Adan \nSHE\nLOVES\nTHE\nVAMPIRE\nDIARIES\nSTELANA\nAND\nYOU\nSO PLZZMAKE HER HAPPY AND FOLLOW\n #DINAHJANEfollowspree\n49", "user": "jaurmiggy", "id": 397192831393366016}, {"text": "@dinahjane97 PLZ\nFOLLOW\n@Ayan_Adan \nSHE\nLOVES\nTHE\nVAMPIRE\nDIARIES\nSTELANA\nAND\nYOU\nSO PLZZMAKE HER HAPPY AND FOLLOW\n #DINAHJANEfollowspree\n39", "user": "jaurmiggy", "id": 397192812992937984}, {"text": "@dinahjane97 PLZ\nFOLLOW\n@Ayan_Adan \nSHE\nLOVES\nTHE\nVAMPIRE\nDIARIES\nSTELANA\nAND\nYOU\nSO PLZZMAKE HER HAPPY AND FOLLOW\n #DINAHJANEfollowspree\n38", "user": "jaurmiggy", "id": 397192795687231488}, {"text": "@dinahjane97 PLZ\nFOLLOW\n@Ayan_Adan \nSHE\nLOVES\nTHE\nVAMPIRE\nDIARIES\nSTELANA\nAND\nYOU\nSO PLZZMAKE HER HAPPY AND FOLLOW\n #DINAHJANEfollowspree\n37", "user": "jaurmiggy", "id": 397192769816768512}, {"text": "@dinahjane97 PLZ\nFOLLOW\n@Ayan_Adan \nSHE\nLOVES\nTHE\nVAMPIRE\nDIARIES\nSTELANA\nAND\nYOU\nSO PLZZMAKE HER HAPPY AND FOLLOW\n #DINAHJANEfollowspree\n36", "user": "jaurmiggy", "id": 397192751563161600}, {"text": "@dinahjane97 PLZ\nFOLLOW\n@Ayan_Adan \nSHE\nLOVES\nTHE\nVAMPIRE\nDIARIES\nSTELANA\nAND\nYOU\nSO PLZZMAKE HER HAPPY AND FOLLOW\n #DINAHJANEfollowspree\n35", "user": "jaurmiggy", "id": 397192733003354113}, {"text": "@dinahjane97 PLZ\nFOLLOW\n@Ayan_Adan \nSHE\nLOVES\nTHE\nVAMPIRE\nDIARIES\nSTELANA\nAND\nYOU\nSO PLZZMAKE HER HAPPY AND FOLLOW\n #DINAHJANEfollowspree\n34", "user": "jaurmiggy", "id": 397192714145763328}, {"text": "@dinahjane97 PLZ\nFOLLOW\n@Ayan_Adan \nSHE\nLOVES\nTHE\nVAMPIRE\nDIARIES\nSTELANA\nAND\nYOU\nSO PLZZMAKE HER HAPPY AND FOLLOW\n #DINAHJANEfollowspree\n33", "user": "jaurmiggy", "id": 397192675130343424}, {"text": "@dinahjane97 PLZ\nFOLLOW\n@Ayan_Adan \nSHE\nLOVES\nTHE\nVAMPIRE\nDIARIES\nSTELANA\nAND\nYOU\nSO PLZZMAKE HER HAPPY AND FOLLOW\n #DINAHJANEfollowspree\n32", "user": "jaurmiggy", "id": 397192657992425472}, {"text": "@dinahjane97 PLZ\nFOLLOW\n@Ayan_Adan \nSHE\nLOVES\nTHE\nVAMPIRE\nDIARIES\nSTELANA\nAND\nYOU\nSO PLZZMAKE HER HAPPY AND FOLLOW\n #DINAHJANEfollowspree\n31", "user": "jaurmiggy", "id": 397192639248093184}, {"text": "@dinahjane97 PLZ\nFOLLOW\n@Ayan_Adan \nSHE\nLOVES\nTHE\nVAMPIRE\nDIARIES\nSTELANA\nAND\nYOU\nSO PLZZMAKE HER HAPPY AND FOLLOW\n #DINAHJANEfollowspree\n30", "user": "jaurmiggy", "id": 397192621195808768}, {"text": "@dinahjane97 PLZ\nFOLLOW\n@Ayan_Adan \nSHE\nLOVES\nTHE\nVAMPIRE\nDIARIES\nSTELANA\nAND\nYOU\nSO PLZZMAKE HER HAPPY AND FOLLOW\n #DINAHJANEfollowspree\n28", "user": "jaurmiggy", "id": 397192581312163840}, {"text": "@dinahjane97 PLZ\nFOLLOW\n@Ayan_Adan \nSHE\nLOVES\nTHE\nVAMPIRE\nDIARIES\nSTELANA\nAND\nYOU\nSO PLZZMAKE HER HAPPY AND FOLLOW\n #DINAHJANEfollowspree\n27", "user": "jaurmiggy", "id": 397192552958676992}, {"text": "@dinahjane97 PLZ\nFOLLOW\n@Ayan_Adan \nSHE\nLOVES\nTHE\nVAMPIRE\nDIARIES\nSTELANA\nAND\nYOU\nSO PLZZMAKE HER HAPPY AND FOLLOW\n #DINAHJANEfollowspree\n26", "user": "jaurmiggy", "id": 397192525343379456}, {"text": "@dinahjane97 PLZ\nFOLLOW\n@Ayan_Adan \nSHE\nLOVES\nTHE\nVAMPIRE\nDIARIES\nSTELANA\nAND\nYOU\nSO PLZZMAKE HER HAPPY AND FOLLOW\n #DINAHJANEfollowspree\n25", "user": "jaurmiggy", "id": 397192510239682560}, {"text": "@dinahjane97 PLZ\nFOLLOW\n@Ayan_Adan \nSHE\nLOVES\nTHE\nVAMPIRE\nDIARIES\nSTELANA\nAND\nYOU\nSO PLZZMAKE HER HAPPY AND FOLLOW\n #DINAHJANEfollowspree\n24", "user": "jaurmiggy", "id": 397192482464624640}, {"text": "@dinahjane97 PLZ\nFOLLOW\n@Ayan_Adan \nSHE\nLOVES\nTHE\nVAMPIRE\nDIARIES\nSTELANA\nAND\nYOU\nSO PLZZMAKE HER HAPPY AND FOLLOW\n #DINAHJANEfollowspree\n23", "user": "jaurmiggy", "id": 397192465566146561}, {"text": "@dinahjane97 PLZ\nFOLLOW\n@Ayan_Adan \nSHE\nLOVES\nTHE\nVAMPIRE\nDIARIES\nSTELANA\nAND\nYOU\nSO PLZZMAKE HER HAPPY AND FOLLOW\n #DINAHJANEfollowspree\n22", "user": "jaurmiggy", "id": 397192445899046913}, {"text": "@dinahjane97 PLZ\nFOLLOW\n@Ayan_Adan \nSHE\nLOVES\nTHE\nVAMPIRE\nDIARIES\nSTELANA\nAND\nYOU\nSO PLZZMAKE HER HAPPY AND FOLLOW\n #DINAHJANEfollowspree\n21", "user": "jaurmiggy", "id": 397192428882759680}, {"text": "@dinahjane97 PLZ\nFOLLOW\n@Ayan_Adan \nSHE\nLOVES\nTHE\nVAMPIRE\nDIARIES\nSTELANA\nAND\nYOU\nSO PLZZMAKE HER HAPPY AND FOLLOW\n #DINAHJANEfollowspree\n29", "user": "jaurmiggy", "id": 397192408829804544}, {"text": "@dinahjane97 PLZ\nFOLLOW\n@Ayan_Adan \nSHE\nLOVES\nTHE\nVAMPIRE\nDIARIES\nSTELANA\nAND\nYOU\nSO PLZZMAKE HER HAPPY AND FOLLOW\n #DINAHJANEfollowspree\n19", "user": "jaurmiggy", "id": 397192391276646400}, {"text": "@dinahjane97 PLZ\nFOLLOW\n@Ayan_Adan \nSHE\nLOVES\nTHE\nVAMPIRE\nDIARIES\nSTELANA\nAND\nYOU\nSO PLZZMAKE HER HAPPY AND FOLLOW\n #DINAHJANEfollowspree\n18", "user": "jaurmiggy", "id": 397192372351934464}, {"text": "@dinahjane97 PLZ\nFOLLOW\n@Ayan_Adan \nSHE\nLOVES\nTHE\nVAMPIRE\nDIARIES\nSTELANA\nAND\nYOU\nSO PLZZMAKE HER HAPPY AND FOLLOW\n #DINAHJANEfollowspree\n17", "user": "jaurmiggy", "id": 397192358301016064}, {"text": "@dinahjane97 PLZ\nFOLLOW\n@Ayan_Adan \nSHE\nLOVES\nTHE\nVAMPIRE\nDIARIES\nSTELANA\nAND\nYOU\nSO PLZZMAKE HER HAPPY AND FOLLOW\n #DINAHJANEfollowspree\n16", "user": "jaurmiggy", "id": 397192338457780224}, {"text": "@dinahjane97 PLZ\nFOLLOW\n@Ayan_Adan \nSHE\nLOVES\nTHE\nVAMPIRE\nDIARIES\nSTELANA\nAND\nYOU\nSO PLZZMAKE HER HAPPY AND FOLLOW\n #DINAHJANEfollowspree\n15", "user": "jaurmiggy", "id": 397192304018329600}, {"text": "@dinahjane97 PLZ\nFOLLOW\n@Ayan_Adan \nSHE\nLOVES\nTHE\nVAMPIRE\nDIARIES\nSTELANA\nAND\nYOU\nSO PLZZMAKE HER HAPPY AND FOLLOW\n #DINAHJANEfollowspree\n14", "user": "jaurmiggy", "id": 397192251182702592}, {"text": "@dinahjane97 PLZ\nFOLLOW\n@Ayan_Adan \nSHE\nLOVES\nTHE\nVAMPIRE\nDIARIES\nSTELANA\nAND\nYOU\nSO PLZZMAKE HER HAPPY AND FOLLOW\n #DINAHJANEfollowspree\n13", "user": "jaurmiggy", "id": 397192230462820352}, {"text": "@dinahjane97 PLZ\nFOLLOW\n@Ayan_Adan \nSHE\nLOVES\nTHE\nVAMPIRE\nDIARIES\nSTELANA\nAND\nYOU\nSO PLZZMAKE HER HAPPY AND FOLLOW\n #DINAHJANEfollowspree\n12", "user": "jaurmiggy", "id": 397192210757996544}, {"text": "@dinahjane97 PLZ\nFOLLOW\n@Ayan_Adan \nSHE\nLOVES\nTHE\nVAMPIRE\nDIARIES\nSTELANA\nAND\nYOU\nSO PLZZMAKE HER HAPPY AND FOLLOW\n #DINAHJANEfollowspree\n11", "user": "jaurmiggy", "id": 397192193896886273}, {"text": "@dinahjane97 PLZ\nFOLLOW\n@Ayan_Adan \nSHE\nLOVES\nTHE\nVAMPIRE\nDIARIES\nSTELANA\nAND\nYOU\nSO PLZZMAKE HER HAPPY AND FOLLOW\n #DINAHJANEfollowspree\n10", "user": "jaurmiggy", "id": 397192175123193857}, {"text": "@dinahjane97 PLZ\nFOLLOW\n@Ayan_Adan \nSHE\nLOVES\nTHE\nVAMPIRE\nDIARIES\nSTELANA\nAND\nYOU\nSO PLZZMAKE HER HAPPY AND FOLLOW\n #DINAHJANEfollowspree\n9", "user": "jaurmiggy", "id": 397192155514818560}, {"text": "@dinahjane97 PLZ\nFOLLOW\n@Ayan_Adan \nSHE\nLOVES\nTHE\nVAMPIRE\nDIARIES\nSTELANA\nAND\nYOU\nSO PLZZMAKE HER HAPPY AND FOLLOW\n #DINAHJANEfollowspree\n8", "user": "jaurmiggy", "id": 397192123076079616}, {"text": "@dinahjane97 PLZ\nFOLLOW\n@Ayan_Adan \nSHE\nLOVES\nTHE\nVAMPIRE\nDIARIES\nSTELANA\nAND\nYOU\nSO PLZZMAKE HER HAPPY AND FOLLOW\n #DINAHJANEfollowspree\n7", "user": "jaurmiggy", "id": 397192110740619265}, {"text": "@dinahjane97 PLZ\nFOLLOW\n@Ayan_Adan \nSHE\nLOVES\nTHE\nVAMPIRE\nDIARIES\nSTELANA\nAND\nYOU\nSO PLZZMAKE HER HAPPY AND FOLLOW\n #DINAHJANEfollowspree\n6", "user": "jaurmiggy", "id": 397192085281206272}, {"text": "@dinahjane97 PLZ\nFOLLOW\n@Ayan_Adan \nSHE\nLOVES\nTHE\nVAMPIRE\nDIARIES\nSTELANA\nAND\nYOU\nSO PLZZMAKE HER HAPPY AND FOLLOW\n #DINAHJANEfollowspree\n5", "user": "jaurmiggy", "id": 397192053873840128}, {"text": "@dinahjane97 PLZ\nFOLLOW\n@Ayan_Adan \nSHE\nLOVES\nTHE\nVAMPIRE\nDIARIES\nSTELANA\nAND\nYOU\nSO PLZZMAKE HER HAPPY AND FOLLOW\n #DINAHJANEfollowspree\n4", "user": "jaurmiggy", "id": 397192034429460480}, {"text": "@dinahjane97 PLZ\nFOLLOW\n@Ayan_Adan \nSHE\nLOVES\nTHE\nVAMPIRE\nDIARIES\nSTELANA\nAND\nYOU\nSO PLZZMAKE HER HAPPY AND FOLLOW\n #DINAHJANEfollowspree\n3", "user": "jaurmiggy", "id": 397192001340600321}, {"text": "@dinahjane97 PLZ\nFOLLOW\n@Ayan_Adan \nSHE\nLOVES\nTHE\nVAMPIRE\nDIARIES\nSTELANA\nAND\nYOU\nSO PLZZMAKE HER HAPPY AND FOLLOW\n #DINAHJANEfollowspree\n2", "user": "jaurmiggy", "id": 397191979379228672}, {"text": "@dinahjane97 PLZ\nFOLLOW\n@Ayan_Adan \nSHE\nLOVES\nTHE\nVAMPIRE\nDIARIES\nSTELANA\nAND\nYOU\nSO PLZZMAKE HER HAPPY AND FOLLOW\n #DINAHJANEfollowspree\n1", "user": "jaurmiggy", "id": 397191956671266816}, {"text": "@dinahjane97 PLZ\nFOLLOW\n@Ayan_Adan \nSHE\nLOVES\nTHE\nVAMPIRE\nDIARIES\nSTELANA\nAND\nYOU\nSO PLZZMAKE HER HAPPY AND FOLLOW\n #DINAHJANEfollowspree", "user": "jaurmiggy", "id": 397191907862151168}, {"text": "@dinahjane97 PLZ\nFOLLOW\n@Ayan_Adan \nSHE\nLOVES\nTHE\nVAMPIRE\nDIARIES\nSTELANA\nAND\nYOU!!!!\nSO PLZZMAKE HER HAPPY AND FOLLOW\n:-)\n:-)\n:-)\n:-)\n:-", "user": "jaurmiggy", "id": 397191574112972800}, {"text": "\ud83d\ude0c\ud83d\ude0a\u263a\ufe0f\ud83d\ude0d ahhhh a Vampire Diaries actor is a texans fan and is tweeting about it. I love it and I love you @kendrick38 #Keenum #Texans", "user": "__VIIIXXIIXIXL", "id": 397184589078077441}, {"text": "Vampire diaries is stupid too \ud83d\ude0c", "user": "YOSOLEGAL", "id": 397181926001238016}, {"text": "Sooo, can we have guys at our school that look like the ones on vampire diaries?", "user": "Hannah_Lynn5", "id": 397158551853858816}, {"text": "I've literally done nothing but watch Vampire Diaries all day", "user": "AnalissaVela", "id": 397130048882216961}, {"text": "You are not aloneRT @Bryce_muzik: Hate Vampire diaries. probably the only one who does..", "user": "K_Dcypha", "id": 397125827881881600}, {"text": "All I do is go to school, sleep, eat, do homework &amp; sleep. What has my life become!?  And take breaks to watch The Vampire Diaries", "user": "jjjenny__XO", "id": 397116517885550592}, {"text": "so tired of my boyfriend watching vampire diaries", "user": "aylinbean", "id": 397095754092654592}, {"text": "\u201c@Rosero_80: Someone come over and watch vampire diaries with me.\u201d @Naomi_1anonly", "user": "tbriggs13", "id": 397086958951743488}, {"text": "And here we have my hedgehog watching The Vampire Diaries http://t.co/MYpEBw2LAV", "user": "Case_Mysta12", "id": 397086365361266688}, {"text": "are you serious?! that was a shitty ending to the vampire diaries.", "user": "chlowaaay_", "id": 397076409677402112}, {"text": "Ok I finished Vampire Diaries and now I don't know what to do with my life", "user": "maymaayy", "id": 397059260879618048}, {"text": "The originals , its like a follow up for vampire diaries, but just about the originals.", "user": "Famz_away", "id": 397044345741664256}, {"text": "\"@PosssiblyBatman: The latest Vampire Diaries is ridiculous, I can't even deal\" Y-E-S!!!!!", "user": "Deanna_Hinojosa", "id": 397041093683838977}, {"text": "I need to watch vampire diaries, like now \ud83d\ude15", "user": "whaddupsam", "id": 397017887187030017}, {"text": "It's like I have to watch the originals bc I love vampire diaries. #realtweet", "user": "theCHosen_mvp", "id": 396893850624466944}, {"text": "Vampire Diaries season 4 &lt;\\3", "user": "AmyLoksKilla", "id": 396872296704401409}]