[{"text": "True Blood - JT", "user": "IrisPao", "id": 399600977281839104}, {"text": "@AlyssaaWissaa you cant be a crop or blood. You gots be both if you a true g.", "user": "AdrianNigga_", "id": 399368505805398016}, {"text": "RT @masalin25: True Blood #premiumcabletv #PeoplesChoice http://t.co/ehcy7IHFu8", "user": "Mini_Vampy", "id": 399332931128545280}, {"text": "They should've passed up the last season of True Blood #tiredstorylines RT @UberFacts: HBO passed (cont) http://t.co/ULOKHP9GUk", "user": "inavygirl", "id": 399329234398633984}, {"text": "True Blood #premiumcabletv #PeoplesChoice http://t.co/ehcy7IHFu8", "user": "masalin25", "id": 399314270829047809}, {"text": "RT @_HelloNorah: @ChloeNoelle910 No worries! You are incredible in True Blood, best of luck for all future endeavours.", "user": "ChloeNoelle910", "id": 399297886745161728}, {"text": "@ChloeNoelle910 No worries! You are incredible in True Blood, best of luck for all future endeavours.", "user": "_HelloNorah", "id": 399270824269447169}, {"text": "\u201c@psingh_: #megapartnering Cash budget and know the life blood of the business!\u201d True #biz advice", "user": "equintanilla", "id": 399250464103235584}, {"text": "@LionHeartress1 True story was at Emergency Room 3 hrs later Bill was $4,326. #High Blood Pressure", "user": "Tantalizinyou", "id": 398645539664707584}, {"text": "Finally catching up on True Blood \u2764\ufe0f\ud83d\udc89\ud83d\ude0d", "user": "Micah3lyse", "id": 398626743633735680}, {"text": "Finishing season 5 of True Blood tonight. Lawddd.", "user": "TrippyRiss", "id": 398624585362321408}, {"text": "Lyrics are needed today. Rough one.  http://t.co/BcLAtZkCZI #pandora", "user": "timothyraines", "id": 398609669209747456}, {"text": "True Blood and Walking Dead and comedy.... :) #FilthySexyTeen$ #GetGlue http://t.co/RXNPMHBaW7", "user": "theporsche", "id": 398604833437282304}, {"text": "@SamuraiKnitter I'm watching True Blood. You're doing better.", "user": "worddroppings", "id": 398525665269387265}, {"text": "So by the end of season 4 of True Blood it's like actors want away from the crazy train.", "user": "worddroppings", "id": 398516748422361089}, {"text": "RT @YouNOTthefather: 25 #Truisms that remain true: http://t.co/0rhJ1mx4b1 My Fave: #21) \"Blood is thicker than water.\" #Blood #Family @vmvs\u2026", "user": "vmvsatx", "id": 398498400972193792}, {"text": "25 #Truisms that remain true: http://t.co/0rhJ1mx4b1 My Fave: #21) \"Blood is thicker than water.\" #Blood #Family @vmvsatx @maurovasquezIV", "user": "YouNOTthefather", "id": 398493367014653952}, {"text": "@Dead_Wizard Yes, that's true. Her character, distinct from Diaz, made me think of The Judge from Blood Meridian.", "user": "dellpesce", "id": 398478831201161216}, {"text": "\u201c@MaxCiovacco: Shootout to @mastatikle for being a true friend and one of the realist people I know #blood #brothers\u201d same 2 u max! Thanks!", "user": "mastatikle", "id": 398449430942474240}, {"text": "True blood..till my eyes close!\ud83d\ude01\u270c\ufe0f", "user": "Shan_Ariel", "id": 398316518900912128}, {"text": "Mmmmm all black honey. RT @AJ0427: True Blood mrkingalexxx's video http://t.co/nqC6g1CdXU", "user": "brittneymo", "id": 398296274006335488}, {"text": "Leg day! Golds gym http://t.co/c96SaSBW0d #pandora", "user": "costumefiend", "id": 398132116308770817}, {"text": "there is a serious lack of high quality screenshots from pam and tara's kiss in the season 5 true blood finale and i am outraged about it.", "user": "CitizenSkullu", "id": 398022985983864833}, {"text": "Shawty brought seasons 1-5 of True Blood over. I'll see you guys in like a day &amp; a half byeeee", "user": "TrippyRiss", "id": 397968083681157120}, {"text": "@Young_blood_13 it's true \ud83d\ude02", "user": "DanielRitz13", "id": 397934351054168064}, {"text": "\"Hey young blood... Stay true to ya self\"", "user": "Chris_Zavala92", "id": 397932266925473792}, {"text": "Crazy werepanther daddy from true blood playing a priest on soa wow talk about range", "user": "elskay_", "id": 397927271379394560}, {"text": "spending the rest of my day off catching up on true blood yay", "user": "roseyanus", "id": 397838684025651200}, {"text": "@NardosPOV true u give blood?", "user": "pj_said_it", "id": 397810075877666816}, {"text": "I'm listening to \"Blood On The Leaves\" by Kanye West on Pandora http://t.co/GGtXdMEW70 #pandora", "user": "MikeHolp", "id": 397416203297103872}, {"text": "Watching True Blood. This show is so over the top it's ridiculous. #trainwreck", "user": "worddroppings", "id": 397405273658105856}, {"text": "That one person who not even blood related but is there EVERYTIME u need them. #true #amen #Blessed", "user": "ItsHerMsMetra", "id": 397355162227843072}, {"text": "I really want to watch all of the true blood seasons again", "user": "Bryana_Renee", "id": 397125466298929152}, {"text": "Watching True Blood finale. Just saw Alexander Skarsgard peen. #WorthWatchingTheSeason", "user": "SHolmie", "id": 397107992463552512}, {"text": "hmmm I wonder if I should watch true blood.", "user": "_lucymarie15", "id": 396843208098852864}]