[{"text": "Haha...so true. RT @powellmap: Debugging is like being the detective in a crime movie where you are also the murderer. (via @fortes)", "user": "batherton", "id": 399378695498268672}, {"text": "I'm watching True Detective (177 others are watching) http://t.co/jeiIHhiiZH #GetGlue #TrueDetective", "user": "Rhettoric_1", "id": 397469217773350912}, {"text": "@theblackangels just heard your song on the trailer for HBO's True Detective. Nice job guys...and gal!", "user": "jusjacks", "id": 397182161305878528}]