[{"text": "\"Under the Dome: Honduras\"", "user": "Vivianne___", "id": 398646233385816064}, {"text": "Nw under the dome #voteaustinmahone", "user": "o2lsvibes", "id": 398541644485918720}, {"text": "@hannahsmothers_ lk the astrodome or that cbs show under the dome?", "user": "dsackllah", "id": 398179220922187776}, {"text": "RT @clintosaurus: #top3 disappointing new shows\n\nHemlock Grove\nUnder The Dome\nAgents of SHIELD\n\n@Top3Tyrant", "user": "Top3Tyrant", "id": 398178367440031744}, {"text": "#top3 disappointing new shows\n\nHemlock Grove\nUnder The Dome\nAgents of SHIELD\n\n@Top3Tyrant", "user": "clintosaurus", "id": 398160100159803392}, {"text": "Exclusive: ABC Developing Alien Drama From 'Under the Dome' Writer http://t.co/ihQMk2VSbQ", "user": "JohnKrueger18", "id": 397846106802900992}, {"text": "@MisterDomingue Well, I say that. It also kinda looks like that neighborhood is \"Under the Dome.\" \ud83d\ude31", "user": "MisterDomingue", "id": 397352756769341440}, {"text": "Under The Dome.  Where you ask a black man to help you build a hangman's noose. Yeesh.", "user": "RockieWarAntz", "id": 397192948376285184}]