[{"text": "Mark Sheppard on White Collar I don't know why I am surprised", "user": "SlytherinShan", "id": 399399247428067328}, {"text": "I've watched \"One Last Stakeout\" (S5 E3) of White Collar (via @tvshowtracker)", "user": "wanderlustlover", "id": 399378775181230081}, {"text": "White Collar Sideshow @wcsideshow @ NewChurch Georgetown http://t.co/6ZpJ6fZDUI", "user": "DeepRGraves", "id": 399374615375798272}, {"text": "@Ginomillionaire it is ! you'll like it . you should watch white collar too", "user": "ohmikaaa", "id": 399274097932136448}, {"text": "RT @Dal_GD: @Sampson_mma completely white. Green collar. I'd appreciate the look out.", "user": "501sOnBuns", "id": 398913070686142464}, {"text": "@Sampson_mma completely white. Green collar. I'd appreciate the look out.", "user": "Dal_GD", "id": 398912891081854976}, {"text": "@charliephung white collar, watch it.", "user": "d_THvCH", "id": 398880116505604097}, {"text": "I always wake up on Friday mornings and realize I missed White Collar \ud83d\ude2d", "user": "Can________", "id": 398877456393723904}, {"text": "White Collar is one of my favorite shows. #MattBomer", "user": "kare_keri", "id": 398851705921486849}, {"text": "My TV loves me back when I watch \"White Collar\" with #ViggleTV\n\n #WhiteCollar #viggle", "user": "babygirl191615", "id": 398671024247422976}, {"text": "U watching white collar @mkins5", "user": "hcampos2k3", "id": 398640272294170624}, {"text": "Hurry up and finish game so I can change it to@white collar", "user": "hcampos2k3", "id": 398640017725063168}, {"text": "Missing white collar to study :(((((((((", "user": "AaquelinJlvarez", "id": 398632608935841792}, {"text": "White Collar time!!", "user": "RobertDavila7", "id": 398631110390726656}, {"text": "white collar scandal and The gym always males for a good thursday", "user": "OzaNidas", "id": 398617301127147521}, {"text": "I'm watching White Collar (493 others are watching) http://t.co/bUwXbmMGGN #GetGlue @WhiteCollarUSA", "user": "Rhettoric_1", "id": 398616773530255360}, {"text": "Enter the 'White Collar' NYC trip sweepstakes at http://t.co/62pOtScVX2!  http://t.co/Wnxcpj0Fep", "user": "debbutterflys", "id": 398497888495362049}, {"text": "As far as I'm concerned, white collar, suits and psyche are all the same show.", "user": "TheTwituation", "id": 398275514630406144}, {"text": "White collar time \ud83d\ude4a", "user": "KyMueller", "id": 398258740459077632}, {"text": "This is happening Saturday! Come show some love for White Collar Sideshow http://t.co/TzEUt80633", "user": "TheLivingRoomGT", "id": 398239527174561792}, {"text": "White Rhinestone Funnel Collar Coat by Madison &amp; Lola on #zulily today! http://t.co/P1mfyDqSJM", "user": "red_head30", "id": 398094574952132608}, {"text": "@jake_nelson13 really? Try prison break! It's amazing kinda like white collar", "user": "KyMueller", "id": 397980335821950976}, {"text": "This episode of White Collar is using the same set from the law offices of Pearson &amp; Specter in Suits. I can't handle this show-ception.", "user": "MikeFloeck", "id": 397979549771640832}, {"text": "Seriously obsessed with white collar", "user": "KyMueller", "id": 397978087561781248}, {"text": "@TimDeKay @WhiteCollarUSA @peopleschoice I voted for White Collar.", "user": "bluedrummajor", "id": 397875259342209024}, {"text": "RT @EllenToudouze: @AspenHeightsSA little orange and white dog took off down berthoud around 230, isn't wearing collar, anyone who sees him\u2026", "user": "AspenHeightsSA", "id": 397825053632376832}, {"text": "@AspenHeightsSA little orange and white dog took off down berthoud around 230, isn't wearing collar, anyone who sees him tweet me!!!!", "user": "EllenToudouze", "id": 397824727206490112}, {"text": "I just entered to #win &amp; you can too: \"Airfare and hotel for two in NYC\". Enter the #giveaway here: http://t.co/5qgpzHaB2T", "user": "kzarr", "id": 397817356992253953}, {"text": "I said I was going to study and be productive today, but I've been watching White Collar since 9:30...\ud83d\ude33", "user": "adriarre16", "id": 397792767390126080}, {"text": "I just entered to #win &amp; you can too: \"Airfare and hotel for two in NYC\". Enter the #giveaway here: http://t.co/5qgpzHaB2T", "user": "kzarr", "id": 397743865441947648}, {"text": "Enter the 'White Collar' NYC trip sweepstakes at http://t.co/cNjAAiCOru!  http://t.co/5qgpzHaB2T", "user": "kzarr", "id": 397743786165415936}, {"text": "White Collar is great", "user": "TheCameronStone", "id": 397629192231084032}, {"text": "RT @BuzzFeed 9 Other Massive White Collar Criminal Fines Over The Years: Now that SAC Capital is facing ... http://t.co/44fco5x6FK #news", "user": "OmarrCantu", "id": 397614734121246721}, {"text": "Omg white collar is getting super intense", "user": "KyMueller", "id": 397516037387988993}, {"text": "I just entered to #win &amp; you can too: \"Airfare and hotel for two in NYC\". Enter the #giveaway here: http://t.co/5qgpzHaB2T", "user": "kzarr", "id": 397500346110455808}, {"text": "9 Other Massive White Collar Criminal Fines Over The Years http://t.co/6C9UxUF6H9 #SocialMedia", "user": "alanmichael", "id": 397480414828564480}, {"text": "I just entered to #win &amp; you can too: \"Airfare and hotel for two in NYC\". Enter the #giveaway here: http://t.co/5qgpzHaB2T", "user": "kzarr", "id": 397448556954398720}, {"text": "Enter the 'White Collar' NYC trip sweepstakes at http://t.co/cNjAAiCOru!  http://t.co/5qgpzHaB2T", "user": "kzarr", "id": 397448485097586689}, {"text": "RT @mksinsa: .@EePat We have an injustice system; gives white collar criminals (whose crimes hurt many more) a wink &amp; a nod while trouncing\u2026", "user": "raina_by", "id": 397417057458745344}, {"text": "RT @mksinsa: .@EePat We have an injustice system; gives white collar criminals (whose crimes hurt many more) a wink &amp; a nod while trouncing\u2026", "user": "GoldiHeel", "id": 397412793420640257}, {"text": "RT @mksinsa: .@EePat We have an injustice system; gives white collar criminals (whose crimes hurt many more) a wink &amp; a nod while trouncing\u2026", "user": "mills_abbot", "id": 397396629512151040}, {"text": "RT @mksinsa: .@EePat We have an injustice system; gives white collar criminals (whose crimes hurt many more) a wink &amp; a nod while trouncing\u2026", "user": "NoHookerNoPeace", "id": 397395192585924608}, {"text": ".@EePat We have an injustice system; gives white collar criminals (whose crimes hurt many more) a wink &amp; a nod while trouncing small players", "user": "mksinsa", "id": 397394618330796032}, {"text": "The last episode of season 4 of White Collar is too good with that blimp and the switch \ud83d\ude0d\ud83d\ude0d\ud83d\ude0d", "user": "AtikLalani", "id": 397261955401908224}, {"text": "If 'Stop and Frisk' Is Such an Effective Tactic, Why Not Use an Electronic Version on Potentially Corrupt Bank CEOs? http://t.co/E4794B76B6", "user": "blutexas", "id": 397200626935136256}, {"text": "@WilliamsJon @JonahNRO Unreal! sounds a lot like an old plot line from White Collar USA show. found similar treasure in a sunken WWII U-boat", "user": "TenoreDolceVoce", "id": 397143102172852224}, {"text": "I just entered to #win &amp; you can too: \"Airfare and hotel for two in NYC\". Enter the #giveaway here: http://t.co/5qgpzHaB2T", "user": "kzarr", "id": 397016501120532481}, {"text": "Enter the 'White Collar' NYC trip sweepstakes at http://t.co/cNjAAiCOru!  http://t.co/5qgpzHaB2T", "user": "kzarr", "id": 397016401115750400}, {"text": "@AggieAnne04 Neal Caffrey/Matt Bomer on White Collar. I love that show that's why I knew I recognized her", "user": "blams", "id": 396879363494264832}]