[{"text": "I'm planning to watch Witches of East End on Lifetime, Sun. #zeebox http://t.co/5K0Cb5ExjO", "user": "tonjaah", "id": 399280900854136832}, {"text": "I'm #Viggling \"Witches of East End\". TV loves you back with #ViggleTV!\n\n #WitchesofEastEnd #viggle", "user": "babygirl191615", "id": 397484638056112128}, {"text": "Candy's Raves: Winds of Salem: A Witches of East End Novel by by Melissa de la Cruz http://t.co/k8AFeHTG3h", "user": "CandyTX", "id": 397392409773883392}, {"text": "@Roselyn_Sanchez Damn does your hubby rock on witches of east end or what love the new addiction ;-) ;-)", "user": "LeahVenegas", "id": 397225102934155265}, {"text": "Witches of east end gave me goosebumps tonight like damn", "user": "HawaaPatel", "id": 397213918906843136}, {"text": "@jennaldewan what is your favorite part about being on witches of east end?!", "user": "janah0920", "id": 397206265899671553}, {"text": "Witches of east end! @jennaldewan", "user": "CrazyGorgeous_", "id": 397196868817416193}, {"text": "I'm watching Witches of East End (958 others are watching) http://t.co/mWJ46ZJ9i6 #GetGlue @WitchesEastEnd", "user": "Rhettoric_1", "id": 397169878140211200}]