[{"text": "Head and Neck: Chapter 8 of Gray's Basic Anatomy http://t.co/dvmSz24X6F #atlas", "user": "molecularimging", "id": 398744513780256768}, {"text": "1st runner up for \"Anatomy of Gray\" in the state one act competition. #feelingproud", "user": "ForeverKatD", "id": 398686998644666368}, {"text": "Rewatching some gray's anatomy\u2764\ufe0f", "user": "Francessstarxo", "id": 397750576605569024}, {"text": "Gray's Anatomy: Download the Gray's Anatomy app now to your Kindle Fire or other Android devices from the Amaz... http://t.co/52OG6WA50f", "user": "jctonra", "id": 397731338339356672}, {"text": "\u201c@Savannah_Gray_: If I can drop anatomy my life will be so much easier\u201d\ud83d\ude29\ud83d\ude29\ud83d\ude29\ud83d\ude29\ud83d\ude4c\ud83d\ude4c\ud83d\ude4c\ud83d\ude4c", "user": "BriBeautifull_", "id": 397565797909815297}, {"text": "Basically just posted the pretty Gray's Anatomy illustrations from Warm Bodies on my Instagram...", "user": "numberwah", "id": 397348960555122689}]