[{"text": "I've watched \"Brave New World\" (S1 E6) of Masters of Sex (via @tvshowtracker)", "user": "amazingdvd", "id": 399655668455849984}, {"text": "@ModDelusion You should watch that new show on Showtime, Masters of Sex.  Lizzy Caplan helping people achieve orgasm.  What's not to like?", "user": "mja004", "id": 399648544610455553}, {"text": "Plateau Stage: Masters of Sex Figures Itself Out http://t.co/LSKzbZhfxn via @TIMECulture @SHO_Network #favorite", "user": "brianlaungaoaeh", "id": 399645078831915008}, {"text": "\"Keep asking questions. That's what a good researcher does.\" Quoting Dr. Bill Masters, from @SHO_Network's Masters of Sex. #favoritequote", "user": "brianlaungaoaeh", "id": 399644063692898304}, {"text": "The Giants win right before the #USWNT starts their game against Brazil. And then Walking Dead, Homeland, and Masters of Sex later. Sunday.", "user": "Berlination", "id": 399641091458478080}, {"text": "Masters of sex is a good show on the low. \ud83d\ude31\ud83d\ude0b", "user": "m1ss_mony", "id": 399632794345013248}, {"text": "Best male performance on TV right now is @michaelsheen in @SHO_Masters of Sex. Give him all the awards.", "user": "ashmeglaw", "id": 399621939276169217}, {"text": "Masters of Sex tonight! Yay! #showtime #mastersofsex", "user": "DJFriendlyKnow", "id": 399602616956899328}, {"text": "RT @ComplexMag: All the ways Lizzy Caplan's Virginia Johnson makes your favorite TV character look like a coward: http://t.co/j4x7abEsO3", "user": "Colonnafan", "id": 399602174826520577}, {"text": "@chewchewtrainnn masters of sex", "user": "tiffchew", "id": 399600707290279936}, {"text": "Masters of sex is the best show", "user": "marryy_anne", "id": 399592886150660096}, {"text": "RT: @J_Goodarz: The Walking Dead, Homeland, Eastbound and Down, Masters of Sex, and football all day. I love Sundays", "user": "Kevin_Kasian", "id": 399580380405440512}, {"text": "All the Ways Lizzy Caplan's Virginia Johnson Makes Your Favorite TV Character Look Like a Coward http://t.co/4ShsQ0dtIz #popmuse", "user": "Pop_Muse", "id": 399573482649812992}, {"text": "RT @ComplexMag: All the ways Lizzy Caplan's Virginia Johnson makes your favorite TV character look like a coward: http://t.co/j4x7abEsO3", "user": "Style_Roche", "id": 399563525175410688}, {"text": "RT @ComplexMag: All the ways Lizzy Caplan's Virginia Johnson makes your favorite TV character look like a coward: http://t.co/j4x7abEsO3", "user": "nimalTV", "id": 399563253426429952}, {"text": "All the ways Lizzy Caplan's Virginia Johnson makes your favorite TV character look like a coward: http://t.co/j4x7abEsO3", "user": "ComplexMag", "id": 399563131183452161}, {"text": "All the ways Lizzy Caplan's Virginia Johnson makes your favorite TV character look like a coward: http://t.co/bWTiwPXkS4", "user": "ComplexPopCult", "id": 399563129702854658}, {"text": "RT @MichaelAusiello: .@TVLine's Performer of the Week: Allison\u00a0Janney http://t.co/i6T0LshckU @AllisonBJanney @SHO_Masters", "user": "Soap_Dude", "id": 399553299827142657}, {"text": "An oversimplified #sex / #gender liberation?  What \u201cMasters of Sex\u201d Overlooks http://t.co/oTIcMzR8lP via @NewYorker #so121", "user": "atfiles", "id": 399535781418504192}, {"text": "RT @MichaelAusiello: ... with an Honorable Mention to SLEEPY HOLLOW's @NikkiBeharie http://t.co/i6T0LshckU", "user": "pcparent", "id": 399533384554139650}, {"text": "i need to start masters of sex i think", "user": "caitomall", "id": 399531952165756928}, {"text": "ALISON JANNEY ON MASTERS OF SEX MADE ME CRY", "user": "kyle_amato", "id": 399529264405430274}, {"text": "shows I'm behind on: Homeland, Masters of Sex,  and Boardwalk Empire.", "user": "kristiancortez", "id": 399431774712762368}, {"text": "#nw Masters of Sex.  Um\u2026", "user": "atfiles", "id": 399416036920807425}, {"text": "RT @EW: TV Jukebox: 'How I Met Your Mother,' 'The Goldbergs,' 'Masters of Sex,' &amp; more of this week's best music-on-TV http://t.co/IvfYlAkq\u2026", "user": "CastlesOldHaunt", "id": 399413797959782400}, {"text": "I'm watching Masters of Sex", "user": "Leahfofea", "id": 399391255605837824}, {"text": "Alison Janney. Masters of Sex. So heartbreaking. So powerful. So good. http://t.co/1RKLSudfFc", "user": "atweetnextdoor", "id": 399380587049668608}, {"text": "Catching up on masters of sex", "user": "TeflonDon_Pablo", "id": 399356043379351552}, {"text": "Masters of Sex might be my new favorite show. And I thought that even before I got to the gay sex. Caplan &amp; Sheen a dream team.", "user": "atweetnextdoor", "id": 399329938399961088}, {"text": "RT @EW: TV Jukebox: 'How I Met Your Mother,' 'The Goldbergs,' 'Masters of Sex,' &amp; more of this week's best music-on-TV http://t.co/IvfYlAkq\u2026", "user": "Velvet_Ears", "id": 399325742711848960}, {"text": "RT @EW: TV Jukebox: 'How I Met Your Mother,' 'The Goldbergs,' 'Masters of Sex,' &amp; more of this week's best music-on-TV http://t.co/IvfYlAkq\u2026", "user": "florenceyinni", "id": 399316335660130304}, {"text": "RT @EW: TV Jukebox: 'How I Met Your Mother,' 'The Goldbergs,' 'Masters of Sex,' &amp; more of this week's best music-on-TV http://t.co/IvfYlAkq\u2026", "user": "RonaBozich", "id": 399315458542665728}, {"text": "RT @EW: TV Jukebox: 'How I Met Your Mother,' 'The Goldbergs,' 'Masters of Sex,' &amp; more of this week's best music-on-TV http://t.co/IvfYlAkq\u2026", "user": "MarielaWigen192", "id": 399315069596876800}, {"text": "RT @EW: TV Jukebox: 'How I Met Your Mother,' 'The Goldbergs,' 'Masters of Sex,' &amp; more of this week's best music-on-TV http://t.co/IvfYlAkq\u2026", "user": "KaseyKossman", "id": 399314657887805440}, {"text": "RT @EW: TV Jukebox: 'How I Met Your Mother,' 'The Goldbergs,' 'Masters of Sex,' &amp; more of this week's best music-on-TV http://t.co/IvfYlAkq\u2026", "user": "AndresMumford", "id": 399314579789848577}, {"text": "RT @EW: TV Jukebox: 'How I Met Your Mother,' 'The Goldbergs,' 'Masters of Sex,' &amp; more of this week's best music-on-TV http://t.co/IvfYlAkq\u2026", "user": "KaneshaCrothers", "id": 399314563281076224}, {"text": "RT @EW: TV Jukebox: 'How I Met Your Mother,' 'The Goldbergs,' 'Masters of Sex,' &amp; more of this week's best music-on-TV http://t.co/IvfYlAkq\u2026", "user": "AlyciaOtoole", "id": 399314102478045184}, {"text": "RT @EW: TV Jukebox: 'How I Met Your Mother,' 'The Goldbergs,' 'Masters of Sex,' &amp; more of this week's best music-on-TV http://t.co/IvfYlAkq\u2026", "user": "OscarFallis", "id": 399313892217610240}, {"text": "RT @MichaelAusiello: ... with an Honorable Mention to SLEEPY HOLLOW's @NikkiBeharie http://t.co/i6T0LshckU", "user": "memec23", "id": 399313646029139968}, {"text": "RT @EW: TV Jukebox: 'How I Met Your Mother,' 'The Goldbergs,' 'Masters of Sex,' &amp; more of this week's best music-on-TV http://t.co/IvfYlAkq\u2026", "user": "TessaParrinello", "id": 399313521415970816}, {"text": "RT @EW: TV Jukebox: 'How I Met Your Mother,' 'The Goldbergs,' 'Masters of Sex,' &amp; more of this week's best music-on-TV http://t.co/IvfYlAkq\u2026", "user": "JoesphJoshi", "id": 399313282877489152}, {"text": "RT @EW: TV Jukebox: 'How I Met Your Mother,' 'The Goldbergs,' 'Masters of Sex,' &amp; more of this week's best music-on-TV http://t.co/IvfYlAkq\u2026", "user": "SheritaMas", "id": 399313187062829056}, {"text": "RT @EW: TV Jukebox: 'How I Met Your Mother,' 'The Goldbergs,' 'Masters of Sex,' &amp; more of this week's best music-on-TV http://t.co/IvfYlAkq\u2026", "user": "NooDaoNa", "id": 399312727279009792}, {"text": "RT @EW: TV Jukebox: 'How I Met Your Mother,' 'The Goldbergs,' 'Masters of Sex,' &amp; more of this week's best music-on-TV http://t.co/IvfYlAkq\u2026", "user": "KattieHennigan", "id": 399312707188297730}, {"text": "am i the only one who watches \"masters of sex\"?", "user": "AlexZone", "id": 399312704231321600}, {"text": "Just watched first ep of masters of sex and thought it was brilliant. Sure I'll be caught up in next to no time =)", "user": "rhysjonesy", "id": 399312230770290688}, {"text": "RT @EW: TV Jukebox: 'How I Met Your Mother,' 'The Goldbergs,' 'Masters of Sex,' &amp; more of this week's best music-on-TV http://t.co/IvfYlAkq\u2026", "user": "RandalSickles", "id": 399312009046413312}, {"text": "RT @EW: TV Jukebox: 'How I Met Your Mother,' 'The Goldbergs,' 'Masters of Sex,' &amp; more of this week's best music-on-TV http://t.co/IvfYlAkq\u2026", "user": "ParkerAkuna", "id": 399311775272673280}, {"text": "RT @EW: TV Jukebox: 'How I Met Your Mother,' 'The Goldbergs,' 'Masters of Sex,' &amp; more of this week's best music-on-TV http://t.co/IvfYlAkq\u2026", "user": "SilvanaElawar", "id": 399310139557048321}, {"text": "RT @EW: TV Jukebox: 'How I Met Your Mother,' 'The Goldbergs,' 'Masters of Sex,' &amp; more of this week's best music-on-TV http://t.co/IvfYlAkq\u2026", "user": "CyrusAlmaras", "id": 399310132930035712}, {"text": "RT @EW: TV Jukebox: 'How I Met Your Mother,' 'The Goldbergs,' 'Masters of Sex,' &amp; more of this week's best music-on-TV http://t.co/IvfYlAkq\u2026", "user": "LoritaJakupcak", "id": 399309718285344768}, {"text": "RT @EW: TV Jukebox: 'How I Met Your Mother,' 'The Goldbergs,' 'Masters of Sex,' &amp; more of this week's best music-on-TV http://t.co/IvfYlAkq\u2026", "user": "LeahRodak", "id": 399309564056580096}, {"text": "RT @EW: TV Jukebox: 'How I Met Your Mother,' 'The Goldbergs,' 'Masters of Sex,' &amp; more of this week's best music-on-TV http://t.co/IvfYlAkq\u2026", "user": "SamanthaJacq926", "id": 399309504053264384}, {"text": "RT @EW: TV Jukebox: 'How I Met Your Mother,' 'The Goldbergs,' 'Masters of Sex,' &amp; more of this week's best music-on-TV http://t.co/IvfYlAkq\u2026", "user": "ArbitrageEnt", "id": 399309500781301760}, {"text": "RT @EW: TV Jukebox: 'How I Met Your Mother,' 'The Goldbergs,' 'Masters of Sex,' &amp; more of this week's best music-on-TV http://t.co/IvfYlAkq\u2026", "user": "joicelin2", "id": 399309004846804992}, {"text": "RT @EW: TV Jukebox: 'How I Met Your Mother,' 'The Goldbergs,' 'Masters of Sex,' &amp; more of this week's best music-on-TV http://t.co/IvfYlAkq\u2026", "user": "celebriate", "id": 399308566798274561}, {"text": "RT @EW: TV Jukebox: 'How I Met Your Mother,' 'The Goldbergs,' 'Masters of Sex,' &amp; more of this week's best music-on-TV http://t.co/IvfYlAkq\u2026", "user": "patrickdrive", "id": 399308511722881024}, {"text": "RT @EW: TV Jukebox: 'How I Met Your Mother,' 'The Goldbergs,' 'Masters of Sex,' &amp; more of this week's best music-on-TV http://t.co/IvfYlAkq\u2026", "user": "Real_Wayniac", "id": 399308466831237120}, {"text": "RT @EW: TV Jukebox: 'How I Met Your Mother,' 'The Goldbergs,' 'Masters of Sex,' &amp; more of this week's best music-on-TV http://t.co/IvfYlAkq\u2026", "user": "QuadShock", "id": 399308315882455040}, {"text": "TV Jukebox: 'How I Met Your Mother,' 'The Goldbergs,' 'Masters of Sex,' &amp; more of this week's best music-on-TV http://t.co/IvfYlAkqBA", "user": "EW", "id": 399307961220481024}, {"text": "@HurricaneLiv @TimSwan_ @lingersoaps masters of sex is by far one of my fav new shows. You'll like it Tim.", "user": "jeremyisdope", "id": 399299879828471808}, {"text": "@jeremyisdope @TimSwan_ @lingersoaps @BetrayalABC I love Revenge, but I love Masters of Sex more...", "user": "HurricaneLiv", "id": 399299094423678977}, {"text": "Perfect weekend to get into Masters of Sex.", "user": "Bexxxley", "id": 399287647715475456}, {"text": "RT @MichaelAusiello: ... with an Honorable Mention to SLEEPY HOLLOW's @NikkiBeharie http://t.co/i6T0LshckU", "user": "MrsDeWinter_2", "id": 399280808642760705}, {"text": "RT @MichaelAusiello: ... with an Honorable Mention to SLEEPY HOLLOW's @NikkiBeharie http://t.co/i6T0LshckU", "user": "sanna_o75", "id": 399269014943584256}, {"text": "RT @MichaelAusiello: ... with an Honorable Mention to SLEEPY HOLLOW's @NikkiBeharie http://t.co/i6T0LshckU", "user": "tin_nickel0", "id": 399257076532133888}, {"text": "RT @MichaelAusiello: .@TVLine's Performer of the Week: Allison\u00a0Janney http://t.co/i6T0LshckU @AllisonBJanney @SHO_Masters", "user": "ohjessiek", "id": 399246854249930752}, {"text": "RT @MichaelAusiello: .@TVLine's Performer of the Week: Allison\u00a0Janney http://t.co/i6T0LshckU @AllisonBJanney @SHO_Masters", "user": "SHO_PR", "id": 399246386816102400}, {"text": "@SleepyInNJ it was on masters of sex &amp; American Horror story. But I feel I don't need to see that stuff to get the intended effect", "user": "coll_mahoney", "id": 399246147749158912}, {"text": "RT @JoyofGab: Hey, if you're over 18 - this is an EXCELENT show! http://t.co/YlA1JCHAf6", "user": "aya_letty", "id": 399243606302916608}, {"text": "RT @MichaelAusiello: ... with an Honorable Mention to SLEEPY HOLLOW's @NikkiBeharie http://t.co/i6T0LshckU", "user": "phxfloaz", "id": 399230869484736512}, {"text": "@ObnoxiousDean @mich_h right now The Good wife, Scandal, masters of sex and ahs: coven are my faves(im watchin 6 times more than that btw:p)", "user": "joeyazzi", "id": 399229312131276800}, {"text": "RT @MichaelAusiello: .@TVLine's Performer of the Week: Allison\u00a0Janney http://t.co/i6T0LshckU @AllisonBJanney @SHO_Masters", "user": "DoddsAndy", "id": 399224241822126080}, {"text": "\"Masters of Sex\" Is Well Worth the Slow Build, writes Zach Kaufmann.  http://t.co/72ERdjx5Sj", "user": "MUGGER1955", "id": 399224111727005696}, {"text": "RT @MichaelAusiello: ... with an Honorable Mention to SLEEPY HOLLOW's @NikkiBeharie http://t.co/i6T0LshckU", "user": "celspi", "id": 399219740624683008}, {"text": "RT @MichaelAusiello: ... with an Honorable Mention to SLEEPY HOLLOW's @NikkiBeharie http://t.co/i6T0LshckU", "user": "SG_39", "id": 399219069015969792}, {"text": "RT @MichaelAusiello: .@TVLine's Performer of the Week: Allison\u00a0Janney http://t.co/i6T0LshckU @AllisonBJanney @SHO_Masters", "user": "Megabby", "id": 399218119803420673}, {"text": "RT @MichaelAusiello: .@TVLine's Performer of the Week: Allison\u00a0Janney http://t.co/i6T0LshckU @AllisonBJanney @SHO_Masters", "user": "formerlys", "id": 399214851618123776}, {"text": "RT @MichaelAusiello: .@TVLine's Performer of the Week: Allison\u00a0Janney http://t.co/i6T0LshckU @AllisonBJanney @SHO_Masters", "user": "pythiaprophet", "id": 399214317910130689}, {"text": "RT @MichaelAusiello: ... with an Honorable Mention to SLEEPY HOLLOW's @NikkiBeharie http://t.co/i6T0LshckU", "user": "box5angel", "id": 399212521883967489}, {"text": "RT @MichaelAusiello: ... with an Honorable Mention to SLEEPY HOLLOW's @NikkiBeharie http://t.co/i6T0LshckU", "user": "TomMisonFans", "id": 399212364794699776}, {"text": "RT @MichaelAusiello: ... with an Honorable Mention to SLEEPY HOLLOW's @NikkiBeharie http://t.co/i6T0LshckU", "user": "SA_SleepyHollow", "id": 399212032047992833}, {"text": "RT @MichaelAusiello: ... with an Honorable Mention to SLEEPY HOLLOW's @NikkiBeharie http://t.co/i6T0LshckU", "user": "pmiscove", "id": 399211478890201088}, {"text": "RT @MichaelAusiello: ... with an Honorable Mention to SLEEPY HOLLOW's @NikkiBeharie http://t.co/i6T0LshckU", "user": "asiannicensweet", "id": 399211085288333313}, {"text": "RT @MichaelAusiello: ... with an Honorable Mention to SLEEPY HOLLOW's @NikkiBeharie http://t.co/i6T0LshckU", "user": "senovriawan", "id": 399210639001808896}, {"text": "RT @MichaelAusiello: ... with an Honorable Mention to SLEEPY HOLLOW's @NikkiBeharie http://t.co/i6T0LshckU", "user": "pazurkiem", "id": 399210600691023872}, {"text": "RT @MichaelAusiello: .@TVLine's Performer of the Week: Allison\u00a0Janney http://t.co/i6T0LshckU @AllisonBJanney @SHO_Masters", "user": "senovriawan", "id": 399210548887175169}, {"text": "RT @MichaelAusiello: ... with an Honorable Mention to SLEEPY HOLLOW's @NikkiBeharie http://t.co/i6T0LshckU", "user": "Nikki528", "id": 399208904422621185}, {"text": "RT @MichaelAusiello: ... with an Honorable Mention to SLEEPY HOLLOW's @NikkiBeharie http://t.co/i6T0LshckU", "user": "SassyHollow", "id": 399208680710623232}, {"text": "RT @MichaelAusiello: ... with an Honorable Mention to SLEEPY HOLLOW's @NikkiBeharie http://t.co/i6T0LshckU", "user": "mimi4VA", "id": 399208168217403392}, {"text": "RT @MichaelAusiello: ... with an Honorable Mention to SLEEPY HOLLOW's @NikkiBeharie http://t.co/i6T0LshckU", "user": "Melapaloosa", "id": 399207902088413184}, {"text": "... with an Honorable Mention to SLEEPY HOLLOW's @NikkiBeharie http://t.co/i6T0LshckU", "user": "MichaelAusiello", "id": 399207736824455168}, {"text": "Yes!!! Totally agree with this. #mastersofsex @TVLine's Performer of the Week: Allison\u00a0Janney @AllisonBJanney http://t.co/QRkJKbTYJ1", "user": "Winkster822", "id": 399207533623398400}, {"text": "RT @MichaelAusiello: .@TVLine's Performer of the Week: Allison\u00a0Janney http://t.co/i6T0LshckU @AllisonBJanney @SHO_Masters", "user": "loud_and_clear", "id": 399207252454023168}, {"text": "RT @MichaelAusiello: .@TVLine's Performer of the Week: Allison\u00a0Janney http://t.co/i6T0LshckU @AllisonBJanney @SHO_Masters", "user": "ToraLiliedahl", "id": 399207049915273216}, {"text": ".@TVLine's Performer of the Week: Allison\u00a0Janney http://t.co/i6T0LshckU @AllisonBJanney @SHO_Masters", "user": "MichaelAusiello", "id": 399206831370665984}, {"text": "Louisa's Best New Comedy &amp; Drama of 2013: Brooklyn Nine-Nine #TinyTerryLovesHisPickles &amp; Masters of Sex #AllisonJanneyGetItGirl", "user": "HerronBird", "id": 399202208065265664}, {"text": "Why didn't I start watching masters of sex earlier?", "user": "strangercats", "id": 399200522735210498}, {"text": "@TyleKurner I love Liam Neeson as Kinsey. Masters of Sex is a good show.", "user": "jim_napier", "id": 399190412801626112}, {"text": "RT @jgboston: Performance of the week: Annaleigh Ashford in Masters of Sex", "user": "KieraIsWicked", "id": 399188159315333120}, {"text": "masters of sex or the world's end?", "user": "class_freak", "id": 399140581021999104}, {"text": "Performance of the week: Annaleigh Ashford in Masters of Sex", "user": "jgboston", "id": 399134642504499200}, {"text": "I rated Masters of Sex 7/10  #IMDb http://t.co/TMvYRMEvH7", "user": "ReneeWoodruff", "id": 399120902690193408}, {"text": "RT @NewYorker: Michelle Dean on the real Virginia Johnson and what @SHO_Masters overlooks: http://t.co/Ga2YiU7ST9", "user": "JuliaPopsavova", "id": 399077418113454080}, {"text": "TV Jukebox: \u2018How I Met Your Mother,\u2019 \u2018The Goldbergs,\u2019 \u2018Masters of Sex,\u2019 and more of this week\u2019s best music-on-... http://t.co/JS8FexXcVP", "user": "Frances__Allen", "id": 399038797427396608}, {"text": "Really glad the Masters of Sex rabbit hole is only 6 episodes deep, so far. #alreadyaddicted", "user": "buechlerchris", "id": 399034816446083072}, {"text": "Ugh!  Give me my tv so I can watch Masters of Sex in peace!", "user": "TonyTheTVGuy", "id": 399027467496615936}, {"text": "Michael Sheen is looking good in Masters Of Sex", "user": "KaylaHartigan", "id": 399023311474405376}, {"text": "Gonna catch up on Masters of Sex", "user": "frikaan_time", "id": 399018193064570880}, {"text": "Cosign RT @rachelarons: Really smart analysis of \"Masters of Sex\"'s simplistic sexual politics, by @michelledean http://t.co/2pCXPd51yg", "user": "JessicaWakeman", "id": 399016653822107648}, {"text": "RT @stoya: @thomasls I thought it was going to be \"Things I Learned From Watching Masters Of Sex\" or similar.", "user": "DalianyCarrero", "id": 399001990338191360}, {"text": "What \u201cMasters of Sex\u201d Overlooks http://t.co/WBBFYliifr", "user": "SBHudson108", "id": 398988179102912513}, {"text": "Love this show! Good read: \"What 'Masters of Sex' Overlooks\" @newyorker http://t.co/wtQArHFxM4", "user": "alisonsfraser", "id": 398983107736764416}, {"text": "RT @Merlange: Accidental Feminists: The Women Ruling 'Masters of Sex' - US News and World Report http://t.co/CAzro4pOvj via @usnews // #Mas\u2026", "user": "CybelNfotd", "id": 398974634336714752}, {"text": "Watching Masters of Sex eating Chex Mix... My Masters of Chex Mix joke would have killed if there was anyone here", "user": "TheMarkKnight", "id": 398969936326193152}, {"text": "Accidental Feminists: The Women Ruling 'Masters of Sex' - US News and World Report http://t.co/CAzro4pOvj via @usnews // #MastersOfSex", "user": "Merlange", "id": 398967909990408193}, {"text": "\"Masters of Sex\" is cables best new TV show. http://t.co/qoUoUvtPmQ", "user": "MUGGER1955", "id": 398964097212899329}, {"text": "New Yorker on Virginia.  Not sure I agree with everything, but Gini Johnson continues to fascinate.  http://t.co/WuKUHiNqGj #mastersofsex", "user": "ThomasMaierBook", "id": 398951107709247488}, {"text": "RT @MichaelAusiello: MASTERS OF SEX's Nicholas D'Agosto on Ethan's Ominous Start and His Big, 'Butt-Centric' Love\u00a0Scene http://t.co/Uai1DWF\u2026", "user": "DavidBentonLA", "id": 398935847166566401}, {"text": "RT @NewYorker: Michelle Dean on the real Virginia Johnson and what @SHO_Masters overlooks: http://t.co/Ga2YiU7ST9", "user": "_greypilgrim_", "id": 398933590769025024}, {"text": "MASTERS OF SEX's Nicholas D'Agosto on Ethan's Ominous Start and Big, 'Butt-Centric' Love Scene http://t.co/RdtoPbW1Yo via @MichaelAusiello", "user": "kimroots", "id": 398932373502296064}, {"text": "MASTERS OF SEX's Nicholas D'Agosto on Ethan's Ominous Start and His Big, 'Butt-Centric' Love\u00a0Scene http://t.co/Uai1DWFY4S", "user": "MichaelAusiello", "id": 398931596650115072}, {"text": "RT @NewYorker: Michelle Dean on the real Virginia Johnson and what @SHO_Masters overlooks: http://t.co/Ga2YiU7ST9", "user": "NewsdeskBOOKS", "id": 398930955383361537}, {"text": "RT @NewYorker: Michelle Dean on the real Virginia Johnson and what @SHO_Masters overlooks: http://t.co/Ga2YiU7ST9", "user": "TITOF44", "id": 398930659882061824}, {"text": "RT @NewYorker: Michelle Dean on the real Virginia Johnson and what @SHO_Masters overlooks: http://t.co/Ga2YiU7ST9", "user": "antonellaven", "id": 398928902464483328}, {"text": "RT @NewYorker: Michelle Dean on the real Virginia Johnson and what @SHO_Masters overlooks: http://t.co/Ga2YiU7ST9", "user": "MoonicaAbrego", "id": 398925520433192963}, {"text": "RT @NewYorker: Michelle Dean on the real Virginia Johnson and what @SHO_Masters overlooks: http://t.co/Ga2YiU7ST9", "user": "fourzip", "id": 398923581335154688}, {"text": ".@NewYorker helping me understand my own Masters of Sex ambivalence (even though I keep watching). http://t.co/DynQDih4rm", "user": "r0bwatson", "id": 398921596049440768}, {"text": "RT @NewYorker: Michelle Dean on the real Virginia Johnson and what @SHO_Masters overlooks: http://t.co/Ga2YiU7ST9", "user": "ShowYourLabel", "id": 398919632775434240}, {"text": "RT @NewYorker: Michelle Dean on the real Virginia Johnson and what @SHO_Masters overlooks: http://t.co/Ga2YiU7ST9", "user": "SoAmbitious_", "id": 398918827821387779}, {"text": "RT @NewYorker: Michelle Dean on the real Virginia Johnson and what @SHO_Masters overlooks: http://t.co/Ga2YiU7ST9", "user": "EwRmadrid", "id": 398918762440564737}, {"text": "RT @NewYorker: Michelle Dean on the real Virginia Johnson and what @SHO_Masters overlooks: http://t.co/Ga2YiU7ST9", "user": "AusNewsTweeter", "id": 398918601366712320}, {"text": "Michelle Dean on the real Virginia Johnson and what @SHO_Masters overlooks: http://t.co/Ga2YiU7ST9", "user": "NewYorker", "id": 398917996594225152}, {"text": "RT @JoyofGab: Hey, if you're over 18 - this is an EXCELENT show! http://t.co/YlA1JCHAf6", "user": "CastlesOldHaunt", "id": 398917989300322304}, {"text": "Hey, if you're over 18 - this is an EXCELENT show! http://t.co/YlA1JCHAf6", "user": "JoyofGab", "id": 398917953552265218}, {"text": "Illuminating piece: @michelledean contemplating the real 1950s life of #MastersofSex Virginia Johnson. http://t.co/RLtZxItEjv", "user": "DianeMehta", "id": 398914087905538048}, {"text": "\"Virginia Johnson did not live a life free of social cost.\" @michelledean on the too-shiny \"Masters of Sex.\" http://t.co/q8tsrcjLaJ", "user": "CultureDesk", "id": 398911723106615297}, {"text": "12 Sex Facts You Won't Learn From 'Masters of Sex' http://t.co/zhNpCqh1iL via @TIMEHealthland", "user": "jucapimo", "id": 398911124436840449}, {"text": "RT @michelledean: Here\u2019s me at the New Yorker, on the more complicated history behind Johnson, of Masters and Johnson. http://t.co/0UnSW0dH\u2026", "user": "billwasik", "id": 398908951732822016}, {"text": "RT @michelledean: Here\u2019s me at the New Yorker, on the more complicated history behind Johnson, of Masters and Johnson. http://t.co/0UnSW0dH\u2026", "user": "atotalmonet", "id": 398907911729987585}, {"text": "Here\u2019s me at the New Yorker, on the more complicated history behind Johnson, of Masters and Johnson. http://t.co/0UnSW0dHdX", "user": "michelledean", "id": 398907246572093440}, {"text": "Masters of Sex is my new show =P", "user": "gianellybean", "id": 398897297758879744}, {"text": "Photoset: cinelander: Masters of Sex\u00a0(1x06) - Brave New World http://t.co/xgKczxcgiI", "user": "Leftyguitarist6", "id": 398893340701495296}, {"text": "@CaitlinFitzG thanks again for speaking to me about \"Masters of Sex:\" http://t.co/eLMqBRwsaw", "user": "Tierney_Megan", "id": 398891916604895232}, {"text": ".@AshfordMichelle had some interesting things to say about the feminist subtext of \"Masters of Sex\" http://t.co/eLMqBRwsaw", "user": "Tierney_Megan", "id": 398891700220743681}, {"text": "@LizzyCaplanWeb you might find this interview I did with Lizzy Caplan and some oh her \"Master of Sex\" interesting http://t.co/eLMqBRwsaw", "user": "Tierney_Megan", "id": 398891494745980928}, {"text": "A great look into the show Masters of Sex, definitely worth a watch #MastersOfSexVG http://t.co/uOwLCRBQzu #AD", "user": "FreebiexAddict", "id": 398890546367700992}, {"text": "[My Take On TV] Rose McIver previews ONCE UPON A TIME and MASTERS OF SEX: Rose McIver is becoming a familiar f... http://t.co/BVMLEg2XA4", "user": "mytakeontv", "id": 398881656079003648}, {"text": "@televisionary @JarettSays Allison Janney will win for this week's Masters of Sex. (oops, spoiler alert!)", "user": "MichaelAusiello", "id": 398871275197566976}, {"text": "Not *that* much to catch up on after this week. Only: Masters of Sex, Hostages, S.H.I.E.L.D, Ravenswood, Crazy Ones, Glee and Cover Affairs.", "user": "shokoshik", "id": 398860301568733184}, {"text": "'Has anyone seen the show Masters of Sex? No? I recommend it.'- my psych professor", "user": "alicesmith13", "id": 398851294783635457}, {"text": "@rsackner5 I smoked half of it last night. ;) and then watched masters of sex with mom and dad", "user": "jennaglickman", "id": 398850702531100673}, {"text": "@CybelNfotd I've been hearing a lot about masters of sex. I can't wait to catch up on the dvds", "user": "ReelTalker", "id": 398829800540086273}, {"text": "My working title for this: \"A Case for Nipples: The Feminist Lessons of 'Masters of Sex'\" http://t.co/eLMqBRwsaw", "user": "Tierney_Megan", "id": 398823852555247616}, {"text": "I talked to \"Masters of Sex\" stars Lizzy Caplan, Caitlin Fitzgerald and showrunner Michelle Ashford http://t.co/eLMqBRwsaw", "user": "Tierney_Megan", "id": 398812145946595328}, {"text": "Accidental Feminists: The Women Ruling 'Masters of Sex' http://t.co/mJ0BiVmau9", "user": "USNewsWeekly", "id": 398794980329676802}, {"text": "Sick Beard: Download Finished: Masters of Sex - 1x06 - Brave New World", "user": "usenetdownloads", "id": 398727558306738176}, {"text": "Sick Beard: Started Download: Masters of Sex - 1x06 - Brave New World", "user": "usenetdownloads", "id": 398724372103712768}, {"text": "@Roewoof LOL well to some it is.  Speaking of which have you seen any of \"Masters of Sex\" on Showtime?  It is really interesting.", "user": "GaryE20904", "id": 398698810680958976}, {"text": "well geez, Masters of Sex, way to rip my heart out", "user": "meganomalous", "id": 398668539709505536}, {"text": "New look into Showtime's 'Masters of Sex' #MastersofSexVG http://t.co/dsiNbRi4Xt", "user": "ToBePaidOnline", "id": 398662023208120320}, {"text": "On our 4th consecutive episode of Masters of Sex..", "user": "Demandora", "id": 398658519660244992}, {"text": "New TV shows I wanna try: The Returned, Masters of Sex, Brooklyn 9-9, Seduce &amp; Abandon, The AfricanAmericans, Burton &amp; Taylor, Birthday Boys", "user": "Treasure_MA", "id": 398650240024064002}, {"text": "Is masters of sex worth checking out???#show #showTime", "user": "Aneta76", "id": 398647933694115840}, {"text": "Inside Book: Read \u201cMasters of Sex\u201d for more about Masters and Johnson\u2019s world.  #mastersofsex http://t.co/eblsoqJAXP http://t.co/3Gdv2y7RGQ", "user": "ThomasMaierBook", "id": 398644206937178112}, {"text": "only cried like three times during Masters of Sex so it's great to know i'm still human or whatever", "user": "nosexcity", "id": 398639305905557504}, {"text": "New look into Showtime's 'Masters of Sex' #MastersofSexVG http://t.co/XxXnHnVUmn", "user": "ShariDunn24", "id": 398637002016317440}, {"text": "@Bad_Fluffy Saddddd!! You are making me want to start watching Masters of Sex.", "user": "Kiki1788", "id": 398627754301607936}, {"text": "Watching Masters of Sex", "user": "ImSydny", "id": 398623888214859776}, {"text": "masters of sex is a great television show.", "user": "maddie__l", "id": 398621092363132928}, {"text": "Masters of Sex is getting real. Watch it.", "user": "tbone3689", "id": 398615823197417472}, {"text": "Drawing people on the toilet while watching Masters of Sex is a good combo right", "user": "thenoirguy", "id": 398614940472188928}, {"text": "@r0bwatson SHOWGIRLS! (I gave up on MASTERS OF SEX)", "user": "theJKreview", "id": 398612563157860352}, {"text": "@theJKreview Masters of Sex?", "user": "r0bwatson", "id": 398611457103114240}, {"text": "RT @JoyofGab: Watch or Not: Showtime's Masters of Sex. Is it Porn...or Brilliant? http://t.co/bMbnax8UCg", "user": "JD_Angelo", "id": 398609804845142016}, {"text": "RT @JoyofGab: Watch or Not: Showtime's Masters of Sex. Is it Porn...or Brilliant? http://t.co/bMbnax8UCg", "user": "CastlesOldHaunt", "id": 398609804845125632}, {"text": "Watch or Not: Showtime's Masters of Sex. Is it Porn...or Brilliant? http://t.co/bMbnax8UCg", "user": "JoyofGab", "id": 398609766278529024}, {"text": "A great look into the show Masters of Sex, definitely worth a watch #MastersOfSexVG http://t.co/yPmlhagjEC #AD", "user": "SarahsBlogOfFun", "id": 398607334592638976}, {"text": "One of my favorite actresses of all time, @AllisonBJanney, is absolutely, positively amazing as Margaret Scully in Masters of Sex. #ThankYou", "user": "AnthonyJClark", "id": 398590518176661504}, {"text": "A great look into the show Masters of Sex, definitely worth a watch #MastersOfSexVG http://t.co/gWjC8BcMap #AD", "user": "terrishutterbug", "id": 398575546033922049}, {"text": "RT @peter_sykes: Checking out TV drama series \"Masters of Sex\". More great pictures from #CineAlta #F65", "user": "SonyProUSA", "id": 398546169280077824}, {"text": "Video: \"A Girls First Time\" / Clip from \"Masters Of Sex\".. Men feel like this.. sorry but true.. Kay K... http://t.co/HI4b0s6bVl", "user": "KaRon180", "id": 398538636733722624}, {"text": "RT @stoya: Esquire had me write a thing about Masters Of Sex http://t.co/xnf6X2eeIX", "user": "KaliHowells", "id": 398519293043671040}, {"text": "A great look into the show Masters of Sex, definitely worth a watch #MastersOfSexVG http://t.co/udxk0pKqTW #AD", "user": "raindazed", "id": 398506721422737408}, {"text": "@kaze_neko also check out Masters of Sex! Fantastic! O:-)", "user": "AlinaSpinky", "id": 398505811556962304}, {"text": "Masters of Sex Lizzie Caplan http://t.co/9PS3Wv6oXR #MastersOfSex #LizzieCaplan #Showtime'sMastersOfSex #VirginiaJohnson #MichaelSheen", "user": "Agent63Vintage", "id": 398501301874483200}, {"text": "Auto-Tweet: Masters of Sex Race to Space --&gt; http://t.co/oAvubMHv17", "user": "tiredboredblog", "id": 398499672207028224}, {"text": "New favorite show....Masters of Sex! So good.", "user": "DanieChelena", "id": 398477265224622080}, {"text": "RT @stoya: Esquire had me write a thing about Masters Of Sex http://t.co/xnf6X2eeIX", "user": "oh_pies", "id": 398424553111556096}, {"text": "Showtime\u2019s Masters of Sex is finally going beyond sex ed: http://t.co/oHOpGgPZUb", "user": "vulture", "id": 398422231325626368}, {"text": "there's nothing more liberating than watching an episode of masters of sex", "user": "class_freak", "id": 398420874807623680}, {"text": "A great look into the show Masters of Sex, definitely worth a watch #MastersOfSexVG http://t.co/PbyIATRthS #AD", "user": "FortuitousWife", "id": 398415743403843584}, {"text": "RT @vulture: Showtime\u2019s Masters of Sex is finally going beyond sex ed: http://t.co/oHOpGgPZUb", "user": "swirlOsquirrel", "id": 398352644495798272}, {"text": "Any woman who had said that you \"belong in the wrong era\" referring to the 60's, watch Masters of Sex and thank god it's 2013", "user": "melholler", "id": 398326074851205120}, {"text": "Ok Masters of Sex is really good and Lizzy Caplan is perfect.", "user": "melholler", "id": 398324240866607104}, {"text": "Vulture has a cool essay on #mastersofsex. The Allison Janney character was what hooked me into the show too. http://t.co/08Ek9bTUGT", "user": "RobCaravaggio1", "id": 398316208371412992}, {"text": "@melaniemayron52 I saw 2.5 of Masters of Sex but I gotta say I love their logo for the show title. :) I also gotta start Breaking Bad haha", "user": "krystalsalem", "id": 398313314918232064}, {"text": "Is it weird that I watch American horror story, Homeland &amp; Masters of sex back to back to back when it's on?.... Don't judge me lol", "user": "Ivy_S1mon", "id": 398306741861224448}, {"text": "Great performance in Sunday's MASTERS OF SEX by @AllisonBJanney. So good!!", "user": "mytakeontv", "id": 398298849682681856}, {"text": "Masters of Sex = awesome show.", "user": "AbigailRea", "id": 398287432371953664}, {"text": "Talking THE GOLDBERGS with @wendimclendonco and OUAT/MASTERS OF SEX with @imrosemciver tomorrow!! Send questions!", "user": "mytakeontv", "id": 398286572162146304}, {"text": "A great look into the show Masters of Sex, definitely worth a watch #MastersOfSexVG http://t.co/BYon1AcC95 #AD", "user": "sweetheart4171", "id": 398271485820678144}, {"text": "Have you been watching 'Masters of Sex'? Great show,very interesting,well acted,good story,science and tits.", "user": "colin_christian", "id": 398261858748346368}, {"text": "Masters of Sex is my shit", "user": "JinMariee", "id": 398246473743495168}, {"text": "Can someone plz tell me how i watch masters of sex online! Need to see masters and virginia finally DI", "user": "marryy_anne", "id": 398243103456649216}, {"text": "@Josey_Watts :p did you watch masters of sex the other day??", "user": "craigablett2988", "id": 398242757279776768}, {"text": "A great look into the show Masters of Sex, definitely worth a watch #MastersOfSexVG http://t.co/wVbNIEBa9O #AD", "user": "Lara_McKusky", "id": 398236755628797952}, {"text": "RT @jmz1980: A great look into the show Masters of Sex, definitely worth a watch #MastersOfSexVG http://t.co/6nU7MKB2Bz #AD", "user": "Kenyawright77", "id": 398212281030303745}, {"text": "@AllisonBJanney You were incredible on \"Masters of Sex\" this past week - Emmy-worthy! Looking forward to seeing how the story plays out.", "user": "JulieSax", "id": 398207637575065600}, {"text": "A great look into the show Masters of Sex, definitely worth a watch #MastersOfSexVG http://t.co/tKAogWzber #AD", "user": "stephrufa", "id": 398185812744884224}, {"text": "When's Masters of Sex on TV? I watched it once and completely forgot about it :(", "user": "Gothisitus", "id": 398185557731586048}, {"text": "When is Masters Of Sex on? I watched it once and forgot all about it :(", "user": "Gothisitus", "id": 398184842674044929}, {"text": "A great look into the show Masters of Sex, definitely worth a watch #MastersOfSexVG http://t.co/4nGKSt75c5 #AD", "user": "Blogmytv", "id": 398179775216242690}, {"text": "Masters of sex is my new favorite show", "user": "jenniferlhealy", "id": 398162451663163392}, {"text": "I wish I knew someone who watched Masters of Sex on showtime. It's starting to get good and I have no one to talk to about it!", "user": "KingAged_5", "id": 398150591236816896}, {"text": "RT @admorobo: If you're not watching \"Masters of Sex\", you're missing out on the best new show of the season. Michael Sheen/Lizzy Caplan ar\u2026", "user": "TangerineTanns", "id": 398149491284406274}, {"text": "If you're not watching \"Masters of Sex\", you're missing out on the best new show of the season. Michael Sheen/Lizzy Caplan are killing it.", "user": "admorobo", "id": 398144370718699520}, {"text": "@andygreenwald I feel like you're not giving enough credit where it is due: Boardwalk, Orphan Black, Les Revenants, Masters of Sex, etc.", "user": "admorobo", "id": 398143959026765824}, {"text": "Masters of Sex keeps getting better. I'm glad people are noticing. http://t.co/KpBJTFgAO4", "user": "SamanthaRollins", "id": 398142151831592960}, {"text": "RT @vulture: Showtime\u2019s Masters of Sex is finally going beyond sex ed: http://t.co/oHOpGgPZUb", "user": "Stefy_666", "id": 398139554248810496}, {"text": "Shed a wee tear there at masters of sex. Proper sad wasn't quite ready! \ud83d\ude25", "user": "himynameisjanna", "id": 398139463366619136}, {"text": "Showtime\u2019s Masters of Sex is finally going beyond sex ed: http://t.co/oHOpGgPZUb", "user": "vulture", "id": 398137959301783552}, {"text": "A great look into the show Masters of Sex, definitely worth a watch #MastersOfSexVG http://t.co/llfDlYBksV #AD", "user": "thespringmount6", "id": 398127269970845696}, {"text": "I AM OBSESSED WITH MASTERS OF SEX!!!!!! SHOWTIME IS KILLING IT", "user": "jennaglickman", "id": 398124337666215936}, {"text": "RT @melsil: Just want to say if you are not watching Masters of Sex on Showtime you are missing one of the best shows EVER.", "user": "CoyeLeRocke", "id": 398110091465220098}, {"text": "A great look into the show Masters of Sex, definitely worth a watch #MastersOfSexVG http://t.co/qkRMzJFUh9 #AD", "user": "patricec", "id": 398109924237922304}, {"text": "Just want to say if you are not watching Masters of Sex on Showtime you are missing one of the best shows EVER.", "user": "melsil", "id": 398109769636249600}, {"text": "A great look into the show Masters of Sex, definitely worth a watch #MastersOfSexVG http://t.co/4pmN1X2XWA #AD", "user": "haveuheard1", "id": 398098549495193600}, {"text": "Just watched last night's episode of Masters of Sex - SO GOOD!", "user": "brightongirlx", "id": 398098263322013696}, {"text": "A great look into the show Masters of Sex, definitely worth a watch #MastersOfSexVG http://t.co/3bLI818PS8 #AD", "user": "bbproductreview", "id": 398097775176323072}, {"text": "A great look into the show Masters of Sex, definitely worth a watch #MastersOfSexVG http://t.co/6nU7MKB2Bz #AD", "user": "jmz1980", "id": 398096413919154176}, {"text": "Masters Of Sex Recap: Brave Sexy Sad New World - http://t.co/ujamIPFyrW", "user": "Wonkette", "id": 398090304311808000}, {"text": "Now on guys.girl:  The Walking Dead, The Millers, Masters of Sex http://t.co/vDQCS3WFVn", "user": "RobLazlo", "id": 398066720465645569}, {"text": "RT @llamasaywhat: \"Masters of sex\" is on channel 4. I never knew we were on tv??? @RobynMotherwell @xnaomigrievex @_katiegold_xo", "user": "xnaomigrievex", "id": 398054845846142976}, {"text": "RT @melsil: Best line from this weeks masters of sex - my clitoris beat my vagina how crazy? This show rocks.", "user": "TheJimeister", "id": 398017137002151936}, {"text": "Wow, Masters Of Sex is just SO well written", "user": "ThoseBackPages", "id": 397999550985539584}, {"text": "catching up on masters of sex at this hour makes me wonder if my neighbor thinks i'm having sex or watching a porno", "user": "dia_saldana", "id": 397993837685403648}, {"text": "I'm watching Masters of Sex (54 others are watching) http://t.co/NdojoYkiu6 #GetGlue @sho_masters", "user": "WitchyScribe", "id": 397992614919954432}, {"text": "RT @abigailwrites: Masters of Sex http://t.co/AHHcwzIJV0", "user": "mosdefaqueen", "id": 397953102919114752}, {"text": "Masters of Sex http://t.co/AHHcwzIJV0", "user": "abigailwrites", "id": 397952164070313984}, {"text": "@maewhitwoman Mae was on an ep of masters of sex and I thought of u", "user": "leaR0SE", "id": 397946414963376128}, {"text": "RT @stoya: Esquire had me write a thing about Masters Of Sex http://t.co/xnf6X2eeIX", "user": "Perspicacious01", "id": 397942510804156416}, {"text": "Nps con Masters of Sex, verga. THAT ESCALATED TO F*CKING QUICKLY", "user": "RLincourt", "id": 397940052925243392}, {"text": "RT @JAMNPP: Watching Masters of Sex makes me want a world where Lizzy Caplan + Nicholas D'Agosto are Lois Lane +Clark Kent in a period Supe\u2026", "user": "jdjudge", "id": 397933576609484801}, {"text": "@iam_REBEL masters of sex this shit is depressing lmao", "user": "prettyrae_", "id": 397933331675090944}, {"text": "Watching Masters of Sex makes me want a world where Lizzy Caplan + Nicholas D'Agosto are Lois Lane +Clark Kent in a period Superman movie.", "user": "JAMNPP", "id": 397931901215727616}, {"text": "Not to mention, some of the photography in Masters Of Sex is exceptional. Really beautiful composition all over the place.", "user": "markb", "id": 397919918521585664}, {"text": "Masters Of Sex is rocketing to the top of the list of my favorite shows on television. Beautiful characters &amp; development, compelling plot.", "user": "markb", "id": 397919809448722432}, {"text": "Watched Masters of Sex (1-6)  \"Brave New World\" #tvshowfavs", "user": "AitchEn3", "id": 397915440959488000}, {"text": "RT @falsebinary: Best new fall shows (sorta): 1) BROOKLYN NINE-NINE / 2) MASTERS OF SEX / 3) THE STARTERS / 4) TROPHY WIFE / 5) BELLE DE JO\u2026", "user": "nickminichino", "id": 397911557327577089}, {"text": "Best new fall shows (sorta): 1) BROOKLYN NINE-NINE / 2) MASTERS OF SEX / 3) THE STARTERS / 4) TROPHY WIFE / 5) BELLE DE JOUR Blu-Ray menu", "user": "falsebinary", "id": 397911326829596672}, {"text": "Masters of Sex is weird but captivating just like Mad Men.", "user": "RLWhore", "id": 397899545587093504}, {"text": "Masters Of Sex is one of the best new tv shows!", "user": "sinthesaintdmv", "id": 397895573061120000}, {"text": "The Mounting Pleasure of 'Masters of Sex' http://t.co/Vs39iSLxPD\n#mastersofsex\nhttp://t.co/ZRbu9DDHZW", "user": "ThomasMaierBook", "id": 397891802348265473}, {"text": "Masters of Sex was just too sad tonight. Michael Sheen just shouldn't cry :(", "user": "Jenena_M", "id": 397878337349369856}, {"text": "Masters of Sex: the best sex on television http://t.co/zqlEfCWSPf", "user": "chari3ma", "id": 397877822670118912}, {"text": "Best line from this weeks masters of sex - my clitoris beat my vagina how crazy? This show rocks.", "user": "melsil", "id": 397877343458709504}, {"text": "I can't believe how much masters of sex the tv program is different to the book. Such a let down", "user": "KatieCoveney", "id": 397859835691433984}, {"text": "@DarrenCriss curious... u seen Beau Bridges in Masters of Sex..it's phenomenal. His character is.awesome. just wanted 2 know if u caught it", "user": "Lvsammy", "id": 397859002316779520}, {"text": "Just turned on \"Masters of Sex\" (pardon the pun) what the hell is this?!", "user": "gateauxprincess", "id": 397853886398349312}, {"text": "Haha watching masters of sex, and my mum and dad are sat on the sofa with me. This is awkward!", "user": "ellacheetham30", "id": 397852589846708224}, {"text": "Earn EXTRA MONEY? Register at http://t.co/vMJ1BNCHpU   \n\nNew look into Showtime's 'Masters of Sex' #MastersofSexVG http://t.co/dsiNbRi4Xt", "user": "ToBePaidOnline", "id": 397851539387060224}, {"text": "RT @llamasaywhat: \"Masters of sex\" is on channel 4. I never knew we were on tv??? @RobynMotherwell @xnaomigrievex @_katiegold_xo", "user": "RobynMotherwell", "id": 397847970588405760}, {"text": "RT @llamasaywhat: \"Masters of sex\" is on channel 4. I never knew we were on tv??? @RobynMotherwell @xnaomigrievex @_katiegold_xo", "user": "_katiegold_xo", "id": 397847659966627841}, {"text": "\"Masters of sex\" is on channel 4. I never knew we were on tv??? @RobynMotherwell @xnaomigrievex @_katiegold_xo", "user": "llamasaywhat", "id": 397847609215569921}, {"text": "Love the series Masters Of Sex....", "user": "AJAnfield", "id": 397847252225765376}, {"text": "I've missed loads of masters of sex", "user": "lazybird_", "id": 397847194461798400}, {"text": "Hm, attack the block or masters of sex..?", "user": "jomeoandruliet", "id": 397846682437951488}, {"text": "Was gunna go sleep but there's something called \"masters of sex\" on channel 4 #coulddowiththehelp", "user": "ColU4Ever", "id": 397846073903173632}, {"text": "Getting ready for masters of sex #begin", "user": "TomFoy89", "id": 397844328842010624}, {"text": "@margeincharge keeping up with 2 Sunday night shows... #AintNobodyGotTimeForThat Masters of Sex is just TOO good.", "user": "ReviewsSmart", "id": 397839404443521024}, {"text": "I highly recommend watching Masters of Sex. This week's episode was the best yet, and it keeps getting better! #showtime", "user": "wendyleiser", "id": 397831474193657856}, {"text": "Allison Janney was awesome on Masters of Sex this week. Her hookup with Langham was probably an unlikely plot, but made me happy for her.", "user": "MaryC3", "id": 397826696176340992}, {"text": "Never felt so bad for women in the 1950's until I watched this show.... Got showtime? Watch Masters of Sex! @SHO_Masters", "user": "JuliaRGolden", "id": 397795612449845248}, {"text": "@michaelsheen I am completely hooked on Masters Of Sex!  Your American accent is impressive!", "user": "maryhhunt", "id": 397792458115149825}, {"text": "RT @stoya: Esquire had me write a thing about Masters Of Sex http://t.co/xnf6X2eeIX", "user": "warkcat", "id": 397791337267093505}, {"text": "A great look into the show Masters of Sex, definitely worth a watch #MastersOfSexVG http://t.co/yPmlhagjEC #AD", "user": "SarahsBlogOfFun", "id": 397785761832923136}, {"text": "Inspiration, Rocky, and Masters of Sex(my new fave)references abound @Risabg CD Risa Bramon Garcia in @Backstage http://t.co/dq67C3BOmB", "user": "jeffreyCwolf", "id": 397779219465654272}, {"text": "@QueenSCB definitely masters of sex and scandal!", "user": "beckyysaysmeow", "id": 397779141434413056}, {"text": "Catching up on Masters of Sex, damn this show is good.", "user": "FriendlessMean", "id": 397774041806696448}, {"text": "Masters of Sex is my new fav show breh", "user": "ItsMARINAtion", "id": 397770582525505536}, {"text": "MASTERS OF SEX 1.06 \u2018Brave New World\u2019: Libby strikes out on her own in Miami while Bill takes Virginia off des... http://t.co/XpIr1KkQvy", "user": "RVRnyc", "id": 397767483106406400}, {"text": "watching this week's dwts and himym and then last week's masters of sex turns out to be a bad mix of things. i'm really sad now, geez", "user": "bohemu", "id": 397766233820786688}, {"text": "@joereid I'm sorry, this gif was featured on a certain website I think you're familiar with: http://t.co/oJX5FAtrZq", "user": "kateyrich", "id": 397756930233761792}, {"text": "\"Joe should watch 'Masters of Sex,' but I don't think I'll tell him Finn Wittrock and Yolo from 'Justified' get it on in ep 3.\" -- Y'ALL", "user": "joereid", "id": 397756360625889280}, {"text": "Is anyone else swooning over the 1950's costuming in Masters of Sex?! TDF! http://t.co/6fnGcGdxAZ", "user": "ManhattanHippy", "id": 397746811739193345}, {"text": "RT @stoya: Esquire had me write a thing about Masters Of Sex http://t.co/xnf6X2eeIX", "user": "inception2night", "id": 397729476395536385}, {"text": "Today on http://t.co/DZN8zOJNIa The perfect winter coat by @ZARA, Check Suits on the Red Carpet, &amp; Pat Boone's hit song from Masters of Sex.", "user": "brettfahlgren", "id": 397720623712989184}, {"text": "Watched Mom. how amazing is @AllisonBJanney, after her awesome performance in Masters of Sex, then this. Is there anything she can't do?", "user": "PhillyH821", "id": 397690223393783808}, {"text": "I've just watched episode S01E04 of Masters of Sex on #tvshowtime ! http://t.co/UFr1XiYlqH", "user": "jsehdez", "id": 397688899293949952}, {"text": "I'm watching Masters of Sex (153 others are watching) http://t.co/7GeBqhf8ga #GetGlue @sho_masters", "user": "philip07304", "id": 397616285582102528}, {"text": "I can't stess enough how fucking well done masters of sex is..anything with the history of medicine intrigues me", "user": "RDavenport727", "id": 397608857792684032}, {"text": "I couldn't agree more...it's getting so good. The Mounting Pleasure of 'Masters of Sex' http://t.co/5lo61vqUsK", "user": "TimmyBTweeting", "id": 397606991478018048}, {"text": "Oh and masters of sex is a very interesting show, well done showtime", "user": "RDavenport727", "id": 397594605652566016}, {"text": "My god, @AllisonBJanney in last night's Masters of Sex. And I thought it couldn't get better than CJ. Spectacular.", "user": "hannah_er", "id": 397588389198712833}, {"text": "I'm watching Masters of Sex (324 others are watching) http://t.co/LGaDWWwMzD #GetGlue @sho_masters", "user": "luvskaos", "id": 397581648138870786}, {"text": "\"My clitoris beat my vagina? That's crazy.\" Haha ahh I love Masters of Sex @SHO_Masters", "user": "Linserlou1", "id": 397575563738898432}, {"text": "Guys, fourth episode of Masters of Sex is really good. Watch this show so that in eight years Bill and Ginny can become lumberjacks.", "user": "jwadlington", "id": 397574859351674880}, {"text": "Holy Allison Janney. Killing the broad comedy on Moms, breaking my heart on Masters of Sex, all in the same week. Beyond. Legend.", "user": "sblackdelia", "id": 397565551469690880}, {"text": "I'm watching Masters of Sex (370 others are watching) http://t.co/NdojoYkiu6 #GetGlue @sho_masters", "user": "WitchyScribe", "id": 397562052761640961}, {"text": "\"My clitoris beat my vagina!\" File under: Reasons you should be watching Masters Of Sex.", "user": "ChristineyBeany", "id": 397556893276987393}, {"text": "Masters of Sex has to be one of THE dumbest shows. #SorryNotSorry #WhatHasThisWorldComeTo", "user": "NicoleGats", "id": 397556888407400448}, {"text": "BTW, the great cable series started with The Sopranos and The Wire awhile back, and they just keep on coming, i.e, Homeland, Masters of Sex.", "user": "MaryC3", "id": 397551277367762944}, {"text": "Turns on Masters of Sex...", "user": "TylerJRollinson", "id": 397546552665071616}, {"text": "Masters of Sex keeps getting better and better. This is Lizzy Caplan's best role yet!", "user": "Mooretheatrical", "id": 397545660549197824}, {"text": "Masters of Sex \ud83d\ude4a\ud83d\ude4a\ud83d\ude4a", "user": "_glamtam", "id": 397542331106476032}, {"text": "Um, Masters of Sex is really good", "user": "KatelynNeff", "id": 397538249327263744}, {"text": "Masters of Sex \n\nBai \ud83d\udc4b", "user": "hautenights", "id": 397533410572644353}, {"text": "RT @sepinwall: Allison Janney walks off with perhaps the best \"Masters of Sex\" episode yet. My review http://t.co/9YxYXvuQlI", "user": "joelewisgod", "id": 397531970970079232}, {"text": "Need to start watching the Rte2 series Masters of Sex! Sounds like a brilliant show", "user": "noonsie19", "id": 397530071155875840}, {"text": "RT @stoya: Esquire had me write a thing about Masters Of Sex http://t.co/xnf6X2eeIX", "user": "kasraghanbari", "id": 397529856499810304}, {"text": "@AllisonBJanney You were incredible on last night's \"Masters of Sex.\" Heart wrenching, amazing performance. Thank you.", "user": "LauraVogel", "id": 397526101339414530}, {"text": "Masters of Sex", "user": "C_Brisc", "id": 397525401645617152}, {"text": "RT @stoya: Esquire had me write a thing about Masters Of Sex http://t.co/xnf6X2eeIX", "user": "44FLOOD", "id": 397520955150696448}, {"text": "@corydlutz Masters Of Sex is a TV show", "user": "ThoseBackPages", "id": 397517023040655360}, {"text": "RT @sternbergh: Great new Riff by @Carina_Chocano on MASTERS OF SEX: How a smart show can tackle sex when every show is tackling sex: http:\u2026", "user": "sarahburnes", "id": 397503214888955904}, {"text": "@tweetsintheME @intelwire @rejectionking Anyone else digging Masters of Sex. I'm loving it, but not seeing any buzz about it.", "user": "alb202", "id": 397502782590033921}, {"text": "Masters of Sex is such a great show. @SHO_Network", "user": "AtlanticAloha", "id": 397498608271892482}, {"text": "Catching up on Masters of Sex! #showtimeseries", "user": "frankpasquino", "id": 397493157375795200}, {"text": "MASTERS OF SEX has made The Leap. Allison Janney! It's as if she's too busy to turn down roles.", "user": "AndrewBank", "id": 397492929528213504}, {"text": "Masters of Sex Recap: Pop Goes the Weasel http://t.co/3Tt4TykRar", "user": "SalenaAR", "id": 397486652526174208}, {"text": "RT @stoya: Esquire had me write a thing about Masters Of Sex http://t.co/xnf6X2eeIX", "user": "rebeccacurrence", "id": 397483817361244161}, {"text": "Is Masters of Sex worth watching? I made it through half the first episode, but got bored. Should I pick it up again?", "user": "laurendavidson", "id": 397483375595753472}, {"text": "Funny but accurate RT @stoya: Esquire had me write a thing about Masters Of Sex http://t.co/QlFl3XHp3Z", "user": "Shervyn", "id": 397483023035551745}, {"text": "Can't wait to go home and watch walking dead and masters of sex", "user": "Judah_Jake", "id": 397480133512429569}, {"text": "sooooo anyone watching masters of sex?", "user": "forgotaboutkati", "id": 397474228523773953}, {"text": "RT @stoya: Esquire had me write a thing about Masters Of Sex http://t.co/xnf6X2eeIX", "user": "mooiman01", "id": 397474000328458240}, {"text": "@thomasls I thought it was going to be \"Things I Learned From Watching Masters Of Sex\" or similar.", "user": "stoya", "id": 397473053233250304}, {"text": "Masters of sex is the best fucking show", "user": "AlyssaMHamilton", "id": 397472650093936642}, {"text": "RT @MisterRorke: @AllisonBJanney You are so amazing on Masters of Sex. Your best work. Truly.", "user": "IMPRbiz", "id": 397471393794621440}, {"text": "RT @MarcSnetiker: Is it too early to ship fall TV couples? Cause Allison Janney on MOM and Allison Janney on MASTERS OF SEX would be great \u2026", "user": "Kellybean0415", "id": 397471167763992576}, {"text": "RT @stoya: Esquire had me write a thing about Masters Of Sex http://t.co/xnf6X2eeIX", "user": "mikeryan009", "id": 397471027095015424}, {"text": "RT @joetranch: Masters of Sex - Recap &amp; Review: You Will Have to Consult the Poets: http://t.co/l4tsZf0zVR #MastersOfSex @TeddySears @Caitl\u2026", "user": "JoeRitesSoGood", "id": 397470568041443328}, {"text": "\"Masters of Sex\" has gotten really good http://t.co/J3y6eymwvl", "user": "TheAtlanticWire", "id": 397469733865263104}, {"text": "RT @MarcSnetiker: Is it too early to ship fall TV couples? Cause Allison Janney on MOM and Allison Janney on MASTERS OF SEX would be great \u2026", "user": "jmkarmstrong", "id": 397467472573775872}, {"text": "Is it too early to ship fall TV couples? Cause Allison Janney on MOM and Allison Janney on MASTERS OF SEX would be great together", "user": "MarcSnetiker", "id": 397467281577349121}, {"text": "RT @stoya: Esquire had me write a thing about Masters Of Sex http://t.co/xnf6X2eeIX", "user": "BocanegraRaul", "id": 397463627223302144}, {"text": "RT @stoya: Esquire had me write a thing about Masters Of Sex http://t.co/xnf6X2eeIX", "user": "chaotic_moe", "id": 397461769050148864}, {"text": "RT @stoya: Esquire had me write a thing about Masters Of Sex http://t.co/xnf6X2eeIX", "user": "AGodNotTHEGod", "id": 397460601787928576}, {"text": "RT @stoya: Esquire had me write a thing about Masters Of Sex http://t.co/xnf6X2eeIX", "user": "ch4pp", "id": 397460359508131840}, {"text": "RT @stoya: Esquire had me write a thing about Masters Of Sex http://t.co/xnf6X2eeIX", "user": "chickdelalynch", "id": 397460190728945664}, {"text": "RT @stoya: Esquire had me write a thing about Masters Of Sex http://t.co/xnf6X2eeIX", "user": "EwaSR", "id": 397459983732047873}, {"text": "RT @stoya: Esquire had me write a thing about Masters Of Sex http://t.co/xnf6X2eeIX", "user": "Bosss_Benjarong", "id": 397459535587069954}, {"text": "RT @stoya: Esquire had me write a thing about Masters Of Sex http://t.co/xnf6X2eeIX", "user": "pearwaldorf", "id": 397459518495277056}, {"text": "RT @stoya: Esquire had me write a thing about Masters Of Sex http://t.co/xnf6X2eeIX", "user": "aWhiteSunset", "id": 397459140177829889}, {"text": "RT @stoya: Esquire had me write a thing about Masters Of Sex http://t.co/xnf6X2eeIX", "user": "MichelBrunet16", "id": 397459004487909376}, {"text": "RT @stoya: Esquire had me write a thing about Masters Of Sex http://t.co/xnf6X2eeIX", "user": "Israel_Rodguez", "id": 397458044311068672}, {"text": "RT @stoya: Esquire had me write a thing about Masters Of Sex http://t.co/xnf6X2eeIX", "user": "oliversmith36", "id": 397457863716929536}, {"text": "RT @stoya: Esquire had me write a thing about Masters Of Sex http://t.co/xnf6X2eeIX", "user": "lil_jun03", "id": 397457473785065473}, {"text": "RT @stoya: Esquire had me write a thing about Masters Of Sex http://t.co/xnf6X2eeIX", "user": "QuimMonzo", "id": 397457469523632128}, {"text": "RT @stoya: Esquire had me write a thing about Masters Of Sex http://t.co/xnf6X2eeIX", "user": "denissevenhill", "id": 397456656176787456}, {"text": "RT @stoya: Esquire had me write a thing about Masters Of Sex http://t.co/xnf6X2eeIX", "user": "EmeMarket", "id": 397456650711601152}, {"text": "Esquire had me write a thing about Masters Of Sex http://t.co/xnf6X2eeIX", "user": "stoya", "id": 397456404815945728}, {"text": "@michaelsheen Loving you in Masters of Sex; it's great drama and you play the part to perfection. x", "user": "kimjones62", "id": 397453304911130625}, {"text": "PSA: Watch Masters of Sex. You're welcome.", "user": "JackietheJAP", "id": 397448480589103104}, {"text": "Sick Beard: Download Finished: Masters of Sex - 1x04 - Thank You for Coming", "user": "usenetdownloads", "id": 397436276577927168}, {"text": "Sick Beard: Download Finished: Masters of Sex - 1x05 - Catherine", "user": "usenetdownloads", "id": 397435463734398976}, {"text": "I'm watching Masters of Sex (245 others are watching) http://t.co/UQ0ueLuqC7 #GetGlue @sho_masters", "user": "greeneyes3855", "id": 397434237735174144}, {"text": "I'm watching Masters of Sex (245 others are watching) http://t.co/liycS8eBQA #GetGlue @sho_masters", "user": "mmbar42", "id": 397434159901458432}, {"text": "Sick Beard: Started Download: Masters of Sex - 1x04 - Thank You for Coming", "user": "usenetdownloads", "id": 397431206977208320}, {"text": "Sick Beard: Started Download: Masters of Sex - 1x05 - Catherine", "user": "usenetdownloads", "id": 397431194620813312}, {"text": "Catching up on Masters of Sex and sh*t is getting REAL. Lizzy Caplan and Michael Sheen are incredible actors.", "user": "econ_girl", "id": 397422920420827136}, {"text": "There is a show called Masters of sex and it's really good", "user": "haassun", "id": 397422206126682112}, {"text": "RT @sepinwall: Allison Janney walks off with perhaps the best \"Masters of Sex\" episode yet. My review http://t.co/9YxYXvuQlI", "user": "elikapekaw", "id": 397419009395937280}, {"text": "Masters of Sex Hits Plateau Stage: Poniewozik on the show's growing maturity http://t.co/whLvPCB8KR", "user": "kamaluf", "id": 397416922746081280}, {"text": "An ability to get folks to take their clothes off just by acting nice on #MastersOfSex led to an overdue promotion: http://t.co/EatClL61FB", "user": "TVWithoutPity", "id": 397411697163776000}, {"text": "MASTERS OF SEX Season One, Episode 7 'All Together Now' Sneak Peek Promo &amp; Clips http://t.co/mERibvqsuK", "user": "GothamNews_", "id": 397408199222894592}, {"text": "@TaraAriano I agree! http://t.co/kXl1gJWuHD Caitlin Fitzgerald is the Betty Draper that Mad Men should've had", "user": "ReviewsSmart", "id": 397406884052754432}, {"text": "Finding Masters of Sex incredibly satisfying. (Yes, anything you say about it sounds a little dirty.)", "user": "jmkarmstrong", "id": 397404579400519680}, {"text": "MASTERS OF SEX Season One, Episode 7 'All Together Now' Sneak Peek Promo &amp; Clips http://t.co/Y5egTB1dK7", "user": "Poni_Boy", "id": 397402599122423809}, {"text": "I'm watching Masters of Sex (259 others are watching) http://t.co/F6MYWgB0Ho #GetGlue @sho_masters", "user": "OxStereoHearts", "id": 397398887138615296}, {"text": "Masters of sex don't discard the sperms", "user": "ihaterooster", "id": 397398113780248577}, {"text": "You don't swallow tho RT @YouLookin_AtMe: \u201c@SoNi99a_: do yall watch \"Masters of Sex\"?\u201d Watch it? It's based off my life boo\ud83d\ude0e\ud83d\ude0f", "user": "ihaterooster", "id": 397398021182607360}, {"text": "RT @sepinwall: Allison Janney walks off with perhaps the best \"Masters of Sex\" episode yet. My review http://t.co/9YxYXvuQlI", "user": "realshowtimefan", "id": 397396191828516864}, {"text": "Masters of Sex Recap: Pop Goes the Weasel:  Dr. Freud\u2019s been lurking in the shadows all season, and last night... http://t.co/BiHK4p9Zlg", "user": "RobertPatinsen", "id": 397386135833292800}, {"text": "RT @RubinChapelle: Mischa Barton in Rubin &amp; Chapelle dress @ Showtime's \"Masters of Sex\" premiere - NYC @MischAmazing @JulesWstylist http:/\u2026", "user": "XatzhXristina", "id": 397385949581438976}, {"text": "@SHO_Masters What sort of sex advice was available  before those masters of sex   http://t.co/mzx04layxa http://t.co/WNn676ydlH", "user": "retroarama", "id": 397384463643992064}, {"text": "Fascinating evaluation of Masters of Sex series and sex in its times. http://t.co/mokwjvQMcf http://t.co/aZDIs3OXJB", "user": "RavenousNights1", "id": 397384303933272066}, {"text": "Fascinating evaluation of Masters of Sex series and sex in its times. http://t.co/Clb39nOuRs", "user": "debrahyde", "id": 397384291979890688}, {"text": "Masters of Sex reaches the \"plateau stage\" http://t.co/A044KmUhFh", "user": "DanH_TIME", "id": 397382684613148672}, {"text": "RT @vulture: Dr. Freud\u2019s been lurking in the shadows on Masters of Sex all season, and last ... http://t.co/iHvh5upoFG", "user": "SalenaAR", "id": 397382488743763969}, {"text": "Dr. Freud\u2019s been lurking in the shadows on Masters of Sex all season, and last night he finally got his due. Recap: http://t.co/bYwcW6ptjG", "user": "vulture", "id": 397379440852078592}, {"text": "RT @sepinwall: Allison Janney walks off with perhaps the best \"Masters of Sex\" episode yet. My review http://t.co/9YxYXvuQlI", "user": "SHO_PR", "id": 397378417706160128}, {"text": "RT @poniewozik: \"It's a sexual detective story... BONES, but as a verb.\" My checkup on MASTERS OF SEX, hitting its stride http://t.co/Worid\u2026", "user": "VICKERS18", "id": 397374089918021632}, {"text": "\u2018Masters of Sex\u2019 Season 1 Episode 6 Recap: \u201cBrave New World\u201d \u2013 Flavorwire - http://t.co/RYO1x2FSUK", "user": "flavorwire", "id": 397373864759406592}, {"text": "RT @sepinwall: Allison Janney walks off with perhaps the best \"Masters of Sex\" episode yet. My review http://t.co/9YxYXvuQlI", "user": "JeurlingBirro", "id": 397372293523177472}, {"text": "@TwinCinema I'm currently enjoying MASTERS OF SEX! But ... [cue scary music] for how much longer?", "user": "deep_focus", "id": 397369341294817280}, {"text": "Allison Janney walks off with perhaps the best \"Masters of Sex\" episode yet. My review http://t.co/9YxYXvuQlI", "user": "sepinwall", "id": 397369005570129920}, {"text": "RT @PreviouslyTV: Start watching MASTERS OF SEX! It's gotten so good! Here's how! http://t.co/foiCAKLKYr", "user": "jwhease", "id": 397368521094479872}, {"text": "\u2018Masters of Sex\u2019 Season 1 Episode 6 Recap: \u201cBrave New World\u201d: This week\u2019s episode is a bit of a mess again, wi... http://t.co/ZPoBDMrS1W", "user": "ScriptFeed", "id": 397366524370898945}, {"text": "Plateau Stage: Masters of Sex Figures Itself Out http://t.co/tpUmZ6ysNv via @TIMECulture", "user": "sbarton616", "id": 397365685694648320}, {"text": "\"It's a sexual detective story... BONES, but as a verb.\" My checkup on MASTERS OF SEX, hitting its stride http://t.co/Worid3fNyB", "user": "poniewozik", "id": 397363291913060352}, {"text": "Start watching MASTERS OF SEX! It's gotten so good! Here's how! http://t.co/foiCAKLKYr", "user": "PreviouslyTV", "id": 397362852404924417}, {"text": "Plateau Stage: Masters of Sex Figures Itself Out: One thing that Masters of Sex had going for it when it premi... http://t.co/OFfbs2I4w5", "user": "_russell1", "id": 397359096925405184}, {"text": "Masters of Sex - Episode 1.07 - All Together Now - Promo and Sneak Peeks http://t.co/GwfH9TJfWr", "user": "fluffybunnyfun", "id": 397343291185696769}, {"text": "I clearly slept through walking dead and masters of sex I'm tight", "user": "Noel_Dashx", "id": 397313171561922560}, {"text": "@AllisonBJanney is a bad ass actress! Loved her on the \"West Wing\", love her on \"Mom\" and love her even more on \"Masters of Sex\"!!", "user": "acurry11", "id": 397283520462475264}, {"text": "Masters of Sex - Recap &amp; Review: You Will Have to Consult the Poets: http://t.co/l4tsZf0zVR #MastersOfSex @TeddySears @CaitlinFitzG", "user": "joetranch", "id": 397277545466327040}, {"text": "RT @rilaws: Allison Janney in Masters of Sex is Allison Janney in American Beauty's mom.", "user": "glasswar", "id": 397275843057025024}, {"text": "Masters of Sex - Recap &amp; Review: You Will Have to Consult the Poets @Sho_Masters #MastersOfSex http://t.co/2LoSW233G1", "user": "rickey", "id": 397269903998484480}, {"text": ".@allisonbjanney your performance on Masters of Sex is incredible. Tonite's episode Reminded me of the WW episode w/CJ's father.", "user": "YoureSoShain", "id": 397262364833513472}, {"text": "Masters of Sex is must see television. What women had to endure, what they probably continue to endure even to this day, its heartbreaking.", "user": "YoureSoShain", "id": 397256198216773632}, {"text": "Masters of Sex... All in the name of science \ud83d\udc86", "user": "beautysbeholder", "id": 397251109213175808}, {"text": "@VDOOZER Did you see Masters of Sex tonight?", "user": "yayrogercormier", "id": 397247371710451712}, {"text": "I'm watching Masters of Sex (1544 others are watching) http://t.co/7GeBqhf8ga #GetGlue @sho_masters", "user": "philip07304", "id": 397246145816457216}, {"text": "masters of sex \ud83d\udc4c", "user": "vivaavantgarde", "id": 397244201362268160}, {"text": "Sick Beard: Download Finished: Masters of Sex - 1x06 - Brave New World", "user": "usenetdownloads", "id": 397238781658800128}, {"text": "Allison Janney in Masters of Sex is Allison Janney in American Beauty's mom.", "user": "rilaws", "id": 397238095361224705}, {"text": "I'm not comfortable watching horny old man Barry Bostwick on this Masters of Sex. He was our mayor dammit.", "user": "yayrogercormier", "id": 397238066319855616}, {"text": "Wait...did Masters of Sex only acquire opening credits tonight?", "user": "elikapekaw", "id": 397237026392915968}, {"text": "Should I be watching Masters of Sex?", "user": "benadgatemusic", "id": 397235337732165632}, {"text": "Sick Beard: Started Download: Masters of Sex - 1x06 - Brave New World", "user": "usenetdownloads", "id": 397234924195160065}, {"text": "Wasn't able to watch masters of sex ugh", "user": "TonyTheTVGuy", "id": 397231882657492992}, {"text": "masters of sex gets better with every episode", "user": "stevoo25", "id": 397228014234505216}, {"text": "Photo: I just unlocked the Masters of Sex: Brave New World sticker on GetGlue 253 others have also unlocked... http://t.co/gzmQFdJBux", "user": "SaraKitson", "id": 397227028526948352}, {"text": "Is \"Masters of Sex\" a good movie?", "user": "Kingwole", "id": 397226571402346496}, {"text": "I'm watching Masters of Sex (3103 others are watching) http://t.co/LGaDWWwMzD #GetGlue @sho_masters", "user": "luvskaos", "id": 397224819835822080}, {"text": "look what's happening on the masters of sex page via #GetGlue #MastersofSex http://t.co/KMc30EXDJn", "user": "CriLoSaidIt", "id": 397224806774738944}, {"text": "Masters of Sex ..I'm gettin a little hooked on this", "user": "ThuroTypeStudio", "id": 397217810101055488}, {"text": "fuck, masters of sex is such a fantastic show.", "user": "Kristina_xxoo", "id": 397216438089707520}, {"text": "You need to catch up on 'Masters of Sex.' It's on fire.", "user": "lkesten", "id": 397216153270890496}, {"text": "Masters of Sex on Showtime is so good! Everyone needs to watch then talk to me about it.", "user": "SassyAmerGirl", "id": 397215881178402816}, {"text": "I gave an episode of Masters Of Sex a B+ #tvclub None http://t.co/XMt7aGdy2R", "user": "Ahavah22", "id": 397213520674447360}, {"text": "New blog post:  Review: 'Masters of Sex' - 'Brave New World' http://t.co/HPsTSWrDsL", "user": "sepinwall", "id": 397213421839462400}, {"text": "My review of tonight's \"Masters of Sex,\" with an amazing guest turn by Allison Janney http://t.co/unk2M30ujs", "user": "sepinwall", "id": 397213351362564096}, {"text": "@SHO_Masters Masters of Sex ~ so f-ing good! Figuratively, of course!", "user": "mojosrising", "id": 397212150412111872}, {"text": "Homeland and Masters of Sex were both awesome tonight @SHO_Homeland @SHO_Masters", "user": "thejameskyle", "id": 397211966504042496}, {"text": "New favorite show: \"Masters of Sex\" #Showtime", "user": "StephenSteglik", "id": 397211844580241408}, {"text": "Watching 'Masters of Sex\" a few min ahead of Ebie. She has me cracking up. Last car of roller coaster HAHA http://t.co/n6UfgYJTJ4", "user": "Melissage7", "id": 397211768822304769}, {"text": "Liked tonight's episode of #MastersOfSex? Check out my interview with the fab @CaitlinFitzG for @Backstage! http://t.co/ENIjaFXv98", "user": "NineDaves", "id": 397211720197754880}, {"text": "Masters of Sex is REALLY REALLY GOOD ! And on that note gdnight", "user": "ActorDS", "id": 397211671451545600}, {"text": "Wow the show masters of sex is getting good ...", "user": "Tine_718", "id": 397211369428484096}, {"text": "I love how ballsy Virginia is, but I disapprove the ending of tonight's episode of Masters of Sex. She should be with Dr. Haas! &lt;3", "user": "xoxoalexiamaria", "id": 397211309567377408}, {"text": "Masters of sex is so scandalous #loveit", "user": "Kelly_Hugs", "id": 397211075990790144}, {"text": "William Masters went to med school at U of R #sex", "user": "janetlolcatz", "id": 397210457641340928}, {"text": "This tall handsome blonde doctor on Masters of Sex will have sex with literally anyone this is crazy", "user": "damsuda", "id": 397209581933568000}, {"text": "Masters of Sex? Books to pair with the show! #sex #sexy #BillMasters @riffle http://t.co/QyrcU9bcYo", "user": "RiffleNonfict", "id": 397207954442969088}, {"text": "mmm. Masters of Sex. I like this show.", "user": "StarleishaG", "id": 397207057100570625}, {"text": "@cbliefernicht Masters of Sex shares my critical view of Freud's theories...#whyilovethisshow", "user": "LilBliefs", "id": 397206040472584192}, {"text": "@xraymission Masters of Sex is on...get wit it \ud83d\ude09", "user": "nauticalescape", "id": 397205933325287424}, {"text": "It's like something out of Ripley's... ~ Masters of Sex LMFAO", "user": "SassyAmerGirl", "id": 397205359653560321}, {"text": "Made it back home just in time for masters of sex", "user": "rudyinnyc", "id": 397203438276456448}, {"text": "Masters of sex is the most perfect show.", "user": "EmCori", "id": 397202562031431680}, {"text": "Look who it is in Masters of sex! @MsLagerfelt!", "user": "MegUrbani", "id": 397202229221789696}, {"text": "Masters of Sex deserves more credit.", "user": "dutchied", "id": 397200195131564032}, {"text": "Nobody watches masters of sex?", "user": "EmpressiveGeek", "id": 397199364223143936}, {"text": "I can't watch Masters of Sex with my parents right next to me", "user": "Don_Daviano", "id": 397198832498671617}, {"text": "Masters of Sex is my favorite show #notsurprising #futuresextherapist", "user": "estellabella19", "id": 397198354754863105}, {"text": "Masters of Sex -- featuring Anna Freud!  love it", "user": "sarahisntfunny", "id": 397198031780454401}, {"text": "I like the Masters Of Sex credits are just that suggestive stock footage festival Bart and Lisa attended in 'Grandpa vs. Sexual Inadequacy'.", "user": "DomKing456", "id": 397197568649592835}, {"text": "How do I make \"Masters of Sex\" even better? I Viggle It! TV loves you back with #ViggleTV\n\n #MastersofSex #viggle", "user": "Beautytherapy83", "id": 397197288151724032}, {"text": "Masters of sex show on showtime just keeps getting better every week", "user": "princessaimz", "id": 397197265116622848}, {"text": "YAY masters of sex!!", "user": "beckyysaysmeow", "id": 397197227937890304}, {"text": "Masters of sex is the best show, \"real talk fams\"", "user": "ihavenoeyedia", "id": 397196692833181696}, {"text": "masters of sex is on yasssss", "user": "mirandacags", "id": 397196680560275458}, {"text": "RT @MyPolishFace: My husband said he DVR'd Masters of Sex but I don't really believe they'd televise 40 minutes of him masturbating with Vi\u2026", "user": "skeletonfinger", "id": 397196113524305920}, {"text": "My husband said he DVR'd Masters of Sex but I don't really believe they'd televise 40 minutes of him masturbating with Vick's VapoRub... ?", "user": "MyPolishFace", "id": 397195584899411968}, {"text": "I'm tracking Masters of Sex http://t.co/SaNqdUOapR", "user": "alyssa2192", "id": 397195311577194496}, {"text": "Book: Thanks to TV show, \"Masters of Sex\" the book is moving up on Amazon! \nhttp://t.co/ZRbu9DDHZW #mastersofsex http://t.co/KaT8qjQyZR", "user": "ThomasMaierBook", "id": 397194312758198273}, {"text": "Book: \u201cMasters of Sex\u201d now in Spanish, Amazon bio bestseller. http://t.co/ZRbu9DDHZW #mastersofsex http://t.co/2NdMfgx4ul", "user": "ThomasMaierBook", "id": 397193904987979776}, {"text": "Watched available eps of Masters of Sex and was inspired to paint my nails red. BUT, will the inspiration stop there... yeah, probably.", "user": "thebethanyc", "id": 397193564645769216}, {"text": "Tonight's MASTERS OF SEX--last I saw before reviewing--is among other things a fine showcase for Allison Janney. Also, sexy Barry Bostwick!", "user": "poniewozik", "id": 397192896103067648}, {"text": "@HotelFoxtrot Also au natural on \"Masters of Sex\". I, for one, appreciate the dedication to historical accuracy.", "user": "RearAdBsBlog", "id": 397191402461077505}, {"text": "Additional: how/why, in the age of MadMen and Masters of Sex, has there not been a single Updike adaptation? Thinking about a pitch.", "user": "David_K_OHara", "id": 397188134154539008}, {"text": "WalkingDead ... then Masters of Sex ... Comcast TECH coming out Wednesday smfh ...", "user": "ActorDS", "id": 397185817505837056}, {"text": "I'm watching Masters of Sex (1916 others are watching) http://t.co/LGaDWWwMzD #GetGlue @sho_masters", "user": "luvskaos", "id": 397183951451983872}, {"text": "New \"Masters of Sex\" tonight !", "user": "HOTDamnnDanni", "id": 397183098452205568}, {"text": "I'm watching Masters of Sex (1772 others are watching) http://t.co/BMLKKgvUGK #GetGlue @sho_masters", "user": "OxStereoHearts", "id": 397183097164558336}, {"text": "I'm watching Masters of Sex (1719 others are watching) http://t.co/R58MpGNNo8 #GetGlue @sho_masters", "user": "JerseyShoreRT", "id": 397182413153263616}, {"text": "I'm watching Masters of Sex (1624 others are watching) http://t.co/E6cc975mnW #GetGlue @sho_masters", "user": "mmbar42", "id": 397181791238639616}, {"text": "It's a Walking Dead and Masters of Sex kind of night. &lt;3", "user": "xoxoalexiamaria", "id": 397181463751561217}, {"text": "Finally made it to the crib..Homeland then Masters of Sex!", "user": "queenballa25", "id": 397181348110401536}, {"text": "What did The Daily Beast say about Masters of Sex? http://t.co/Z79UrpjD2f #Masterofsex http://t.co/va24zjctWJ", "user": "ThomasMaierBook", "id": 397179667523702784}, {"text": "Anyone else watch Masters of Sex?", "user": "JordanLacoste", "id": 397176146506559488}, {"text": "I'm watching Masters of Sex (1060 others are watching) http://t.co/UQ0ueLuqC7 #GetGlue @sho_masters", "user": "greeneyes3855", "id": 397172966301372416}, {"text": "I'm watching Masters of Sex (924 others are watching) http://t.co/Wn3jMvkKNP #GetGlue @sho_masters", "user": "supermel28", "id": 397170862618861568}, {"text": "Boardwalk Empire an Masters of sex 2nite #nice", "user": "MrCommitty", "id": 397170803378487296}, {"text": "I'm watching Masters of Sex (688 others are watching) http://t.co/fgMRyu2fy3 #GetGlue @sho_masters", "user": "nascarfan15", "id": 397168488646995968}, {"text": "\"No, not Manhattan. Ithaca. It's practically Canada.\" - from Masters of Sex cc @ceciliamarie", "user": "lawinski", "id": 397167781034360833}, {"text": "I'm watching Masters of Sex (422 others are watching) http://t.co/YZB9MOJJES #GetGlue @sho_masters", "user": "Casper5AXTSU76", "id": 397161395223293952}, {"text": "\"\u2026sexy story set in a staid era\u2026slowly revealing itself to be a deeply feminist show\" http://t.co/THoS3EHskN @Grantland33 @andygreenwald", "user": "lovethebay", "id": 397152838243323904}, {"text": "RT @kaylynchristian: Excited for Masters Of Sex tonight, one of my new favorite shows", "user": "MadiiPearl", "id": 397150969626361856}, {"text": "Are you watching \nMasters of Sex? http://t.co/zIPLsTs7zM", "user": "hello_mab", "id": 397146330986213377}, {"text": "Before a new #MastersOfSex, catch up on what had Bill sobbing like a maniac with our full recap of last week's: http://t.co/sznN1ep3VV", "user": "TVWithoutPity", "id": 397146292235034625}, {"text": "Masters of sex tonight tho \ud83d\ude4c", "user": "Noel_Dashx", "id": 397145054114226176}, {"text": "I'm watching Masters of Sex (162 others are watching) http://t.co/0FLHYKWRPB #GetGlue @sho_masters", "user": "drs10andhouse", "id": 397141156284620800}, {"text": "I'm watching Masters of Sex (157 others are watching) http://t.co/iTViz5bzfD #GetGlue @sho_masters", "user": "ArturitoOrtiz", "id": 397140258196058112}, {"text": "Excited for Masters Of Sex tonight, one of my new favorite shows", "user": "baby_kayyc", "id": 397139015276978176}, {"text": "Sunday night is David night at the A.V. Club. Reviews of SNL and Simpsons already up. I'm covering Masters of Sex tonight &amp; of course TGW.", "user": "davidlsims", "id": 397134249607716865}, {"text": "Has anyone seen Masters of Sex?! So good.", "user": "jacquelinebour", "id": 397125083812356096}, {"text": "HOMELAND and now I am a fan of Masters of Sex too", "user": "MegfromCT", "id": 397122638562074626}, {"text": "Inside Book: Read \u201cMasters of Sex\u201d for more about Masters &amp; Johnson\u2019s world. http://t.co/ZRbu9DDHZW #mastersofsex http://t.co/4CYftykbdR", "user": "ThomasMaierBook", "id": 397119934192291840}, {"text": "RT @MichaelAusiello: .@TVLine's Performers of the Week: MASTERS OF SEX's @MichaelSheen &amp; THE GOOD WIFE's Julianna\u00a0Margulies http://t.co/Mua\u2026", "user": "MeetMeInMontana", "id": 397097642117042176}, {"text": "The intro to masters of sex reminds me so much of dexter lol", "user": "TaylorFahy", "id": 397096401353842688}, {"text": "Walking dead, homeland, masters of sex, &amp; once upon a time. Sunday night tv is on point \ud83d\udc4c", "user": "dspaulding54", "id": 397094780217618433}, {"text": "\"My clitoris beat my vagina? *becomes wide-eyed* That's crazy!\" - Actual line from Masters of Sex", "user": "timrattray", "id": 397058108633395200}, {"text": "Halfway through its first season, I can safely say that Masters of Sex is the best new TV drama in the past few years.", "user": "timrattray", "id": 397049968466599936}, {"text": "The minimum requirement for slaves is that they be obedient and respectful of all Masters and work to give the... http://t.co/uMfijzU0av", "user": "AfroerotiK", "id": 397028148636037120}, {"text": "If I'm all caught up with masters of sex and have gone that far there's really nothing else", "user": "Rooneytunes89", "id": 397017153020641280}, {"text": "yaaaay, masters of sex is on tonight", "user": "yemSTAR14", "id": 396987850820157440}, {"text": "Emily Nussbaum: Showtime\u2019s \u201cMasters of Sex\u201d Review http://t.co/VHPC2t5jhg via @NewYorker", "user": "sfmnemonic", "id": 396942428751396864}, {"text": "Catching up on American Horror Story and Masters of Sex. Bye", "user": "n0stradam", "id": 396858540113289216}, {"text": "Masters of Sex", "user": "C_Brisc", "id": 396852876334886912}, {"text": "OMG just realized that Virginia from Masters of Sex is Janis Ian from Mean Girls. #mindblown #definitelynottypecast", "user": "natwass", "id": 396838528296173568}]