[{"text": "How is it that the cgi on Lifetime\u2019s Witches of East End are far better than ABC\u2019s Once Upon a time in wonderland?", "user": "DQSDC", "id": 399653274456190976}, {"text": "Watching Once Upon A Time in Wonderland.", "user": "sammi_x92", "id": 399587291795963906}, {"text": "Once Upon A Time In Wonderland&lt;3", "user": "xbands_savedme", "id": 399585095260319745}, {"text": "Once Upon A Time In Wonderland&lt;3", "user": "XxMahomie4Lifex", "id": 399585073575763969}, {"text": "Once Upon A Time In Wonderland - 1.04 \"The Serpent\" - Review - Desert Loving In Your Eyes http://t.co/SvBgB6KoYy", "user": "fluffybunnyfun", "id": 399542133322838016}, {"text": "I've watched \"The Serpent\" (S1 E4) of Once Upon A Time In Wonderland (via @tvshowtracker)", "user": "amazingdvd", "id": 399467274316578816}, {"text": "I'm watching Once Upon a Time in Wonderland 1x04 http://t.co/KHi2VQN5Dm #GetGlue @WonderlandOUAT", "user": "thanksgleecast", "id": 399459000259182592}, {"text": "Decided to watch something new! Once Upon A Time In Wonderland is fascinating!! Think I'm going to be up for a while....", "user": "UrBodyTalksToMe", "id": 399456511329849344}, {"text": "Once Upon a Time in Wonderland #newtvdrama #peopleschoice", "user": "Leibee610", "id": 399423157750472705}, {"text": "Once upon a time in wonderland \ud83c\udf31\ud83d\udc07\ud83c\udfa9", "user": "Vagitarian_", "id": 399373690649210880}, {"text": "@MarcellineCazz  I like his character better on Once Upon A Time in Wonderland too..", "user": "MizTification", "id": 399336384185389056}, {"text": "Getting more from Once Upon a Time in Wonderland with #ViggleTV#OnceWonderland #viggle", "user": "hromgirl", "id": 399308691713060864}, {"text": "Sick Beard: Download Finished: Once Upon a Time in Wonderland - 1x04 - The Serpent", "user": "usenetdownloads", "id": 399256224031862784}, {"text": "Sick Beard: Started Download: Once Upon a Time in Wonderland - 1x04 - The Serpent", "user": "usenetdownloads", "id": 399252965481267200}, {"text": "http://t.co/zkTLLL3Vo2  Here is my drawing of Once Upon a Time in Wonderland on PicsArt", "user": "kailahartman", "id": 399208128828690432}, {"text": "Once upon a time in wonderland is no where near as good as once upon a time", "user": "TeeShotMe", "id": 399112253049679872}, {"text": "\u2018Once Upon a Time in Wonderland\u2019 Gives Jafar an Origin Story http://t.co/9NY6dmrVkq", "user": "FLRTCW", "id": 399079936335441921}, {"text": "Once Upon a Time in Wonderland Recap 11/8/13 \u201cThe Serpent\u201d Season 1 Episode 4: In Once Upon a Time in Wonderla... http://t.co/SiaCZSaGT1", "user": "haveuheard1", "id": 399047552164573184}, {"text": "Once Upon a Time in Wonderland \u201cThe Serpent\u201d Season 1 Episode\u00a04 http://t.co/fp4xCOg8Ph", "user": "haveuheard1", "id": 399031320048713728}, {"text": "I have watch every episode of AHS so far today and now have started Once Upon a Time in Wonderland. I. Need. A. Life.", "user": "greatbrit_", "id": 399025247061430272}, {"text": "Photo: I\u2019m watching Once Upon a Time in Wonderland 108 others are also watching. Once Upon a Time in... http://t.co/2269XKQWs4", "user": "KatieCakez", "id": 398996095483002880}, {"text": "Oragami's never been more useful\n#OnceWonderland S01E02 @WonderlandOUAT http://t.co/qmpNBo3rOh", "user": "dashblurbs", "id": 398971225185484801}, {"text": "Check out Once Upon a Time in Wonderland - The Serpent on @watchabcapp  http://t.co/nHBvHsxb1h", "user": "26Nenadich", "id": 398922057091518464}, {"text": "But Once Upon A Time in Wonderland is a great show", "user": "daniellee_nolan", "id": 398897386229354496}, {"text": "RT @LeakyNews: This week's #OnceWonderland pulls out the daddy issues trope to explain Jafar's evilness. Is this show canceled yet? http://\u2026", "user": "amandawysocki", "id": 398868941264523264}, {"text": "@itsalleternal And it barely beat Once Upon a Time Wonderland in total number of viewers. Disaster,", "user": "rickey", "id": 398862625964318720}, {"text": "This week's #OnceWonderland pulls out the daddy issues trope to explain Jafar's evilness. Is this show canceled yet? http://t.co/VMtCafpSnP", "user": "LeakyNews", "id": 398854091196997632}, {"text": "RT @TVOvermind: Once Upon a Time in Wonderland 1.04 Review: \u201cThe Serpent\u201d: by Andy Behbakht The evolution of Naveen Andrew\u2019s J... http://t.\u2026", "user": "Samaritan93", "id": 398853661121847296}, {"text": "Once Upon a Time in Wonderland 1.04 Review: \u201cThe Serpent\u201d: by Andy Behbakht The evolution of Naveen Andrew\u2019s J... http://t.co/A5bGyfNV97", "user": "TVOvermind", "id": 398853519081365504}, {"text": "Once Upon a Time in Wonderland - Episode 1.04 - The Serpent - Review http://t.co/Pq8AfklTtP", "user": "fluffybunnyfun", "id": 398842706199191552}, {"text": "If I die today someone please delete \"Once Upon a Time in Wonderland\" from my DVR", "user": "MarcSnetiker", "id": 398826765759426561}, {"text": "so Jafar is the sultans bastard son. leave it to once upon a time in wonderland spinning shit and making me question my entire childhood.", "user": "amanduhjacq", "id": 398825514582155264}, {"text": "I'm #Viggling \"Once Upon a Time in Wonderland\". TV loves you back with #ViggleTV!\n\n #OnceWonderland #viggle", "user": "Gianni862", "id": 398793909243244544}, {"text": "@therealkwenje have you seen once upon a time in wonderland?", "user": "tunzlunz", "id": 398683029398646784}, {"text": "'Once Upon a Time in Wonderland,' 'Serpent' Recap: Jafar Has Bad Intentions, Good Hair http://t.co/qET7xpvfbN #popmuse", "user": "Pop_Muse", "id": 398682604498468864}, {"text": "RT @PopCrush: Find out how evil Naveen Andrews' Jafar is in tonight's @WonderlandOUAT. Our recap &gt;&gt; http://t.co/fX0R4l4PWF", "user": "privatefan", "id": 398680253804994560}, {"text": "I'm watching Once Upon a Time in Wonderland (4313 others are watching) http://t.co/vzSViF63UT #GetGlue @WonderlandOUAT", "user": "philip07304", "id": 398678839397986304}, {"text": "RT @PopCrush: Find out how evil Naveen Andrews' Jafar is in tonight's @WonderlandOUAT. Our recap &gt;&gt; http://t.co/fX0R4l4PWF", "user": "MikeMoody", "id": 398677006600003584}, {"text": "'Once Upon a Time in Wonderland,' 'Serpent' Recap: Jafar Has Bad Intentions, Good Hair http://t.co/FVmC0BsbFK", "user": "StarCrushCeleb", "id": 398675803522596864}, {"text": "I'm watching Once Upon a Time in Wonderland (5409 others are watching) http://t.co/4TeiYdUzeG #GetGlue @WonderlandOUAT", "user": "RockinRita03", "id": 398670830697467904}, {"text": "I'm watching Once Upon a Time in Wonderland (5525 others are watching) http://t.co/KWGV8x4iIt #GetGlue @WonderlandOUAT", "user": "luvskaos", "id": 398669714140168192}, {"text": "I'm watching Once Upon a Time in Wonderland (5560 others are watching) http://t.co/KWGV8x4iIt #GetGlue @WonderlandOUAT", "user": "luvskaos", "id": 398669670926278656}, {"text": "Photo: I\u2019m watching Once Upon a Time in Wonderland 6608 others are also watching. Once Upon a Time in... http://t.co/8s8utj4NAR", "user": "jenannrodrigues", "id": 398664896076079104}, {"text": "RT @PopCrush: Find out how evil Naveen Andrews' Jafar is in tonight's @WonderlandOUAT. Our recap &gt;&gt; http://t.co/fX0R4l4PWF", "user": "celebriate", "id": 398664526738259968}, {"text": "Find out how evil Naveen Andrews' Jafar is in tonight's @WonderlandOUAT. Our recap &gt;&gt; http://t.co/fX0R4l4PWF", "user": "PopCrush", "id": 398663593354227712}, {"text": "Once Upon A Time in Wonderland - Recap - Episode 4 - The Serpent http://t.co/A1buyG37AT #OnceWonderland http://t.co/plAru1Yotp", "user": "rickey", "id": 398660445420421120}, {"text": "I'm watching Once Upon a Time in Wonderland (7906 others are watching) http://t.co/XR0ZvURSN3 #GetGlue @WonderlandOUAT", "user": "OxStereoHearts", "id": 398660078024531968}, {"text": "I'm watching Once Upon a Time in Wonderland (7906 others are watching) http://t.co/CvmO586QWD #GetGlue @WonderlandOUAT", "user": "NyssaRodriguez", "id": 398659996642471936}, {"text": "I'm watching Once Upon a Time in Wonderland (8364 others are watching) http://t.co/iBcs7p9FJB #GetGlue @WonderlandOUAT", "user": "WitchyScribe", "id": 398650005986480129}, {"text": "Photo: I just unlocked the Once Upon a Time in Wonderland: The Serpent sticker on GetGlue 8992 others have... http://t.co/OCvUriYo0E", "user": "sqeptiq", "id": 398649776008605696}, {"text": "Once Upon a Time in Wonderland: \u201cSerpent\u201d Review: Note: Full spoilers for the episode follow.\nWonderland is mo... http://t.co/LujCMe9J46", "user": "BeesBeautytips", "id": 398649765455347712}, {"text": "I'm watching Once Upon a Time in Wonderland (8394 others are watching) http://t.co/v9x4UzJf11 #GetGlue @WonderlandOUAT", "user": "LexiStar77", "id": 398649202844368896}, {"text": "I'm watching Once Upon a Time in Wonderland (8399 others are watching) http://t.co/MDEPfR1Y2p #GetGlue @WonderlandOUAT", "user": "IamfrodoBaggins", "id": 398648980948922368}, {"text": "I'm watching Once Upon a Time in Wonderland (8476 others are watching) http://t.co/T8PpmVDjh0 #GetGlue @WonderlandOUAT", "user": "carlyspade", "id": 398647501735358464}, {"text": "I'm watching Once Upon a Time in Wonderland (8486 others are watching) http://t.co/cKBGGSp217 #GetGlue @WonderlandOUAT", "user": "LADYDAY93", "id": 398647301495074816}, {"text": "Once upon a time in wonderland..Love these shows,", "user": "jennifermar505", "id": 398644995005370368}, {"text": "Photo: I\u2019m watching Once Upon a Time in Wonderland 8051 others are also watching. Once Upon a Time in... http://t.co/JGJxmYhj8n", "user": "KatieCakez", "id": 398638886710439936}, {"text": "I'm watching Once Upon a Time in Wonderland (7428 others are watching) http://t.co/t0hVAKrqfB #GetGlue @WonderlandOUAT", "user": "lindianajones", "id": 398637414769774592}, {"text": "#OnceWonderland RT @Hypable: 'Once Upon a Time in Wonderland' episode 4 recap: 'Make a Wish' http://t.co/pa3HxEP4RQ", "user": "britlovely237", "id": 398637016558346240}, {"text": "Once Upon a Time in Wonderland - Episode 1.05 - Heart of Stone - Promo http://t.co/9dyfgL8hUa", "user": "fluffybunnyfun", "id": 398636845363245056}, {"text": "POLL : What did you think of Once Upon a Time in Wonderland - The Serpent? http://t.co/M47raP0ELl", "user": "fluffybunnyfun", "id": 398636836580769793}, {"text": "I'm so addicted to Once Upon A Time In Wonderland \ud83d\udc95", "user": "MeganJo723", "id": 398636811213209600}, {"text": "Sick Beard: Started Download: Once Upon a Time in Wonderland - 1x04 - The Serpent", "user": "usenetdownloads", "id": 398634158719000576}, {"text": "Once upon a time in Wonderland is 100x better than ouat this year", "user": "TheBoyDiva", "id": 398632004742549504}, {"text": "I'm watching Once Upon a Time in Wonderland (6442 others are watching) http://t.co/V0yYw6Eb2v #GetGlue @WonderlandOUAT", "user": "TheTinyTauntaun", "id": 398631740975353856}, {"text": "RT @southsidedeauce: I had enjoyed the episode of #abc Once Upon a Time in Wonderland . Look forward for more. #tv", "user": "Trainr_Mntor", "id": 398631502239784960}, {"text": "Once upon a time in wonderland is possibly the worst show I've ever seen in my life", "user": "katieeeeroseee", "id": 398631243148836864}, {"text": "I had enjoyed the episode of #abc Once Upon a Time in Wonderland . Look forward for more. #tv", "user": "southsidedeauce", "id": 398631018439405568}, {"text": "So, I'm starting to like Once Upon a Time in Wonderland, but ABC *really* needs to spend more on green screen technology. - @WonderlandOUAT", "user": "16BitsOfAwesome", "id": 398630530113343488}, {"text": "Once upon a time in wonderland is awesome!", "user": "andrewgsnyder", "id": 398629066649395200}, {"text": "Nice to see Sayid from \"Lost\" getting work on \"Once Upon A Time in Wonderland\". Thats like going from \"LA Law\" to \"Cop Rock\".", "user": "meisterbrah", "id": 398622411706630144}, {"text": "I'm watching Once Upon a Time in Wonderland, The Serpent (S1EP4) @intonow http://t.co/Xfg3ut1p1z", "user": "frostopher", "id": 398622314092187648}, {"text": "Osiris -eye- symbols of the All Seeing Eye in the episode of Once Upon a Time in Wonderland #occult #Lucifer #tv #media #abc #Williamsburg", "user": "southsidedeauce", "id": 398621954804297728}, {"text": "I'm watching Once Upon a Time in Wonderland (4201 others are watching) http://t.co/nUvI9oyKIM #GetGlue @WonderlandOUAT", "user": "Karamon101", "id": 398620689097580544}, {"text": "I'm watching Once Upon a Time in Wonderland (3915 others are watching) http://t.co/KBdI67nyol #GetGlue @WonderlandOUAT", "user": "AbbeyJones11", "id": 398619680786894848}, {"text": "I'm watching Once Upon a Time in Wonderland (3845 others are watching) http://t.co/f9vorn5rWr #GetGlue @WonderlandOUAT", "user": "IrishRedSox77", "id": 398619621957578752}, {"text": "I'm watching Once Upon a Time in Wonderland (3679 others are watching) http://t.co/237NAnLbYo #GetGlue @WonderlandOUAT", "user": "Liorda", "id": 398619115214368768}, {"text": "I'm watching Once Upon a Time in Wonderland (3541 others are watching) http://t.co/YMltPsjzKp #GetGlue @WonderlandOUAT", "user": "LadyHarleQuinn", "id": 398618598497087488}, {"text": "Once Upon A Time In Wonderland ship: Jafar and the Red Queen #ship #need #Wonderland #onceuponatime", "user": "d3athlyhall0ws", "id": 398618548035006465}, {"text": "Once Upon a Time in Wonderland ...", "user": "southsidedeauce", "id": 398617804846694400}, {"text": "drinking tea out of my British mug watching Once Upon a Time in Wonderland #sleepygirl #snuggledup http://t.co/XJKeaiH74s", "user": "CarlaPontarelli", "id": 398617801478660096}, {"text": "once upon a time in wonderland #nw \u2728", "user": "tothemotherland", "id": 398617460947308544}, {"text": "I'm watching Once Upon a Time in Wonderland (3150 others are watching) http://t.co/mtp77PkK8T #GetGlue @WonderlandOUAT", "user": "kimi_14701", "id": 398617399312007168}, {"text": "Yea!!! My favorite story.. Are you watching Once Upon a Time in Wonderland? http://t.co/ZJlPgWjGvx", "user": "southsidedeauce", "id": 398617300422889472}, {"text": "Once Upon a Time in Wonderland. Kicks nursery rhyme butt", "user": "BTwittin", "id": 398617253232771072}, {"text": "Photo: I\u2019m watching Once Upon a Time in Wonderland 3161 others are also watching. Once Upon a Time in... http://t.co/bMBtuhJJrQ", "user": "EOisEmmiesJoy", "id": 398617159066484736}, {"text": "I'm watching Once Upon a Time in Wonderland (2942 others are watching) http://t.co/sNDbczgysk #GetGlue @WonderlandOUAT", "user": "RiRe80", "id": 398617074882584576}, {"text": "I'm watching Once Upon a Time in Wonderland (2837 others are watching) http://t.co/fLTjzQWR2P #GetGlue @WonderlandOUAT", "user": "chakram307", "id": 398616617133043712}, {"text": "Photo: I just unlocked the Once Upon a Time in Wonderland: The Serpent sticker on GetGlue 2684 others have... http://t.co/xjCEer9ahG", "user": "spunkysprinkles", "id": 398616461763440640}, {"text": "RT @TVWithoutPity: Before a new #OUATWonderland, catch up on its first genuinely surprising twist with our recap of the last episode. http:\u2026", "user": "MediaVixen", "id": 398616191776083968}, {"text": "Photo: I just unlocked the Once Upon a Time in Wonderland: The Serpent sticker on GetGlue 2396 others have... http://t.co/stnlcWcALF", "user": "Lightation", "id": 398616137921200128}, {"text": "Photo: I\u2019m watching Once Upon a Time in Wonderland 2691 others are also watching. Once Upon a Time in... http://t.co/jSqvvXZdVa", "user": "Lightation", "id": 398616136507736064}, {"text": "I'm watching Once Upon a Time in Wonderland (2575 others are watching) http://t.co/kYuNcaJpsc #GetGlue @WonderlandOUAT", "user": "Goldilox1733", "id": 398616099388157952}, {"text": "Watching Once Upon A Time In Wonderland. #OnceWonderland", "user": "OnceUponADreams", "id": 398616055331188736}, {"text": "I'm watching Once Upon a Time in Wonderland (2323 others are watching) http://t.co/FqpROeUDAX #GetGlue @WonderlandOUAT", "user": "AleeKat225", "id": 398615553239441408}, {"text": "I'm watching Once Upon a Time in Wonderland (2165 others are watching) http://t.co/pwqPwTKSce #GetGlue @WonderlandOUAT", "user": "nascarfan15", "id": 398614720170577920}, {"text": "About to watch Once Upon a Time In Wonderland &amp; Degrassi. #ouatwonderland", "user": "reachthestarsx", "id": 398614634741383168}, {"text": "I'm watching Once Upon a Time in Wonderland (2036 others are watching) http://t.co/LKB660d6Sm #GetGlue @WonderlandOUAT", "user": "ArturitoOrtiz", "id": 398613910502522880}, {"text": "Once Upon a Time in Wonderland in 9 mins. (:", "user": "otome_chan", "id": 398613779048431616}, {"text": "I am watching Once Upon a Time in Wonderland http://t.co/B3sV8lyb2D #GetGlue @WonderlandOUAT", "user": "Vishiia", "id": 398612064882925568}, {"text": "I'm watching Once Upon a Time in Wonderland (1558 others are watching) http://t.co/GrVdntsO9o #GetGlue @WonderlandOUAT", "user": "niwroc84", "id": 398610023313842176}, {"text": "I'm watching Once Upon a Time in Wonderland (1490 others are watching) http://t.co/m4ArzZ53Ao #GetGlue @WonderlandOUAT", "user": "TheJedster66", "id": 398609554227089408}, {"text": "I'm watching Once Upon a Time in Wonderland (1184 others are watching) http://t.co/ekqk64Ui5j #GetGlue @WonderlandOUAT", "user": "greeneyes3855", "id": 398606860351451136}, {"text": "ONCE UPON A TIME IN WONDERLAND \"The Serpent\" Sneak Peek http://t.co/BsHIPXUsvG", "user": "welovesoaps", "id": 398601666666049536}, {"text": "Before a new #OUATWonderland, catch up on its first genuinely surprising twist with our recap of the last episode. http://t.co/xbAz4ZpF12", "user": "TVWithoutPity", "id": 398601639629946881}, {"text": "Thursday Night! Here's Whats On! ABC has new episodes of Once Upon A Time In Wonderland, Grey's Anatomy, and... http://t.co/5bQoGm4qDN", "user": "TVNewsandNotes", "id": 398600759136489472}, {"text": "ONCE UPON A TIME IN WONDERLAND \"The Serpent\" Sneak Peek http://t.co/D8XVDo2xJW #ouatwonderland #OUATIW", "user": "WeLoveSoapsTV", "id": 398593358722908160}, {"text": "Oh, hey, ABC/ONCE UPON A TIME IN WONDERLAND...? If you have to TELL potential viewers there's an \"epic romance,\" it's not really epic.", "user": "badnecklace", "id": 398583111618805760}, {"text": "RT @TVGuide: ICYMI: Once Upon a Time in Wonderland's @sophielowelowe &amp; @Michaelsocha on the big Red twist http://t.co/Rvz9ZisyWK @Wonderlan\u2026", "user": "adry_hegad", "id": 398569904476921856}, {"text": "RT @TVGuide: ICYMI: Once Upon a Time in Wonderland's @sophielowelowe &amp; @Michaelsocha on the big Red twist http://t.co/Rvz9ZisyWK @Wonderlan\u2026", "user": "GA_girl204", "id": 398566398836109313}, {"text": "ICYMI: Once Upon a Time in Wonderland's @sophielowelowe &amp; @Michaelsocha on the big Red twist http://t.co/Rvz9ZisyWK @WonderlandOUAT", "user": "TVGuide", "id": 398559363532455936}, {"text": "Once Upon A Time In Wonderland: Emma Rigby On The Part She Originally Auditioned For\n - ARTICLE: Emma Rigby is... http://t.co/xKiGGljbgE", "user": "TheMLMAuthority", "id": 398479773476737024}, {"text": "RT @TVGuide: Once Upon a Time in Wonderland's @sophielowelowe &amp; @Michaelsocha on the big Red twist http://t.co/Rvz9ZisyWK @WonderlandOUAT @\u2026", "user": "RomiP13", "id": 398433049555501057}, {"text": "RT @TVGuide: Once Upon a Time in Wonderland's @sophielowelowe &amp; @Michaelsocha on the big Red twist http://t.co/Rvz9ZisyWK @WonderlandOUAT @\u2026", "user": "Oscinda", "id": 398337974347517952}, {"text": "RT @TVGuide: Once Upon a Time in Wonderland's @sophielowelowe &amp; @Michaelsocha on the big Red twist http://t.co/Rvz9ZisyWK @WonderlandOUAT @\u2026", "user": "warnergasm", "id": 398333360616919040}, {"text": "RT @TVGuide: Once Upon a Time in Wonderland's @sophielowelowe &amp; @Michaelsocha on the big Red twist http://t.co/Rvz9ZisyWK @WonderlandOUAT @\u2026", "user": "allen_neleigh", "id": 398331638423105536}, {"text": "RT @TVGuide: Once Upon a Time in Wonderland's @sophielowelowe &amp; @Michaelsocha on the big Red twist http://t.co/Rvz9ZisyWK @WonderlandOUAT @\u2026", "user": "CapereLux", "id": 398328186687070209}, {"text": "RT @TVGuide: Once Upon a Time in Wonderland's @sophielowelowe &amp; @Michaelsocha on the big Red twist http://t.co/Rvz9ZisyWK @WonderlandOUAT @\u2026", "user": "a_oncer13", "id": 398326846036918272}, {"text": "RT @TVGuide: Once Upon a Time in Wonderland's @sophielowelowe &amp; @Michaelsocha on the big Red twist http://t.co/Rvz9ZisyWK @WonderlandOUAT @\u2026", "user": "sophielowelowe", "id": 398326605421879296}, {"text": "RT @TVGuide: Once Upon a Time in Wonderland's @sophielowelowe &amp; @Michaelsocha on the big Red twist http://t.co/Rvz9ZisyWK @WonderlandOUAT @\u2026", "user": "IGAlexia", "id": 398315442881585152}, {"text": "RT @TVGuide: Once Upon a Time in Wonderland's @sophielowelowe &amp; @Michaelsocha on the big Red twist http://t.co/Rvz9ZisyWK @WonderlandOUAT @\u2026", "user": "Stacylindner", "id": 398269486497009664}, {"text": "Once Upon a Time in Wonderland's @sophielowelowe &amp; @Michaelsocha on the big Red twist http://t.co/Rvz9ZisyWK @WonderlandOUAT @AdamHorowitzLA", "user": "TVGuide", "id": 398268694473613312}, {"text": "Once Upon a Time in Wonderland Cast on the Big Red Twist: Once Upon a Time in Wonderland ... http://t.co/3aELHgtkpj #TVGuide #TV #tvnews", "user": "ChatchTV", "id": 398243229784485888}, {"text": "Once upon a time in WONDERLAND", "user": "shircurly", "id": 397980424451813376}, {"text": "RT @MarsaH8: Don't cancel Once upon a time in wonderland! \ud83d\ude2d@ABCNetwork", "user": "sapaww", "id": 397858363872407552}, {"text": "@MadrinaKrystal I have once upon a time in wonderland on my dvr &amp; haven't read the book", "user": "ViVaFoxyFoxxy", "id": 397543085678526464}, {"text": "I can wait for this weeks once upon a time in wonderland \ud83d\udc4c", "user": "GrandeGomez", "id": 397539569014689792}, {"text": "I'm going to watch Once Upon a Time in Wonderland now, because I'm putting off reading #physics stuff.", "user": "girl_onthego", "id": 397519689846648832}, {"text": "Finally watching Once upon a time in Wonderland, why did I wait so long it's so good!", "user": "ambylise", "id": 397500406101983232}, {"text": "Once Upon a Time in Wonderland is...not good. Like film school demo tape bad. Make it stop.", "user": "MrsSchil", "id": 397488302598930432}, {"text": "THE MAIN GIRL IN ONCE UPON A TIME IN WONDERLAND HOLY MOSES", "user": "sph95", "id": 397198366628921344}, {"text": "Watchin \"Once Upon A Time In Wonderland\" !", "user": "Preetty_N_Pinkk", "id": 397172112362078208}, {"text": "RT @MarsaH8: Don't cancel Once upon a time in wonderland! \ud83d\ude2d@ABCNetwork", "user": "AngReynoso", "id": 397161672353132545}, {"text": "RT @MarsaH8: Don't cancel Once upon a time in wonderland! \ud83d\ude2d@ABCNetwork", "user": "c_ingilizyan", "id": 397157154400256000}, {"text": "Don't cancel Once upon a time in wonderland! \ud83d\ude2d@ABCNetwork", "user": "MarsaH8", "id": 397155304758317056}, {"text": "Watching Once Upon A Time in Wonderland.... @epaigeh knows my brain http://t.co/JTAQW50zrE", "user": "jessiann87", "id": 397136395174940672}, {"text": "Once upon a time in Wonderland is so funny!", "user": "AtlaureHayes", "id": 397089565233926144}, {"text": "\"I mean this as a friend, Alice, sod off!\" Lol! Loving Once Upon a Time in Wonderland. It's 100 times better than Once Upon a Time!", "user": "RazzleDazzle77", "id": 397018774484049920}, {"text": "\"When you really love someone you don't need proof, you can feel it.\" Finally checking out Once Upon a Time in Wonderland :)", "user": "RazzleDazzle77", "id": 396979432810086400}, {"text": "Photo: I had thought that Silvermist was original to\u00a0Once Upon a Time in Wonderland, but she is not; I... http://t.co/qXxG6N0Yjb", "user": "frostopher", "id": 396863273695735808}]