[{"text": "My lord does True Detective look good. Hbo has not been a expense I regret.", "user": "amycasey", "id": 399605046234857472}, {"text": "I hope #Netflix and #HBO keep battling it out. The consumer is winning. HBO's 'True Detective' looks nasty. http://t.co/T7Z2sOB2n4", "user": "DanWoolsey", "id": 399599127061086209}, {"text": "RT @WCVB: Detective among 11 charged in motorcycle-SUV brawl http://t.co/QF7ZW1dh0R", "user": "AKIRA7315", "id": 399158111938023425}, {"text": "RT @WCVB: Detective among 11 charged in motorcycle-SUV brawl http://t.co/QF7ZW1dh0R", "user": "MAI90thm", "id": 399153455383982080}, {"text": "RT @WCVB: Detective among 11 charged in motorcycle-SUV brawl http://t.co/QF7ZW1dh0R", "user": "MAI95thm", "id": 399153391425032192}, {"text": "Detective among 11 charged in motorcycle-SUV brawl http://t.co/CgFs8cPfMZ", "user": "bostonchannel", "id": 399153237644689409}, {"text": "Detective among 11 charged in motorcycle-SUV brawl http://t.co/E9avI4so15", "user": "bostonbnews", "id": 399153231055441921}, {"text": "Detective among 11 charged in motorcycle-SUV brawl http://t.co/QF7ZW1dh0R", "user": "WCVB", "id": 399153098288930816}, {"text": "I'm excited for True Detective on HBO because seeing Matthew MacConaughey and Woody Harrelson standing together feels like I'm tripping", "user": "Sasa_Elise", "id": 399019400985968640}, {"text": "I'm watching True Detective (10 others are watching) http://t.co/KADLKDB641 #GetGlue #TrueDetective", "user": "greeneyes3855", "id": 398827086812819456}, {"text": "@BrookeBCNN I went to retweet the Detroit lady story, only to find out the DETECTIVE said she wasn't shot in the back... which is true CNN?", "user": "IkedaTeramusa", "id": 398536445423386625}, {"text": "fridayreads\nfridayreads TRUE DETECTIVE by Max Allan Collins", "user": "MckenzieBulloc1", "id": 398500590319181824}, {"text": "I cannot fucking wait for this show: https://t.co/yAgD7cWtWT TRUE DETECTIVE on @HBO", "user": "remysaintdenis", "id": 398481265579397120}, {"text": "Photo: detective-apples: That is me right there when I underline lol true story http://t.co/nApMYgftVp", "user": "ItsZeldaBitch_", "id": 397887591313571840}, {"text": "\"Darkness becomes you.\"\n\nTrue Detective with Matthew McConaughey and Woody Harrelson premieres on Jan 12 2014 on... http://t.co/PozTbjiEN6", "user": "Lahongrais", "id": 397880950094561280}, {"text": "Photo: I just unlocked the True Detective Coming Soon sticker on GetGlue 1934 others have also unlocked the... http://t.co/pKwnZwv7wX", "user": "mrsjaymack", "id": 397834107587416065}, {"text": "I'm watching True Detective (220 others are watching) http://t.co/PjrkllA4XI #GetGlue #TrueDetective", "user": "philip07304", "id": 397614565409955840}, {"text": "I'm watching True Detective (559 others are watching) http://t.co/F1SypXCbqU #GetGlue #TrueDetective", "user": "JerseyShoreRT", "id": 397588652693651456}, {"text": "I'm watching True Detective (599 others are watching) http://t.co/mFjFaaiRYd #GetGlue #TrueDetective", "user": "luvskaos", "id": 397581769954037760}, {"text": "I'm watching True Detective (780 others are watching) http://t.co/wVCvDPbPrf #GetGlue #TrueDetective", "user": "WitchyScribe", "id": 397562124685557760}, {"text": "I just unlocked True Detective Coming Soon  Stickers  on  GetGlue http://t.co/GGiUiN8ARm via @achivy", "user": "TheMadam", "id": 397552390557425664}, {"text": "I'm watching True Detective (779 others are watching) http://t.co/F1SypXCbqU #GetGlue #TrueDetective", "user": "JerseyShoreRT", "id": 397537169323331584}, {"text": "I'm watching True Detective (746 others are watching) http://t.co/2pryu1NTmM #GetGlue #TrueDetective", "user": "OxStereoHearts", "id": 397532458260119552}, {"text": "I'm watching True Detective (736 others are watching) http://t.co/GQULBpX3wi #GetGlue #TrueDetective", "user": "supermel28", "id": 397531632456196097}, {"text": "I'm watching True Detective (529 others are watching) http://t.co/F1SypXCbqU #GetGlue #TrueDetective", "user": "JerseyShoreRT", "id": 397510548579184640}, {"text": "I'm watching True Detective (440 others are watching) http://t.co/LkjKO9RXuP #GetGlue #TrueDetective", "user": "Laeryk", "id": 397498515158757376}, {"text": "I'm watching True Detective (328 others are watching) http://t.co/FJ7N2FU1FW #GetGlue #TrueDetective", "user": "TheJedster66", "id": 397486084550295552}, {"text": "Can Matthew McConaughey win Oscar AND Emmy in same year? [Photo Gallery] http://t.co/trsAi4aZy7 via @sharethis", "user": "DesperateGossip", "id": 397413823084126208}, {"text": "I really don't know why there isn't more buzz around this. \u201c@badassdigest: HBO\u2019s TRUE DETECTIVE Looks So, So Good http://t.co/vBgUtZ4rb3\u201d", "user": "itsthemonk", "id": 397226976794386432}, {"text": "\u201c@Groove22: @Groove22 True Detective looks sick\u201d are you having a convo with yourself?", "user": "HazlettDan", "id": 397226283534655488}, {"text": "True Detective: Official Trailer (HBO): http://t.co/zjwaedFWdc via @youtube", "user": "Madiu21", "id": 397207497137602560}, {"text": "I'm really looking forward to True Detective. Which means it will fail and be cancelled shortly after beginning.", "user": "VIPonSwole", "id": 397181457535614976}, {"text": "I get a boner every time I see this true detective commercial", "user": "TheGringoKing", "id": 397181213099950081}, {"text": "Omnimystery News New Trailer for HBO's True Detective http://t.co/Qfi26WeSvI", "user": "litbreaker", "id": 397083108111286272}]