[{"text": "RT @camphalfblood: .@waltzofgemini  is it true that The Blood of Olympus will be released on 10-07-2014? /I believe that's the date. Yep.", "user": "FangirlAndFeels", "id": 399671960084291584}, {"text": "I'm listening to Dead Leaves And The Dirty Ground by The White Stripes on Pandora http://t.co/IgMusyESeD\n #pandora", "user": "DavidRegan", "id": 399669480260775937}, {"text": "#BishopNoelJones The City Of Refuge Choir going for blood!! https://t.co/3X12mRrdGv", "user": "itstiishaboo", "id": 399667012571394048}, {"text": "OMG! Pam f/ True Blood is in the building!!", "user": "DrewTheoloneus", "id": 399666196439920640}, {"text": "Back into True Blood mode!", "user": "caselcole", "id": 399663214033526784}, {"text": "RT @camphalfblood: .@waltzofgemini  is it true that The Blood of Olympus will be released on 10-07-2014? /I believe that's the date. Yep.", "user": "Sammar_Dakakni7", "id": 399662666941480960}, {"text": "Greetings from Raleigh, NC! I'm excited to be back on Twitter! Just got Internet and cable hooked up; can't wait to catch up on True Blood!", "user": "darealcarmelia9", "id": 399653858231595008}, {"text": "@Florsh true...", "user": "acid_for_blood", "id": 399635529014452224}, {"text": "Last episode of true blood arghhhh", "user": "chantellecam", "id": 399634271838928896}, {"text": "@dduck49 He married into the family, we're not even related by blood! :P But haha, yeah, true!", "user": "thecrazywriter", "id": 399633674355761153}, {"text": "RT @camphalfblood: .@waltzofgemini  is it true that The Blood of Olympus will be released on 10-07-2014? /I believe that's the date. Yep.", "user": "curiouskid02", "id": 399629731416387584}, {"text": "True Blood is a good show except there is a lot of boobs.", "user": "Ellisamarie15", "id": 399626399553945600}, {"text": "RT @camphalfblood: .@waltzofgemini  is it true that The Blood of Olympus will be released on 10-07-2014? /I believe that's the date. Yep.", "user": "abbsmc_gee", "id": 399620974544306176}, {"text": "RT @camphalfblood: .@waltzofgemini  is it true that The Blood of Olympus will be released on 10-07-2014? /I believe that's the date. Yep.", "user": "NelaAndrea21", "id": 399620861399171073}, {"text": "\"The bond that links your true family is not one of blood, but of respect and joy in each other's life.\"  - Richard Bach", "user": "AbiKalikwani", "id": 399612176568045568}, {"text": "othere o:s    serious lck of high quality screenshots from pam and tara's kiss in the season 5 true blood finale and i am outraged about it.", "user": "marshabgre", "id": 399611812041080832}, {"text": "RT @camphalfblood: .@waltzofgemini  is it true that The Blood of Olympus will be released on 10-07-2014? /I believe that's the date. Yep.", "user": "IndigoMX9", "id": 399610178825621504}, {"text": "RT @camphalfblood: .@waltzofgemini  is it true that The Blood of Olympus will be released on 10-07-2014? /I believe that's the date. Yep.", "user": "dearlumelar", "id": 399599482733883392}, {"text": "RT @camphalfblood: .@waltzofgemini  is it true that The Blood of Olympus will be released on 10-07-2014? /I believe that's the date. Yep.", "user": "BerrySwift13", "id": 399591408484360192}, {"text": "RT @camphalfblood: .@waltzofgemini  is it true that The Blood of Olympus will be released on 10-07-2014? /I believe that's the date. Yep.", "user": "soh_vip21", "id": 399588018497269761}, {"text": "RT @camphalfblood: .@waltzofgemini  is it true that The Blood of Olympus will be released on 10-07-2014? /I believe that's the date. Yep.", "user": "LWiseDemigod16", "id": 399586636264407040}, {"text": "RT @camphalfblood: .@waltzofgemini  is it true that The Blood of Olympus will be released on 10-07-2014? /I believe that's the date. Yep.", "user": "StealthTurtle", "id": 399583330741407744}, {"text": "RT @camphalfblood: .@waltzofgemini  is it true that The Blood of Olympus will be released on 10-07-2014? /I believe that's the date. Yep.", "user": "Cassy_R5", "id": 399581739439226880}, {"text": "RT @camphalfblood: .@waltzofgemini  is it true that The Blood of Olympus will be released on 10-07-2014? /I believe that's the date. Yep.", "user": "SibunAmerica", "id": 399579315534188544}, {"text": "RT @camphalfblood: .@waltzofgemini  is it true that The Blood of Olympus will be released on 10-07-2014? /I believe that's the date. Yep.", "user": "DezzaMM", "id": 399575694583558144}, {"text": "I hope JT does True Blood", "user": "Mic_Lauren", "id": 399574533826703360}, {"text": "RT @camphalfblood: .@waltzofgemini  is it true that The Blood of Olympus will be released on 10-07-2014? /I believe that's the date. Yep.", "user": "Anna_S_Jensen", "id": 399573402320904193}, {"text": "HBO network: True blood should not be canceled. http://t.co/42ZnxPvPNY via @change", "user": "tweetglo", "id": 399573014280302592}, {"text": "RT @camphalfblood: .@waltzofgemini  is it true that The Blood of Olympus will be released on 10-07-2014? /I believe that's the date. Yep.", "user": "InmortalTear", "id": 399570875227586560}, {"text": "RT @camphalfblood: .@waltzofgemini  is it true that The Blood of Olympus will be released on 10-07-2014? /I believe that's the date. Yep.", "user": "_stephmuscat_", "id": 399570827106328576}, {"text": "Greetings from Raleigh, NC! I'm excited to be back on Twitter! Just got Internet and cable hooked up; can't wait to catch up on True Blood!", "user": "hollaatsindy565", "id": 399570698043006976}, {"text": "RT @camphalfblood: .@waltzofgemini  is it true that The Blood of Olympus will be released on 10-07-2014? /I believe that's the date. Yep.", "user": "ZoeAoifetrix", "id": 399570102141476864}, {"text": "RT @camphalfblood: .@waltzofgemini  is it true that The Blood of Olympus will be released on 10-07-2014? /I believe that's the date. Yep.", "user": "lukecastellar", "id": 399568532104826880}, {"text": "Really.. The actor who used to play Jesus in true blood,now in Arrow... Nice", "user": "ThePerfectOne_", "id": 399568483064619008}, {"text": "RT @camphalfblood: .@waltzofgemini  is it true that The Blood of Olympus will be released on 10-07-2014? /I believe that's the date. Yep.", "user": "HaeunRo", "id": 399567531939487744}, {"text": "RT @camphalfblood: .@waltzofgemini  is it true that The Blood of Olympus will be released on 10-07-2014? /I believe that's the date. Yep.", "user": "yellowbookshelf", "id": 399567129248534528}, {"text": "RT @camphalfblood: .@waltzofgemini  is it true that The Blood of Olympus will be released on 10-07-2014? /I believe that's the date. Yep.", "user": "ashleedaniels17", "id": 399565521215311872}, {"text": "I hate when people say \"true\" .. Blood or not I'm sorry boo but I will no longer text you", "user": "itsruhhb", "id": 399563858596986880}, {"text": "RT @camphalfblood: .@waltzofgemini  is it true that The Blood of Olympus will be released on 10-07-2014? /I believe that's the date. Yep.", "user": "lightshale", "id": 399562244759244800}, {"text": "@stevenh1978 true. I've Native American blood from both my parents, as well as English/Scots/Swiss from Dad and French from Mom.", "user": "SWFBerwick", "id": 399560664563187712}, {"text": "Greetings from Raleigh, NC! I'm excited to be back on Twitter! Just got Internet and cable hooked up; can't wait to catch up on True Blood!", "user": "xoxsanda7601", "id": 399558403262930944}, {"text": "RT @camphalfblood: .@waltzofgemini  is it true that The Blood of Olympus will be released on 10-07-2014? /I believe that's the date. Yep.", "user": "_MarkVincenT_", "id": 399557918107779073}, {"text": "watching the true blood series + it's quite annoying but i still keep watching them-.-", "user": "whayisbethlavis", "id": 399557110867828736}, {"text": "RT @camphalfblood: .@waltzofgemini  is it true that The Blood of Olympus will be released on 10-07-2014? /I believe that's the date. Yep.", "user": "17Sarazin", "id": 399555122248040450}, {"text": "RT @camphalfblood: .@waltzofgemini  is it true that The Blood of Olympus will be released on 10-07-2014? /I believe that's the date. Yep.", "user": "AnielCamarena", "id": 399554830709952515}, {"text": "RT @camphalfblood: .@waltzofgemini  is it true that The Blood of Olympus will be released on 10-07-2014? /I believe that's the date. Yep.", "user": "michelle17S", "id": 399554138918240256}, {"text": "RT @camphalfblood: .@waltzofgemini  is it true that The Blood of Olympus will be released on 10-07-2014? /I believe that's the date. Yep.", "user": "AnushaaGupta", "id": 399551544091111425}, {"text": "RT @camphalfblood: .@waltzofgemini  is it true that The Blood of Olympus will be released on 10-07-2014? /I believe that's the date. Yep.", "user": "_Saah22", "id": 399548301613494272}, {"text": "RT @camphalfblood: .@waltzofgemini  is it true that The Blood of Olympus will be released on 10-07-2014? /I believe that's the date. Yep.", "user": "SisTicaw99", "id": 399547828231360512}, {"text": "RT @camphalfblood: .@waltzofgemini  is it true that The Blood of Olympus will be released on 10-07-2014? /I believe that's the date. Yep.", "user": "DrDeans_DinoGuy", "id": 399547542893256704}, {"text": "RT @camphalfblood: .@waltzofgemini  is it true that The Blood of Olympus will be released on 10-07-2014? /I believe that's the date. Yep.", "user": "annalfalcao", "id": 399544455994556416}, {"text": "RT @camphalfblood: .@waltzofgemini  is it true that The Blood of Olympus will be released on 10-07-2014? /I believe that's the date. Yep.", "user": "liviejmay", "id": 399544152696045568}, {"text": "RT @camphalfblood: .@waltzofgemini  is it true that The Blood of Olympus will be released on 10-07-2014? /I believe that's the date. Yep.", "user": "MillGirl7", "id": 399544031765868544}, {"text": "RT @camphalfblood: .@waltzofgemini  is it true that The Blood of Olympus will be released on 10-07-2014? /I believe that's the date. Yep.", "user": "JuliGmez29", "id": 399543918423179264}, {"text": "RT @camphalfblood: .@waltzofgemini  is it true that The Blood of Olympus will be released on 10-07-2014? /I believe that's the date. Yep.", "user": "nevermore151", "id": 399541005814624256}, {"text": "RT @camphalfblood: .@waltzofgemini  is it true that The Blood of Olympus will be released on 10-07-2014? /I believe that's the date. Yep.", "user": "Percy_Blackjack", "id": 399540953075445760}, {"text": "RT @camphalfblood: .@waltzofgemini  is it true that The Blood of Olympus will be released on 10-07-2014? /I believe that's the date. Yep.", "user": "elizderp", "id": 399540231915175936}, {"text": "RT @camphalfblood: .@waltzofgemini  is it true that The Blood of Olympus will be released on 10-07-2014? /I believe that's the date. Yep.", "user": "alena_booklover", "id": 399539625317777408}, {"text": "RT @camphalfblood: .@waltzofgemini  is it true that The Blood of Olympus will be released on 10-07-2014? /I believe that's the date. Yep.", "user": "James_Afro", "id": 399539562076069890}, {"text": "RT @camphalfblood: .@waltzofgemini  is it true that The Blood of Olympus will be released on 10-07-2014? /I believe that's the date. Yep.", "user": "Fannynimitable", "id": 399537783716712448}, {"text": "RT @camphalfblood: .@waltzofgemini  is it true that The Blood of Olympus will be released on 10-07-2014? /I believe that's the date. Yep.", "user": "waltzofgemini", "id": 399535614703304705}, {"text": "RT @camphalfblood: .@waltzofgemini  is it true that The Blood of Olympus will be released on 10-07-2014? /I believe that's the date. Yep.", "user": "NicoleTressler", "id": 399535045792530432}, {"text": "RT @camphalfblood: .@waltzofgemini  is it true that The Blood of Olympus will be released on 10-07-2014? /I believe that's the date. Yep.", "user": "elisavandy", "id": 399534625720401920}, {"text": "RT @camphalfblood: .@waltzofgemini  is it true that The Blood of Olympus will be released on 10-07-2014? /I believe that's the date. Yep.", "user": "Person25007025", "id": 399534253308137472}, {"text": "RT @camphalfblood: .@waltzofgemini  is it true that The Blood of Olympus will be released on 10-07-2014? /I believe that's the date. Yep.", "user": "hppjhoo", "id": 399534200589537280}, {"text": "RT @camphalfblood: .@waltzofgemini  is it true that The Blood of Olympus will be released on 10-07-2014? /I believe that's the date. Yep.", "user": "momoefolkz", "id": 399534006925938689}, {"text": "RT @camphalfblood: .@waltzofgemini  is it true that The Blood of Olympus will be released on 10-07-2014? /I believe that's the date. Yep.", "user": "bintawhd", "id": 399533841796173824}, {"text": "RT @camphalfblood: .@waltzofgemini  is it true that The Blood of Olympus will be released on 10-07-2014? /I believe that's the date. Yep.", "user": "karnaufal", "id": 399533110041116672}, {"text": "RT @camphalfblood: .@waltzofgemini  is it true that The Blood of Olympus will be released on 10-07-2014? /I believe that's the date. Yep.", "user": "Olympianswift", "id": 399532971465535488}, {"text": "RT @camphalfblood: .@waltzofgemini  is it true that The Blood of Olympus will be released on 10-07-2014? /I believe that's the date. Yep.", "user": "TehSatanic_", "id": 399531451948875776}, {"text": "RT @camphalfblood: .@waltzofgemini  is it true that The Blood of Olympus will be released on 10-07-2014? /I believe that's the date. Yep.", "user": "ohsybabe", "id": 399530593722982400}, {"text": "RT @camphalfblood: .@waltzofgemini  is it true that The Blood of Olympus will be released on 10-07-2014? /I believe that's the date. Yep.", "user": "sherryefendy", "id": 399529463097982977}, {"text": "RT @camphalfblood: .@waltzofgemini  is it true that The Blood of Olympus will be released on 10-07-2014? /I believe that's the date. Yep.", "user": "chobiunnie", "id": 399529252833742848}, {"text": "othre  :is   serious lck of high quality screenshots from pam and tara's kiss in the season 5 true blood finale and i am outraged about it.y", "user": "cakeblh", "id": 399529101247004672}, {"text": "RT @camphalfblood: .@waltzofgemini  is it true that The Blood of Olympus will be released on 10-07-2014? /I believe that's the date. Yep.", "user": "owlhead101", "id": 399528980656562176}, {"text": "RT @camphalfblood: .@waltzofgemini  is it true that The Blood of Olympus will be released on 10-07-2014? /I believe that's the date. Yep.", "user": "Tania_tachi", "id": 399528945864814593}, {"text": "RT @camphalfblood: .@waltzofgemini  is it true that The Blood of Olympus will be released on 10-07-2014? /I believe that's the date. Yep.", "user": "fernandavietri", "id": 399528411888357376}, {"text": "RT @camphalfblood: .@waltzofgemini  is it true that The Blood of Olympus will be released on 10-07-2014? /I believe that's the date. Yep.", "user": "yana_sison", "id": 399528263875194880}, {"text": "RT @camphalfblood: .@waltzofgemini  is it true that The Blood of Olympus will be released on 10-07-2014? /I believe that's the date. Yep.", "user": "rooxynroll", "id": 399527931246280704}, {"text": "RT @camphalfblood: .@waltzofgemini  is it true that The Blood of Olympus will be released on 10-07-2014? /I believe that's the date. Yep.", "user": "avapomme", "id": 399527479141875712}, {"text": "RT @camphalfblood: .@waltzofgemini  is it true that The Blood of Olympus will be released on 10-07-2014? /I believe that's the date. Yep.", "user": "angiefarugia", "id": 399527407620993024}, {"text": "RT @camphalfblood: .@waltzofgemini  is it true that The Blood of Olympus will be released on 10-07-2014? /I believe that's the date. Yep.", "user": "tams_radcliffe", "id": 399527021203976192}, {"text": "RT @camphalfblood: .@waltzofgemini  is it true that The Blood of Olympus will be released on 10-07-2014? /I believe that's the date. Yep.", "user": "SPQRomani", "id": 399526916417286145}, {"text": "RT @camphalfblood: .@waltzofgemini  is it true that The Blood of Olympus will be released on 10-07-2014? /I believe that's the date. Yep.", "user": "Andwonderlandd", "id": 399526483452256257}, {"text": "RT @camphalfblood: .@waltzofgemini  is it true that The Blood of Olympus will be released on 10-07-2014? /I believe that's the date. Yep.", "user": "dtasdemir79", "id": 399526225632567296}, {"text": "RT @camphalfblood: .@waltzofgemini  is it true that The Blood of Olympus will be released on 10-07-2014? /I believe that's the date. Yep.", "user": "Mellarker1", "id": 399525833184145408}, {"text": "RT @camphalfblood: .@waltzofgemini  is it true that The Blood of Olympus will be released on 10-07-2014? /I believe that's the date. Yep.", "user": "golds16", "id": 399525817073418240}, {"text": "RT @camphalfblood: .@waltzofgemini  is it true that The Blood of Olympus will be released on 10-07-2014? /I believe that's the date. Yep.", "user": "Eren_Yanz", "id": 399525697724485632}, {"text": "RT @camphalfblood: .@waltzofgemini  is it true that The Blood of Olympus will be released on 10-07-2014? /I believe that's the date. Yep.", "user": "Jemyeloi", "id": 399525683820785664}, {"text": "RT @camphalfblood: .@waltzofgemini  is it true that The Blood of Olympus will be released on 10-07-2014? /I believe that's the date. Yep.", "user": "razzahraaa", "id": 399525649997500416}, {"text": "RT @camphalfblood: .@waltzofgemini  is it true that The Blood of Olympus will be released on 10-07-2014? /I believe that's the date. Yep.", "user": "evelyncorrea_", "id": 399525612194660352}, {"text": "RT @camphalfblood: .@waltzofgemini  is it true that The Blood of Olympus will be released on 10-07-2014? /I believe that's the date. Yep.", "user": "slowgrint", "id": 399525611028246530}, {"text": "RT @camphalfblood: .@waltzofgemini  is it true that The Blood of Olympus will be released on 10-07-2014? /I believe that's the date. Yep.", "user": "anti_matter2", "id": 399525553591820288}, {"text": "RT @camphalfblood: .@waltzofgemini  is it true that The Blood of Olympus will be released on 10-07-2014? /I believe that's the date. Yep.", "user": "AnnidaSA", "id": 399525516182437888}, {"text": "RT @camphalfblood: .@waltzofgemini  is it true that The Blood of Olympus will be released on 10-07-2014? /I believe that's the date. Yep.", "user": "Zainab_Alatas", "id": 399525500692856833}, {"text": "RT @camphalfblood: .@waltzofgemini  is it true that The Blood of Olympus will be released on 10-07-2014? /I believe that's the date. Yep.", "user": "nekofruit", "id": 399525476898582529}, {"text": "RT @camphalfblood: .@waltzofgemini  is it true that The Blood of Olympus will be released on 10-07-2014? /I believe that's the date. Yep.", "user": "sherderpemelon", "id": 399525435295281153}, {"text": "RT @camphalfblood: .@waltzofgemini  is it true that The Blood of Olympus will be released on 10-07-2014? /I believe that's the date. Yep.", "user": "luinotlouie", "id": 399525410947346432}, {"text": "RT @camphalfblood: .@waltzofgemini  is it true that The Blood of Olympus will be released on 10-07-2014? /I believe that's the date. Yep.", "user": "julieverseee", "id": 399525358334009344}, {"text": "RT @camphalfblood: .@waltzofgemini  is it true that The Blood of Olympus will be released on 10-07-2014? /I believe that's the date. Yep.", "user": "lost_bluesky", "id": 399525356774121472}, {"text": "RT @camphalfblood: .@waltzofgemini  is it true that The Blood of Olympus will be released on 10-07-2014? /I believe that's the date. Yep.", "user": "blueeccastle", "id": 399525308795469824}, {"text": "RT @camphalfblood: .@waltzofgemini  is it true that The Blood of Olympus will be released on 10-07-2014? /I believe that's the date. Yep.", "user": "asdjkarlie", "id": 399525288096194562}, {"text": "RT @camphalfblood: .@waltzofgemini  is it true that The Blood of Olympus will be released on 10-07-2014? /I believe that's the date. Yep.", "user": "petrovaisfire", "id": 399525100351131648}, {"text": "RT @camphalfblood: .@waltzofgemini  is it true that The Blood of Olympus will be released on 10-07-2014? /I believe that's the date. Yep.", "user": "transophia02", "id": 399525011683151872}, {"text": "RT @camphalfblood: .@waltzofgemini  is it true that The Blood of Olympus will be released on 10-07-2014? /I believe that's the date. Yep.", "user": "BakMaja", "id": 399524845064818688}, {"text": "RT @camphalfblood: .@waltzofgemini  is it true that The Blood of Olympus will be released on 10-07-2014? /I believe that's the date. Yep.", "user": "heathee__", "id": 399524798897717249}, {"text": "RT @camphalfblood: .@waltzofgemini  is it true that The Blood of Olympus will be released on 10-07-2014? /I believe that's the date. Yep.", "user": "Faizachairunis1", "id": 399524678462488576}, {"text": "RT @camphalfblood: .@waltzofgemini  is it true that The Blood of Olympus will be released on 10-07-2014? /I believe that's the date. Yep.", "user": "itsmedhakumar", "id": 399524547877040128}, {"text": "RT @camphalfblood: .@waltzofgemini  is it true that The Blood of Olympus will be released on 10-07-2014? /I believe that's the date. Yep.", "user": "FrancBars", "id": 399524536606937088}, {"text": "RT @camphalfblood: .@waltzofgemini  is it true that The Blood of Olympus will be released on 10-07-2014? /I believe that's the date. Yep.", "user": "pipermclion", "id": 399524480282013696}, {"text": "RT @camphalfblood: .@waltzofgemini  is it true that The Blood of Olympus will be released on 10-07-2014? /I believe that's the date. Yep.", "user": "cornejoalexie", "id": 399524422811283456}, {"text": "RT @camphalfblood: .@waltzofgemini  is it true that The Blood of Olympus will be released on 10-07-2014? /I believe that's the date. Yep.", "user": "sayitcharlie", "id": 399524418239479809}, {"text": "RT @camphalfblood: .@waltzofgemini  is it true that The Blood of Olympus will be released on 10-07-2014? /I believe that's the date. Yep.", "user": "erica_keisha", "id": 399524378045448192}, {"text": "RT @camphalfblood: .@waltzofgemini  is it true that The Blood of Olympus will be released on 10-07-2014? /I believe that's the date. Yep.", "user": "wtfsomers", "id": 399524365240643584}, {"text": "RT @camphalfblood: .@waltzofgemini  is it true that The Blood of Olympus will be released on 10-07-2014? /I believe that's the date. Yep.", "user": "gabbyvaldez_", "id": 399524235938639872}, {"text": "RT @camphalfblood: .@waltzofgemini  is it true that The Blood of Olympus will be released on 10-07-2014? /I believe that's the date. Yep.", "user": "DannAlonso", "id": 399524210810560512}, {"text": "RT @camphalfblood: .@waltzofgemini  is it true that The Blood of Olympus will be released on 10-07-2014? /I believe that's the date. Yep.", "user": "Leticiarbm", "id": 399524054606315520}, {"text": "RT @camphalfblood: .@waltzofgemini  is it true that The Blood of Olympus will be released on 10-07-2014? /I believe that's the date. Yep.", "user": "Hema_HS", "id": 399524043289657344}, {"text": "RT @camphalfblood: .@waltzofgemini  is it true that The Blood of Olympus will be released on 10-07-2014? /I believe that's the date. Yep.", "user": "fucksanches", "id": 399524016815611904}, {"text": "RT @camphalfblood: .@waltzofgemini  is it true that The Blood of Olympus will be released on 10-07-2014? /I believe that's the date. Yep.", "user": "RENYgade_", "id": 399523987308310528}, {"text": "RT @camphalfblood: .@waltzofgemini  is it true that The Blood of Olympus will be released on 10-07-2014? /I believe that's the date. Yep.", "user": "calypsosleo", "id": 399523919017037824}, {"text": "RT @camphalfblood: .@waltzofgemini  is it true that The Blood of Olympus will be released on 10-07-2014? /I believe that's the date. Yep.", "user": "guh_silva45", "id": 399523902134972416}, {"text": "RT @camphalfblood: .@waltzofgemini  is it true that The Blood of Olympus will be released on 10-07-2014? /I believe that's the date. Yep.", "user": "alyalyssaw", "id": 399523854868942848}, {"text": "RT @camphalfblood: .@waltzofgemini  is it true that The Blood of Olympus will be released on 10-07-2014? /I believe that's the date. Yep.", "user": "rbertdowney", "id": 399523828478795776}, {"text": "RT @camphalfblood: .@waltzofgemini  is it true that The Blood of Olympus will be released on 10-07-2014? /I believe that's the date. Yep.", "user": "knowtris", "id": 399523771696283649}, {"text": "RT @camphalfblood: .@waltzofgemini  is it true that The Blood of Olympus will be released on 10-07-2014? /I believe that's the date. Yep.", "user": "Riechan95", "id": 399523734295298048}, {"text": "RT @camphalfblood: .@waltzofgemini  is it true that The Blood of Olympus will be released on 10-07-2014? /I believe that's the date. Yep.", "user": "SaerweNostariel", "id": 399523702829629440}, {"text": "RT @camphalfblood: .@waltzofgemini  is it true that The Blood of Olympus will be released on 10-07-2014? /I believe that's the date. Yep.", "user": "thatabbigirl", "id": 399523645640687616}, {"text": "RT @camphalfblood: .@waltzofgemini  is it true that The Blood of Olympus will be released on 10-07-2014? /I believe that's the date. Yep.", "user": "tasha97x", "id": 399523644898291712}, {"text": "RT @camphalfblood: .@waltzofgemini  is it true that The Blood of Olympus will be released on 10-07-2014? /I believe that's the date. Yep.", "user": "wreckitsam", "id": 399523609544105984}, {"text": "RT @camphalfblood: .@waltzofgemini  is it true that The Blood of Olympus will be released on 10-07-2014? /I believe that's the date. Yep.", "user": "Thyiaaa", "id": 399523605236547584}, {"text": "RT @camphalfblood: .@waltzofgemini  is it true that The Blood of Olympus will be released on 10-07-2014? /I believe that's the date. Yep.", "user": "krizziamarjovee", "id": 399523572898467841}, {"text": "RT @camphalfblood: .@waltzofgemini  is it true that The Blood of Olympus will be released on 10-07-2014? /I believe that's the date. Yep.", "user": "patjooo", "id": 399523565222895616}, {"text": "RT @camphalfblood: .@waltzofgemini  is it true that The Blood of Olympus will be released on 10-07-2014? /I believe that's the date. Yep.", "user": "juliamelocamara", "id": 399523550920732672}, {"text": "RT @camphalfblood: .@waltzofgemini  is it true that The Blood of Olympus will be released on 10-07-2014? /I believe that's the date. Yep.", "user": "ObeeyRainbow", "id": 399523545576796160}, {"text": "RT @camphalfblood: .@waltzofgemini  is it true that The Blood of Olympus will be released on 10-07-2014? /I believe that's the date. Yep.", "user": "aldirnt7", "id": 399523525343453184}, {"text": "RT @camphalfblood: .@waltzofgemini  is it true that The Blood of Olympus will be released on 10-07-2014? /I believe that's the date. Yep.", "user": "sARDYNas", "id": 399523509270888448}, {"text": "RT @camphalfblood: .@waltzofgemini  is it true that The Blood of Olympus will be released on 10-07-2014? /I believe that's the date. Yep.", "user": "acciolaix", "id": 399523504233926656}, {"text": "RT @camphalfblood: .@waltzofgemini  is it true that The Blood of Olympus will be released on 10-07-2014? /I believe that's the date. Yep.", "user": "DeaPao", "id": 399523502849400833}, {"text": "RT @camphalfblood: .@waltzofgemini  is it true that The Blood of Olympus will be released on 10-07-2014? /I believe that's the date. Yep.", "user": "PlutosHotStuff", "id": 399523501931241472}, {"text": "RT @camphalfblood: .@waltzofgemini  is it true that The Blood of Olympus will be released on 10-07-2014? /I believe that's the date. Yep.", "user": "itsanniemartell", "id": 399523470293622784}, {"text": "RT @camphalfblood: .@waltzofgemini  is it true that The Blood of Olympus will be released on 10-07-2014? /I believe that's the date. Yep.", "user": "manuyuno", "id": 399523441982070784}, {"text": "RT @camphalfblood: .@waltzofgemini  is it true that The Blood of Olympus will be released on 10-07-2014? /I believe that's the date. Yep.", "user": "jntoloyou", "id": 399523440442372096}, {"text": "RT @camphalfblood: .@waltzofgemini  is it true that The Blood of Olympus will be released on 10-07-2014? /I believe that's the date. Yep.", "user": "emotionalvocal", "id": 399523376534159361}, {"text": "RT @camphalfblood: .@waltzofgemini  is it true that The Blood of Olympus will be released on 10-07-2014? /I believe that's the date. Yep.", "user": "aFayeJava", "id": 399523370397487104}, {"text": "RT @camphalfblood: .@waltzofgemini  is it true that The Blood of Olympus will be released on 10-07-2014? /I believe that's the date. Yep.", "user": "cws_cornelia", "id": 399523350189314049}, {"text": "RT @camphalfblood: .@waltzofgemini  is it true that The Blood of Olympus will be released on 10-07-2014? /I believe that's the date. Yep.", "user": "mangiferabarium", "id": 399523332686487552}, {"text": "RT @camphalfblood: .@waltzofgemini  is it true that The Blood of Olympus will be released on 10-07-2014? /I believe that's the date. Yep.", "user": "jasminejakee", "id": 399523326462144513}, {"text": "RT @camphalfblood: .@waltzofgemini  is it true that The Blood of Olympus will be released on 10-07-2014? /I believe that's the date. Yep.", "user": "accioparamores", "id": 399523320783441920}, {"text": "RT @camphalfblood: .@waltzofgemini  is it true that The Blood of Olympus will be released on 10-07-2014? /I believe that's the date. Yep.", "user": "teithegreat", "id": 399523317998030850}, {"text": "RT @camphalfblood: .@waltzofgemini  is it true that The Blood of Olympus will be released on 10-07-2014? /I believe that's the date. Yep.", "user": "Dino_Defender", "id": 399523314806571008}, {"text": "RT @camphalfblood: .@waltzofgemini  is it true that The Blood of Olympus will be released on 10-07-2014? /I believe that's the date. Yep.", "user": "brianna_oneill", "id": 399523311572779008}, {"text": "RT @camphalfblood: .@waltzofgemini  is it true that The Blood of Olympus will be released on 10-07-2014? /I believe that's the date. Yep.", "user": "PjThgHp", "id": 399523269021564928}, {"text": "RT @camphalfblood: .@waltzofgemini  is it true that The Blood of Olympus will be released on 10-07-2014? /I believe that's the date. Yep.", "user": "AoifeShea", "id": 399523266777210880}, {"text": "RT @camphalfblood: .@waltzofgemini  is it true that The Blood of Olympus will be released on 10-07-2014? /I believe that's the date. Yep.", "user": "Frxdes", "id": 399523252785000448}, {"text": "RT @camphalfblood: .@waltzofgemini  is it true that The Blood of Olympus will be released on 10-07-2014? /I believe that's the date. Yep.", "user": "nonlhocapeeta", "id": 399523250478546944}, {"text": "RT @camphalfblood: .@waltzofgemini  is it true that The Blood of Olympus will be released on 10-07-2014? /I believe that's the date. Yep.", "user": "msbbrightside", "id": 399523248440086528}, {"text": "RT @camphalfblood: .@waltzofgemini  is it true that The Blood of Olympus will be released on 10-07-2014? /I believe that's the date. Yep.", "user": "LiiightEmUp", "id": 399523230869749760}, {"text": "RT @camphalfblood: .@waltzofgemini  is it true that The Blood of Olympus will be released on 10-07-2014? /I believe that's the date. Yep.", "user": "smurf808", "id": 399523225140756480}, {"text": "RT @camphalfblood: .@waltzofgemini  is it true that The Blood of Olympus will be released on 10-07-2014? /I believe that's the date. Yep.", "user": "dudoules", "id": 399523225086230528}, {"text": "RT @camphalfblood: .@waltzofgemini  is it true that The Blood of Olympus will be released on 10-07-2014? /I believe that's the date. Yep.", "user": "happily_justin", "id": 399523201128349696}, {"text": "RT @camphalfblood: .@waltzofgemini  is it true that The Blood of Olympus will be released on 10-07-2014? /I believe that's the date. Yep.", "user": "roooaawr", "id": 399523183256416256}, {"text": "RT @camphalfblood: .@waltzofgemini  is it true that The Blood of Olympus will be released on 10-07-2014? /I believe that's the date. Yep.", "user": "fallenfangirl", "id": 399523157301682177}, {"text": "RT @camphalfblood: .@waltzofgemini  is it true that The Blood of Olympus will be released on 10-07-2014? /I believe that's the date. Yep.", "user": "noterinnbranagh", "id": 399523128906235904}, {"text": ".@waltzofgemini  is it true that The Blood of Olympus will be released on 10-07-2014? /I believe that's the date. Yep.", "user": "camphalfblood", "id": 399523097641906176}, {"text": "Actor Rick Pantera finished watching True Blood 6x10 \"Radioactive\"  http://t.co/PFAIQBIiOR http://t.co/vC9uETMZDS #trakt", "user": "RickPantera", "id": 399499203539640320}, {"text": "RT @RickPantera: Actor Rick Pantera is veiwing True Blood 6x10 \"Radioactive\" w/out commercials http://t.co/PFAIQBIiOR http://t.co/vC9uETMZD\u2026", "user": "maoth17", "id": 399495082572652544}, {"text": "@bronzia88 I haven't watched True Blood in seasons. Didn't even know Hoyt was no longer a character.", "user": "SkinnyEllie", "id": 399493290481180672}, {"text": "Actor Rick Pantera is veiwing True Blood 6x10 \"Radioactive\" w/out commercials http://t.co/PFAIQBIiOR http://t.co/vC9uETMZDS #trakt", "user": "RickPantera", "id": 399488438682279936}, {"text": "Actor Rick Pantera finished watching True Blood 6x09 \"Life Matters\"  http://t.co/PFAIQBIiOR http://t.co/a8uj8dtMlS #trakt", "user": "RickPantera", "id": 399486927176728576}, {"text": "Actor Rick Pantera is veiwing True Blood 6x09 \"Life Matters\" w/out commercials http://t.co/PFAIQBIiOR http://t.co/a8uj8dtMlS #trakt", "user": "RickPantera", "id": 399475446053875712}, {"text": "I just voted for True Blood #premiumcabletv #PeoplesChoice Retweet to vote @peopleschoice @TrueBloodHBO", "user": "ErinEfrederick", "id": 399429873946873856}, {"text": "Soooo Erik from True Blood is in Zoolander?!? My mind is once again blown. #sookie #imissgoddrick", "user": "jakeywrastlin", "id": 399427019009974272}, {"text": "True blood http://t.co/pcirBWNN14", "user": "livin215", "id": 399422147778846720}, {"text": "Marathoning True Blood because coffee after dinner.", "user": "extoria", "id": 399418087386398720}, {"text": "Greetings from Raleigh, NC! I'm excited to be back on Twitter! Just got Internet and cable hooked up; can't wait to catch up on True Blood!", "user": "bitchinmelynda1", "id": 399415505942872064}, {"text": "The blood is red, the sky is blue, I need you so bad, it's so damn true, #WandFt it on? -Henry David Thoreau #famousquote", "user": "NursyaDewi", "id": 399412791976927232}, {"text": "You know it's true love when you can send him a picture of period blood and he still loves you \u263a\ufe0f\u263a\ufe0f \ud83d\ude02\ud83d\ude02\ud83d\ude02\ud83d\ude02\ud83d\ude02 @CJKayden", "user": "KathleenSickler", "id": 399386191470264320}, {"text": "True Blood #premiumcabletv #peopleschoice", "user": "Leibee610", "id": 399382500734431232}, {"text": "@laurawuskyy true I was trying to find a way to say that the top 5 have Spanish blood", "user": "OhWho_OhLu", "id": 399381834343383040}, {"text": "RT @ColeWorldNJ: Money is just admission for the true price you must pay is the blood you sacrifice", "user": "BRiAN_fAUSTO", "id": 399380135541211137}, {"text": "Photo: darkorama: True Blood is my answer; which are your fave kind of fangs? http://t.co/P8eeU8TbmC", "user": "AwolGina", "id": 399378337183068160}, {"text": "Photo: True Blood is my answer; which are your fave kind of fangs? http://t.co/dWABejGw6i", "user": "AwolGina", "id": 399378243083837440}, {"text": "@RidiculousAlex but true blood", "user": "AriannaScheiner", "id": 399377620150022144}, {"text": "True blood", "user": "arroyo_haydeliz", "id": 399373850557050880}, {"text": "true blood and a bottle of wine...#happysaturday \ud83c\udf77", "user": "taylor_gang365", "id": 399360515941470208}, {"text": "RT @PayaumS: \"The bond that links your true family is not one of blood, but of respect and joy in each other's lives.\" #bayshorefamily \u2764\ufe0f", "user": "Kryskatoa", "id": 399353927126495232}, {"text": "RT @PayaumS: \"The bond that links your true family is not one of blood, but of respect and joy in each other's lives.\" #bayshorefamily \u2764\ufe0f", "user": "Enacyp", "id": 399351757962477568}, {"text": "RT @PayaumS: \"The bond that links your true family is not one of blood, but of respect and joy in each other's lives.\" #bayshorefamily \u2764\ufe0f", "user": "avigoode21", "id": 399348938815594496}, {"text": "RT @PayaumS: \"The bond that links your true family is not one of blood, but of respect and joy in each other's lives.\" #bayshorefamily \u2764\ufe0f", "user": "alex_russo_3", "id": 399344564739526656}, {"text": "RT @PayaumS: \"The bond that links your true family is not one of blood, but of respect and joy in each other's lives.\" #bayshorefamily \u2764\ufe0f", "user": "EmmieHow", "id": 399344056041754626}, {"text": "RT @PayaumS: \"The bond that links your true family is not one of blood, but of respect and joy in each other's lives.\" #bayshorefamily \u2764\ufe0f", "user": "haytarrr", "id": 399342476009668608}, {"text": "RT @PayaumS: \"The bond that links your true family is not one of blood, but of respect and joy in each other's lives.\" #bayshorefamily \u2764\ufe0f", "user": "Lanaa_Christine", "id": 399342334774493184}, {"text": "RT @PayaumS: \"The bond that links your true family is not one of blood, but of respect and joy in each other's lives.\" #bayshorefamily \u2764\ufe0f", "user": "ianmaerki", "id": 399339833111625728}, {"text": "RT @PayaumS: \"The bond that links your true family is not one of blood, but of respect and joy in each other's lives.\" #bayshorefamily \u2764\ufe0f", "user": "higashi__miyagi", "id": 399339152673873920}, {"text": "RT @PayaumS: \"The bond that links your true family is not one of blood, but of respect and joy in each other's lives.\" #bayshorefamily \u2764\ufe0f", "user": "emilyfiscch", "id": 399338876176977920}, {"text": "RT @PayaumS: \"The bond that links your true family is not one of blood, but of respect and joy in each other's lives.\" #bayshorefamily \u2764\ufe0f", "user": "EmilyCCertain", "id": 399338026222239744}, {"text": "\"The bond that links your true family is not one of blood, but of respect and joy in each other's lives.\" #bayshorefamily \u2764\ufe0f", "user": "PayaumS", "id": 399337209960349696}, {"text": "RT @cawaki: I just voted for True Blood #premiumcabletv #PeoplesChoice. Retweet to vote http://t.co/MmTn7fAjp4 via @peopleschoice", "user": "Mini_Vampy", "id": 399334520895598592}, {"text": "Twilight: Ate animals. True Blood: Ate LIKE animals.. #tbisbetter", "user": "lazzarolupo", "id": 399333139941982208}, {"text": "Watching true blood on Apple tv", "user": "EmeelyChristine", "id": 399321086724419584}, {"text": "Deborah Lippmann True Blood Collection Sookie Sookie: Human Nature &amp; Fairy Dust http://t.co/3TQ6ZIfxv5", "user": "daly_beauty", "id": 399295339942780929}, {"text": "True to the game, long as blood is blue in veins. http://t.co/0r1LxotAf8", "user": "MIZZYMACK215", "id": 399281535142354944}, {"text": "I just voted for True Blood #premiumcabletv #PeoplesChoice. Retweet to vote http://t.co/MmTn7fAjp4 via @peopleschoice", "user": "cawaki", "id": 399259674232373248}, {"text": "@D_Belkin @Jbgud true but it's a blood sport.  I suspect #Jmart lost his mojo &amp; the #leadership counsel put #I-cog up to pushing it", "user": "Jbgud", "id": 399253907912024064}, {"text": "\"@ShadowAspect: One more score by Vanderbilt will put this game away, #Gators can't overcome a deficit like that\" True!  #vandy Smells blood", "user": "rrNoebel", "id": 399253098709131264}, {"text": "RT @WMUR9: Blood drive honors Veterans Day http://t.co/dzNvCM2mSk", "user": "IndianHeadNH", "id": 399251321095991296}, {"text": "@Kailkun @ThatKevinSmith if its promotion for True Blood or dildos, then it's fine. This is about Superman and a Blu Ray release.", "user": "Jason24cf", "id": 399250409044594688}, {"text": "I just voted for True Blood #premiumcabletv #PeoplesChoice. Retweet to vote http://t.co/AArWOXC3bT via @peopleschoice", "user": "1redrose63", "id": 399249206071656449}, {"text": "@ulaer RIGHT. I could've done with a whole film of bomer and there werewolf guy from true blood stripping and been VERY HAPPY", "user": "smarshtastic", "id": 399246024218533888}, {"text": "Just True Blood and this paper all weekend. \ud83d\ude1d\ud83d\ude33", "user": "yali_molly", "id": 399245413292969984}, {"text": "@utgjames but to be fair, has Kwanten ever done anything popular besides True Blood?", "user": "murraymaker", "id": 399229263292796928}, {"text": "Blood drive honors Veterans Day: Outdoor Pride Landscape Center will host the American Red Cross for a Veterans... http://t.co/sO7O0s6RBc", "user": "manchesternhnow", "id": 399210450564288512}, {"text": "RT @WMUR9: Blood drive honors Veterans Day http://t.co/dzNvCM2mSk", "user": "NHI95thm", "id": 399209007383986176}, {"text": "RT @WMUR9: Blood drive honors Veterans Day http://t.co/dzNvCM2mSk", "user": "GEOJUNGLE211", "id": 399208811783008256}, {"text": "Blood drive honors Veterans Day http://t.co/dzNvCM2mSk", "user": "WMUR9", "id": 399208437285797888}, {"text": "My Club Fangtasia Interview with True Blood Star, Jessica Clark, is Now Live! http://t.co/uVtC14SVYW via @mrszoomby", "user": "Girl_Who_Reads", "id": 399208354960011264}, {"text": "RT @RickPantera: I just started watching \"True Blood\". I have 5 seasons to catch up on.", "user": "NasraAbdiOmar", "id": 399199486893109248}, {"text": "\u201c@CrawfordComedy: True Blood = (\"Dragonball Z\" \u00f7 \"Twilight\") + (Abercrombie&amp;Fitch + Rainbows + Porn)\u201d #TrueBlood #fact", "user": "eJerryLee", "id": 399198635084488704}, {"text": "relaxing day ironing all done gonna have myself a sneaky smoke and then carry on watching True Blood love it!", "user": "carl292wild", "id": 399197928507834368}, {"text": "RT @bobbiedoll30: Mascato and true blood!!!!!", "user": "Cklass_King", "id": 399194877042622465}, {"text": "RT @mikemonello: James Del, Making Sponsored Content \u2018Less Shitty\u2019 - @CampfireNYC True Blood S2 work was Gawker's first foray http://t.co/M\u2026", "user": "andymorris", "id": 399179091615952896}, {"text": "RT @mikemonello: James Del, Making Sponsored Content \u2018Less Shitty\u2019 - @CampfireNYC True Blood S2 work was Gawker's first foray http://t.co/M\u2026", "user": "Grape", "id": 399175450972663809}, {"text": "James Del, Making Sponsored Content \u2018Less Shitty\u2019 - @CampfireNYC True Blood S2 work was Gawker's first foray http://t.co/MhRQVGQ10n", "user": "mikemonello", "id": 399167464246091776}, {"text": "22. NJ Is the Only State that Can Elicit a Cheer at a Bar from Every True Blood http://t.co/1ByrirLKjK", "user": "witchbythesea", "id": 399150644226818048}, {"text": "Bye \u00ab@True_Underdog So since i officially wanna punch microsoft in the dick til they vomit blood....i'm gonna got to sleep,\u00bb", "user": "cblockd", "id": 399111117785804800}, {"text": "?No, the stories frightened the adults more because they knew they were true.? #Read BOUND by BLOOD", "user": "TManderino", "id": 399093009528004608}, {"text": "Thank you Patty Shelton for giving me +K about True Blood! http://t.co/cjy2JkiS4R", "user": "Avon_Shay", "id": 399072518322917376}, {"text": "Thank you @AshWellington24 for giving me +K about True Blood! http://t.co/cjy2JkiS4R", "user": "Avon_Shay", "id": 399072174721355776}, {"text": "Just to let all ya'll know, that last tweet is from True Blood.", "user": "_ayeedakotaa", "id": 399065474928898048}, {"text": "RT @chloeekardash: @Dominiqueantm you are like a true blood filipina! \u2764\ud83d\udc8b Thank you!", "user": "Dominiqueantm", "id": 399060846501826560}, {"text": "Sorry I have been away for a while but Im back and sharing some love for my fave true blood lovers!!... http://t.co/OQ6yYGM9ry", "user": "EBH79", "id": 399059746214645761}, {"text": "thinking abt when true blood 2 yrs ago had an ep called \"night on the sun\" and I got excited for a modest mouse ref that never came", "user": "suspencey", "id": 399046997774454784}, {"text": "I'm watching True Blood (71 others are watching) http://t.co/W4WoRm9pNb #GetGlue @TrueBloodHBO", "user": "RockinRita03", "id": 399032659319746560}, {"text": "Only responding to texts with script lines from true blood", "user": "dirtyneutron", "id": 399029129657712640}, {"text": "One Night was a great play.  It was also cool being 15 ft away from Rutina Weasley aka Tara from True Blood. #awwhatthefuuuuck", "user": "likeits1991", "id": 399019299203198977}, {"text": "I favorited a @YouTube video http://t.co/sHqReQLucS True Blood - S04E01 - Eric/Sookie Sexy Last Scene - \"Sookie, You Are Mine!\"", "user": "LAJonesauthor", "id": 399015797731127296}, {"text": "@ItsTessaLane no true blood character?", "user": "HapiNinja", "id": 399014874472538112}, {"text": "I'm going to laugh at the woman who returns True Blood season 5 because it's 17 days overdue and that's 6 bucks in late fees haha suck it", "user": "MissMikaylaBee", "id": 399000469898420224}, {"text": "@halucy ha ha true! though he is kind of a genius,, the last time he went nuts he made a ton of money off of merchandising \"tiger blood\"", "user": "shannonlovesth", "id": 398996037206933504}, {"text": "Call'em by their true name.  Blood is thinker than water.", "user": "JB15_25", "id": 398992591951511552}, {"text": "Anyone watch True Blood or read the Sookie Stackhouse novels?", "user": "Gman0830", "id": 398992061237444608}, {"text": "I just voted for True Blood #premiumcabletv #PeoplesChoice. Retweet to vote http://t.co/AArWOXC3bT via @peopleschoice", "user": "1redrose63", "id": 398990343363768320}, {"text": "Calling all True Blood fans-- 20% off all skins AND FREE shipping! http://t.co/GM7Ce0GEsY http://t.co/EBjlakzGTE", "user": "ZingRevolution", "id": 398989583083646977}, {"text": "Watching first episode of True Blood &amp; Bill looks Sooo different.! Haha", "user": "JazzBishop32", "id": 398989507766550528}, {"text": "RT @loquaciousmuse: (Epic swag includes items from Game of Thrones, True Blood, Hunger Games, all kinds of Marvel, and tonstonstons more)", "user": "GoThrones_BOT", "id": 398988393042157568}, {"text": "(Epic swag includes items from Game of Thrones, True Blood, Hunger Games, all kinds of Marvel, and tonstonstons more)", "user": "loquaciousmuse", "id": 398988292256854016}, {"text": "vampire diaries/true blood/american horror story all night", "user": "dinadindindintu", "id": 398986512492032000}, {"text": "My bed. Glass of wine. And True Blood DVD Series. \ud83d\udc99 #Perfect. @TrueBloodHBO", "user": "JazzBishop32", "id": 398985704199712768}, {"text": "@paullynchwriter @littlebrown  : this is true. The Irish blood is in the streets of NYC.", "user": "NiurkaDiaz", "id": 398974336708915201}, {"text": "True blood, every time you're around I can smell it in you", "user": "tunnelvisionx", "id": 398967648845045760}, {"text": "\"@FEARnet: Scientist creates REAL LIFE True Blood - http://t.co/MNAJ3hoEn9\"-CALLING ALL VAMPIRES!-U can cum out now ;)", "user": "josieg0317", "id": 398962378140045312}, {"text": "Forget Goldman Sachs, the Redskins are the true vampire squid wrapped around my cerebellum with its blood funnel in my soul", "user": "morningmoneyben", "id": 398953542398279680}, {"text": "@ashleyahlstedt We had a girl in my hall sophomore year who didn't believe in them and would leave blood all over the bathroom.  True story.", "user": "Megs_C", "id": 398944605892513792}, {"text": "@Cyan1137 @dame_agnes @labsontheloose @tiggywinkle21 oh true k if u sure....Winnie!!! Cy wants transgression written in blood!!", "user": "cagans76", "id": 398939810758660096}, {"text": "Watching True Blood all weekend for homework #poorme \ud83d\ude0b", "user": "drewalllen", "id": 398939604294062080}, {"text": "My Club Fangtasia Interview with True Blood Star, Jessica Clark, is Now Live! http://t.co/QCs1QkF5L1 via @mrszoomby", "user": "RegularGuyNYC", "id": 398936554594267136}, {"text": "Oh my god, true blood is so disgusting but it's so good at the same time. #newobession", "user": "123Allons_y", "id": 398925064348762112}, {"text": "I'm listening to \"Blood\" by In This Moment on Pandora http://t.co/Moudt5vzkU #pandora", "user": "antbowman97", "id": 398919943564976128}, {"text": "I liked a @YouTube video http://t.co/B3vYtg1VrR Justin Timberlake - True Blood (The 20/20 Experience 2 )", "user": "StankovicStefan", "id": 398916755365437440}, {"text": "@jurneesmollett so are you gonna be on True Blood next season?", "user": "AaronNickey", "id": 398906274793811968}, {"text": "The Daily Mail is blaming Ariana Grande's demons on True Blood http://t.co/MQYffBYqRH", "user": "notbrendan", "id": 398898448654553088}, {"text": "True blood @jtimberlake #jt2020experience http://t.co/UJ5hb0cwY6", "user": "Manda_Flynn", "id": 398897142582243329}, {"text": "@KristiLuvsJesus @CaroleS1969 You have his blood? Bring it to a lab quick. They could prove everything you're saying true!", "user": "jlr3", "id": 398896044580536320}, {"text": "Study @IndianaUniv - Small RNA Molecules In Blood Could Diagnose #PancreaticCancer http://t.co/hLpBFhJtdg - #IU http://t.co/en8m5GQ9B1", "user": "knodeinc", "id": 398895306420789248}, {"text": "alexander skarsgard. all the skarsgard. #TGIF #hemademeswoon #TBT http://t.co/NSE5c5NLuP", "user": "jocelyn1212", "id": 398884437938548736}, {"text": "He was my true blood. And I never said I was his.", "user": "MinnieFawii", "id": 398881340805750785}, {"text": "#newmixtapealert @FLEETDJS presents #trueblood @tapehustlers http://t.co/qGn0pbBdY1 \n@215DjA @HollaAtBeanZ", "user": "DJSHURESHOT", "id": 398869644330545152}, {"text": "#newmixtapealert @FLEETDJS presents #trueblood @tapehustlers http://t.co/v0bNLL5Jpf \n@215DjA @HollaAtBeanZ", "user": "BIGBILLS_ENT", "id": 398869642325676032}, {"text": "#newmixtapealert @FLEETDJS presents #trueblood @tapehustlers http://t.co/qGn0pbBdY1 \n@ITZDJJUMPOFF @djalamonj @dj7thirty", "user": "DJSHURESHOT", "id": 398869610952261632}, {"text": "#newmixtapealert @FLEETDJS presents #trueblood @tapehustlers http://t.co/v0bNLL5Jpf \n@ITZDJJUMPOFF @djalamonj @dj7thirty", "user": "BIGBILLS_ENT", "id": 398869607227740161}, {"text": "#newmixtapealert @FLEETDJS presents #trueblood @tapehustlers http://t.co/qGn0pbBdY1  @CHILLiGRINDWILL @DJNOPHRILLZ @dj3two1", "user": "DJSHURESHOT", "id": 398869575430705152}, {"text": "#newmixtapealert @FLEETDJS presents #trueblood @tapehustlers http://t.co/v0bNLL5Jpf  @CHILLiGRINDWILL @DJNOPHRILLZ @dj3two1", "user": "BIGBILLS_ENT", "id": 398869570124931072}, {"text": "#newmixtapealert @FLEETDJS presents #trueblood @tapehustlers http://t.co/qGn0pbBdY1  @KLASSIKCEO @DJOS100 @TampaMystic", "user": "DJSHURESHOT", "id": 398869477472751616}, {"text": "#newmixtapealert @FLEETDJS presents #trueblood @tapehustlers http://t.co/v0bNLL5Jpf  @KLASSIKCEO @DJOS100 @TampaMystic", "user": "BIGBILLS_ENT", "id": 398869474058584064}, {"text": "Evn if ds is true,We r Nigerians bro.D blood is in U too.RT @Super_Spotter: These Eaglets are Cheats abeg ..", "user": "MillzBrainy_", "id": 398866026563375104}, {"text": "@devenlane @KarmaLovesGumbo @BdwayDiva1 @melirose89 True Blood.", "user": "_mamadeb", "id": 398858987443347457}, {"text": "I'm listening to \"Blood Pressure\" by The Lox on Pandora http://t.co/wKZf2u86tK\n #pandora", "user": "Mogulcity", "id": 398842755990171649}, {"text": "@mjellerson omg she's everything. So much better than when she was on true blood.", "user": "Doquinn76", "id": 398836193624092672}, {"text": "RT @djalamonj: RT @TripleHQ Photo: Fleet DJs present: True Blood | Mixtape | @djalamonj | View Post http://t.co/OtXAMMFozq @FLEETDJS", "user": "FLEETDJS", "id": 398830957773737984}, {"text": "@EvilKlaus Well I still RP as Jack but I put him in the True Blood fandom. I am head admin of a TVD/TO fandom as another OC in a group &gt;", "user": "JamesC518", "id": 398830910771965953}, {"text": "RT @vanessacholden: @bonjovilindylou hi now following thanks to mags :-) omg so much in common! I'm a supernatural lover! True blood walkin\u2026", "user": "bonjovilindylou", "id": 398829095234314240}, {"text": "RT @TripleHQ Photo: Fleet DJs present: True Blood | Mixtape | @djalamonj | View Post http://t.co/OtXAMMFozq @FLEETDJS", "user": "djalamonj", "id": 398828252145668096}, {"text": "Fleet DJs present: True Blood | Mixtape | @DJAlamoNJ | http://t.co/0FB2e0nNGr", "user": "SAndrewsPR", "id": 398827270808162304}, {"text": "Fleet DJs present: True Blood | Mixtape | @DJAlamoNJ | http://t.co/lliKTbjKhW", "user": "LouieRoca", "id": 398827180286672897}, {"text": "@bonjovilindylou hi now following thanks to mags :-) omg so much in common! I'm a supernatural lover! True blood walking dead etc!  Ness", "user": "vanessacholden", "id": 398813834607362048}, {"text": "No Shave Novemberr. All those people who say I'm Alcide from True Blood might just get it haha http://t.co/nyIztbGOFF", "user": "Willster328", "id": 398812403628265472}, {"text": "Finally watching the newest season of true blood.", "user": "britt_birdd", "id": 398812137726148608}, {"text": "@ibizoboi @Miss_Talie all the creatures in True Blood.", "user": "MyHaitiTravels", "id": 398805305418862592}, {"text": "@jackieachtert Once you do the fork in the garbage disposal with someone, you become bound by blood. True story.", "user": "SkittlesLPs", "id": 398801846107914241}, {"text": "\u201cThe bond that links your true family is not one of blood, but of respect and joy in each other\u2019s life.\u201d (Richard... http://t.co/Kngj1uUqf4", "user": "SteveGamlinSpkr", "id": 398786740728893440}, {"text": "TRUE BLOOD AUTOGRAPH CARD,STEPHEN MOYER AS BILL COMPTON,PREMIERE EDITION: Price 99.0 USD (0 Bids) End Time:... http://t.co/g1cZKJgOQH", "user": "_candiceboucher", "id": 398778299276488704}, {"text": "Blood type food diets #interesting.i'm introvert &amp;\nI shouldn't be eating meat apparently;) #wellthatwontbehappening!\n http://t.co/C2GV7uPWzi", "user": "commutercruiter", "id": 398721361134116864}, {"text": "@SithWannabe Not watching True Blood. I absolutely despise shows that romanticize movie monsters. And I've yet to crack open Game of Thrones", "user": "ChocoDragonJay", "id": 398702544639123456}, {"text": "So Daryl from Walking Dead, Andy Bellefleur from True Blood, Joaquin Phoenix, and Nic Cage all have a hand in \"8MM\". #Rewatchable", "user": "chad_hllngswrth", "id": 398684224338665472}, {"text": "Tonight I finished watching all of true blood for the 2nd time and I feel an even bigger void than when I finished it the first time", "user": "claireebeaarr", "id": 398677443881750529}, {"text": "@elizaaa37 me meeting Tuukka: `So is it true your blood type is God\u00b4", "user": "TuukkaRaskk_", "id": 398662716232982528}, {"text": "RT @livandjakesmama: @TrueBloodHBO @peopleschoice True Blood #premiumcabletv #PeoplesChoice", "user": "TheSkarsgards", "id": 398646022311661569}, {"text": "double cup true blood in that cough syrup", "user": "mvozu", "id": 398642642726031360}, {"text": "true blood is set in louisiana? hm", "user": "kz_harris", "id": 398635880979496960}, {"text": "True Blood: The Complete Third Season (Blu-ray Disc, 2011, 5-Disc Set) http://t.co/5mdup8BW7D", "user": "BlogCertified", "id": 398622058076446720}, {"text": "My name is Vito and I secretly love True Blood.", "user": "VitoHatesYouAll", "id": 398617980508311552}, {"text": "Maybe I'll watch Breaking the Faith to fill the huge void in my heart since True Blood is off for the year.", "user": "KaylaMarie_Anya", "id": 398604529190830080}, {"text": "@LadyTactics yeah that's true but I balance it out. Gears be giving my high blood pressure and cod just makes me hate white people haha", "user": "CalderonElRey", "id": 398602609952829440}, {"text": "RT @chiarasabrina16: Blood is thicker than water right ? That's what we all think but when it comes down to it that's not true", "user": "khromosome21", "id": 398597161757077504}, {"text": "Photoset: fortheloveofsookie: Beautifully Broken (26) - True Blood 3x02 \"You\u2019re going to invite me in so I... http://t.co/Ahua0Z61CE", "user": "MelanieMiro", "id": 398595679540346881}, {"text": "up on vampire diaries oh god cant believe she dumped damien shocked now to watch true blood let the blood n guts begin", "user": "horstex1xdaLane", "id": 398595039808335875}, {"text": "Plan for the night - True Blood season 3 and tea.", "user": "JesskaDenise", "id": 398592238453657600}, {"text": "It wouldn't be an episode of True Blood if Sookie didn't have sex", "user": "thegreatgribben", "id": 398588566248255489}, {"text": "@Socknitster @NaboCane I think it was a combination of Twilight and True Blood overload.  #Vampires", "user": "Loudmouthkid62", "id": 398583234243862528}, {"text": "Blood is thicker than water right ? That's what we all think but when it comes down to it that's not true", "user": "chiarasabrina16", "id": 398571922620833792}, {"text": "@TrueBloodHBO @peopleschoice True Blood #premiumcabletv #PeoplesChoice", "user": "RitaAbigail", "id": 398564535285870592}, {"text": "Blood donor turned away over hijab http://t.co/nbHYYMKXIJ", "user": "WGAL", "id": 398563879879335936}, {"text": "AHS is everything True Blood used to be", "user": "allie_noir", "id": 398557510099283968}, {"text": "@ScottCastro you know what show doesn't have zombies? True blood", "user": "tsayvs", "id": 398555884525465600}, {"text": "@TrueBloodHBO @peopleschoice True Blood #premiumcabletv #PeoplesChoice", "user": "livandjakesmama", "id": 398553301610143744}, {"text": "20 bucks that JTimbs' 'True Blood' will be in the promos for next season's of the show.", "user": "eclectic_soul", "id": 398551551121567746}, {"text": "@WeronikaPajdak TRUE BLOOD. yes.", "user": "hayes_callaway", "id": 398550700960919552}, {"text": "Drinking strawberry rhubarb tea our of a true blood mug while listening to strawberry bubblegum. We\u2026 http://t.co/PDZkRKrPZh", "user": "eeelexa", "id": 398548692686622720}, {"text": "@SuperbadLarry @BlackGirlNerds I did that with game of thrones, once upon a time &amp; true blood. Now I got a show per day! Lol #tvjunkie", "user": "LaJoliePoeta", "id": 398537068382789632}, {"text": "Photoset: this. woman. is. absolutely. GORGEOUS!\u00a0 \u2026I completely did not realize it was her in true Blood http://t.co/W7Wfkhqjac", "user": "theGreatGherkin", "id": 398532283537559553}, {"text": "TRUE BLOOD Entertainment Weekly 6/15/12 Covers 1-4 MINT &amp; Bonus#10 - Gorgeous http://t.co/9Zf0i3kZfI", "user": "BlogCertified", "id": 398531203051323392}, {"text": "(Aug. 2011) VIDEO: Alexander Skarsgard of True Blood outside Regis &amp; Kelly http://t.co/CMAyMsRE35", "user": "paparazzivideos", "id": 398529488998633473}, {"text": "@BreeOlson you look like a hotter version of Jessica from True Blood.", "user": "clewis632", "id": 398525446218055680}, {"text": "Photo: True Blood - The Final Season Poster (Pam) by emreunayli http://t.co/eAW3pxuhsq", "user": "MelanieMiro", "id": 398515592720023552}, {"text": "Photo: True Blood - The Final Season Poster (Eric) v2 by emreunayli http://t.co/ITQy8oX25X", "user": "MelanieMiro", "id": 398515154411061248}, {"text": "\"@Blood_Ova_Water: I just speak true facts\"", "user": "LOVE_KINGCASH", "id": 398514077527724032}, {"text": "RT @DJ7THIRTY: #newmixtapealert @FLEETDJS presents #trueblood @tapehustlers http://t.co/0nNruWcOd3   @ITZDJJUMPOFF @djalamonj @dj7thirty", "user": "djalamonj", "id": 398507640537354240}, {"text": "@epic_rudeboy true.. but if you kill a zombie and put their blood and shit on you it masks the human scent yo", "user": "xocaseyrae", "id": 398499551876640768}, {"text": "RT @DJSHURESHOT: #newmixtapealert @FLEETDJS presents #trueblood @tapehustlers http://t.co/qGn0pbBdY1 \n@215DjA @HollaAtBeanZ", "user": "215DjA", "id": 398492924486627328}, {"text": "RT @BIGBILLS_ENT: #newmixtapealert @FLEETDJS presents #trueblood @tapehustlers http://t.co/v0bNLL5Jpf \n@215DjA @HollaAtBeanZ", "user": "215DjA", "id": 398492896795828224}, {"text": "So who caught up with True Blood season 6 on FOX UK this week?! If not it's repeated Friday Saturday &amp; Sunday... http://t.co/6KO3OKoBcq", "user": "VampIrishfans", "id": 398491641696505856}, {"text": "#newmixtapealert @FLEETDJS presents #trueblood @tapehustlers http://t.co/qGn0pbBdY1 \n@215DjA @HollaAtBeanZ", "user": "DJSHURESHOT", "id": 398491553007562752}, {"text": "#newmixtapealert @FLEETDJS presents #trueblood @tapehustlers http://t.co/v0bNLL5Jpf \n@215DjA @HollaAtBeanZ", "user": "BIGBILLS_ENT", "id": 398491546636410880}, {"text": "#newmixtapealert @FLEETDJS presents #trueblood @tapehustlers http://t.co/qGn0pbBdY1 \n@ITZDJJUMPOFF @djalamonj @dj7thirty", "user": "DJSHURESHOT", "id": 398491506148798466}, {"text": "#newmixtapealert @FLEETDJS presents #trueblood @tapehustlers http://t.co/v0bNLL5Jpf \n@ITZDJJUMPOFF @djalamonj @dj7thirty", "user": "BIGBILLS_ENT", "id": 398491499140116480}, {"text": "#newmixtapealert @FLEETDJS presents #trueblood @tapehustlers http://t.co/qGn0pbBdY1  @CHILLiGRINDWILL @DJNOPHRILLZ @dj3two1", "user": "DJSHURESHOT", "id": 398491455099904000}, {"text": "#newmixtapealert @FLEETDJS presents #trueblood @tapehustlers http://t.co/v0bNLL5Jpf  @CHILLiGRINDWILL @DJNOPHRILLZ @dj3two1", "user": "BIGBILLS_ENT", "id": 398491447202025472}, {"text": "newmixtapealert @FLEETDJS presents #trueblood @tapehustlers http://t.co/qGn0pbBdY1  @KLASSIKCEO @DJOS100 @TampaMystic", "user": "DJSHURESHOT", "id": 398491406097862656}, {"text": "newmixtapealert @FLEETDJS presents #trueblood @tapehustlers http://t.co/v0bNLL5Jpf  @KLASSIKCEO @DJOS100 @TampaMystic", "user": "BIGBILLS_ENT", "id": 398491399307280385}, {"text": "\"Alternative\" chick: I've never gotten into science fiction but I LOVE True Blood because it's got sex and violence. [I hate you Denver.]", "user": "Organic_Mooseli", "id": 398486993006362625}, {"text": "I'm listening to \"One Blood\" by Junior Reid on Pandora http://t.co/sSTrTGjndi #pandora", "user": "nesta1672", "id": 398479195674001408}, {"text": "My Club Fangtasia Interview with True Blood Star, Jessica Clark, is Now Live! http://t.co/pk1jmnChSY via @mrszoomby", "user": "reviewsbydee", "id": 398466713139687424}, {"text": "#nbc spotlights #carriepreston for her involvement with #theprojectsolution.   http://t.co/n0wpHo4J8A", "user": "tpscommunity", "id": 398463247856041985}, {"text": "@ashthepooh I wanted to watch true blood cause the story but yeah I don't like sex scenes, I just looked away lol", "user": "lukesvenom", "id": 398459219969462273}, {"text": "@ashthepooh I just looked away during the sex scenes but they weren't as bad as True Blood's sex scenes which are way more graphic, I loved-", "user": "lukesvenom", "id": 398457793570545664}, {"text": "@Scamandalous Yes! Only When I Walk Away was great live! And True Blood was weiiiiiird.", "user": "PattywithaY", "id": 398456212716802048}, {"text": "Shootout to @mastatikle for being a true friend and one of the realist people I know #blood #brothers", "user": "MaxCiovacco", "id": 398418969251807232}, {"text": "True blood. Fruit cake and meggy moo in bed. #topthursday.. back on a plane tomorrow.", "user": "Renouf21", "id": 398417793080516611}, {"text": "True Blood #premiumcabletv #PeoplesChoice http://t.co/nYtkWyv7AR", "user": "lazzarolupo", "id": 398327188896112640}, {"text": "@onerebeldevil so far I am NOT happy the way it is going.....looks more like True Blood", "user": "raserranonyc", "id": 398303538071494656}, {"text": "Watching True Blood..great show", "user": "RobCosta1", "id": 398299229493661696}, {"text": "The laser light show and True Blood performance were clearly the portion JT came up with on his \"Blue Dream.\" #jtconcert", "user": "PattywithaY", "id": 398296094905757697}, {"text": "American Horror Story is starting to look like True Blood.....I don't like it", "user": "raserranonyc", "id": 398294035561185280}, {"text": "@jtimberlake you are not including true blood and leaving out amnesia. You little jerk.", "user": "kharpzzz", "id": 398293895047823360}, {"text": "True blood", "user": "MiKeYp2", "id": 398293876232179712}, {"text": "@TrinAndTonic True story: his blood actually cures all known diseases and 17 undiscovered ones", "user": "Muazimus_Prime", "id": 398290192903057408}, {"text": "Greetings from Raleigh, NC! I'm excited to be back on Twitter! Just got Internet and cable hooked up; can't wait to catch up on True Blood!", "user": "xhanh6711", "id": 398283906564100096}, {"text": "@ccolonx3 only music can follow the the blood and into the brain of a true musician", "user": "love_being_me13", "id": 398282712194490368}, {"text": "@_BiBiJones oh good choice. Of course you'd live the series that true blood is based on!!  Is it better then the show?", "user": "JuniorBoston1", "id": 398280526903390208}, {"text": "Sam ffom true blood is in Dexter", "user": "bdreamangel", "id": 398275279283826689}, {"text": "@dups127 @Shmouet Omg im in the middle of True Blood Merlin Lost Dexter Game Of Thrones plus all the shows im caught up with! Ugh", "user": "Danielpatrick29", "id": 398265345192230912}, {"text": "@DazzDiva I'm into true blood,gimme what I don't know I want,amnesia,when I walk away,cabaret", "user": "ChikityBaby", "id": 398258438851297280}, {"text": "True Blood: \"I'll be a virgin forever!\" #virginitymovie", "user": "caitlinrain", "id": 398255963511468032}, {"text": "@HeavyHitterDrew hmm... There's new girl game of thrones American horror story true blood arrow teen wolf scandal the office", "user": "Kryssy_Cakes", "id": 398254544733601792}, {"text": "I'm in true blood country!", "user": "MrsDaggett1", "id": 398250571267727360}, {"text": "@Amymcgill2 May sound better, but true blood hooligan", "user": "J_Sweenaldo", "id": 398233578825203712}, {"text": "\u201dTrue Blood\u201d Star Carrie Preston Teams Up With Husband To Help Those In Need http://t.co/ByYoI9ngPa  via @causeceleb", "user": "causeceleb", "id": 398209645887496192}, {"text": "Watching true blood in bed :)", "user": "chantellecam", "id": 398203082699730944}, {"text": "@ScubaSandt That's absolutely true about family not meaning blood. \u2764\ufe0f\ud83d\udc4c", "user": "MilitaryAngels", "id": 398197135940014080}, {"text": "\"True Blood\" by @jtimberlake #nowplaying", "user": "hannahsmin", "id": 398195853430505473}, {"text": "People's Choice Awards 2013 via @peopleschoice True Blood http://t.co/wPEPCDGSfX", "user": "fififolcum", "id": 398192802401898497}, {"text": "@helsbells2306 Or true blood.", "user": "kerplunkyoyo", "id": 398192169783402496}, {"text": "True Blood #premiumcabletv #PeoplesChoice", "user": "shadesofcaskett", "id": 398190848917004288}, {"text": "I just voted for True Blood. http://t.co/sgJ5PD6qzh", "user": "LauraSiverio", "id": 398174955830919169}, {"text": "@Moneesh @friedapplepie Bitten as in Mike Tyson? Or bitten as in True Blood? Or bitten as in figuratively bitten by the academic bug?", "user": "min_d_j", "id": 398168909880115200}, {"text": "@DarickR I hear he also has the right of prima nocte and the blood of your first born. Fair price for finding true love, I say.", "user": "YoureSoShain", "id": 398163360187162624}, {"text": "True blood by JT is the jam", "user": "wafflez_47", "id": 398162782895763457}, {"text": "@redcarpet What's up with the cheap whore look lately? The Blood Carpet increasingly shows its TRUE Allegiance to The Mother of Harlots!", "user": "theseedsowerz", "id": 398161458212532224}, {"text": "I am getting back into True Blood. Breaking bad has taken up a lot of my time.", "user": "kercz_sarah", "id": 398152838796558336}, {"text": "@MarcMonster that's true! Could be a sham just like blood and semen in Fame!", "user": "wconmonster", "id": 398152567546740736}, {"text": "#newmixtapealert @FLEETDJS presents #trueblood @tapehustlers http://t.co/qGn0pbBdY1 \n@215DjA @HollaAtBeanZ", "user": "DJSHURESHOT", "id": 398152381713494016}, {"text": "#newmixtapealert @FLEETDJS presents #trueblood @tapehustlers http://t.co/v0bNLL5Jpf \n@215DjA @HollaAtBeanZ", "user": "BIGBILLS_ENT", "id": 398152376197976064}, {"text": "#newmixtapealert @FLEETDJS presents #trueblood @tapehustlers http://t.co/OYORoFo1eD \n@ITZDJJUMPOFF @djalamonj @dj7thirty", "user": "DJSHURESHOT", "id": 398152347513544705}, {"text": "#newmixtapealert @FLEETDJS presents #trueblood @tapehustlers http://t.co/v0bNLL5Jpf \n@ITZDJJUMPOFF @djalamonj @dj7thirty", "user": "BIGBILLS_ENT", "id": 398152342031200256}, {"text": "#newmixtapealert @FLEETDJS presents #trueblood @tapehustlers http://t.co/qGn0pbBdY1  @CHILLiGRINDWILL @DJNOPHRILLZ @dj3two1", "user": "DJSHURESHOT", "id": 398152312218083328}, {"text": "#newmixtapealert @FLEETDJS presents #trueblood @tapehustlers http://t.co/v0bNLL5Jpf  @CHILLiGRINDWILL @DJNOPHRILLZ @dj3two1", "user": "BIGBILLS_ENT", "id": 398152308476760064}, {"text": "newmixtapealert @FLEETDJS presents #trueblood @tapehustlers http://t.co/qGn0pbBdY1  @KLASSIKCEO @DJOS100 @TampaMystic", "user": "DJSHURESHOT", "id": 398152280530104321}, {"text": "newmixtapealert @FLEETDJS presents #trueblood @tapehustlers http://t.co/v0bNLL5Jpf  @KLASSIKCEO @DJOS100 @TampaMystic", "user": "BIGBILLS_ENT", "id": 398152278424563712}, {"text": "@yoxxerika proper English was tossed in the 60s, get with it true blood", "user": "Luke_Is_Now_On", "id": 398151490038431744}, {"text": "I just voted for True Blood #premiumcabletv #PeoplesChoice. Retweet to vote http://t.co/g9MjXxTn6d via @peopleschoice", "user": "JamesC518", "id": 398139373406781440}, {"text": "TRUE OR FALSE?\n\nMiller-Keystone Blood Center is an affiliate of the American Red Cross.", "user": "MillerKeystone", "id": 398132682716352512}, {"text": "It's true, this admins blood pressure is low to the point of alarming. #barelybreathing but #stillfighting. http://t.co/uBb0tyOw8e", "user": "SeismoMedia", "id": 398132214606880769}, {"text": "I'm listening to Bring Your Whole Crew by DMX on Pandora http://t.co/bfCFTTewzW\n #pandora", "user": "j_scope", "id": 398122850076217344}, {"text": "@TiffanyDEmidio RIGHT?!  AHS is just True Blood this season. I'm not into it.", "user": "DuckyDoesTV", "id": 398113473793503232}, {"text": "I just voted for True Blood #premiumcabletv #PeoplesChoice. Retweet to vote http://t.co/F6aPPpcncm via @peopleschoice", "user": "AcidKontrolVM", "id": 398112585142108160}, {"text": "ColdestGirlinColdtown: a blood thirsty, frightening ya book about vampires, Coldtowns and one girl's worst nightmare coming true #QLIS739", "user": "eah1106", "id": 398104673434869761}, {"text": "TB FANS PLS RT &amp; VOTE I just voted for True Blood #premiumcabletv #PeoplesChoice. Retweet to vote http://t.co/I4Y3tXqe5b via @peopleschoice", "user": "fififolcum", "id": 398096192296333313}, {"text": "I just voted for True Blood #premiumcabletv #PeoplesChoice. Retweet to vote http://t.co/blIEo2SYmO", "user": "enieleverdeen", "id": 398084209274662912}, {"text": "@CalebMorleyVamp Eric from True Blood", "user": "SonnySoKoConnie", "id": 398060420097146880}, {"text": "@TrueBloodHBO @peopleschoice #premiumcabletv #peopleschoice  vote true blood", "user": "lipstickz123", "id": 398057781812789248}, {"text": "?No, the stories frightened the adults more because they knew they were true.? #Read BOUND by BLOOD", "user": "TManderino", "id": 397989504264327168}, {"text": "@evilapprentice @blairelovestv  Damn, that's rough! Not the true blood comparison. Can it possibly be that bad already?", "user": "themystikaal", "id": 397964207322169345}, {"text": "Tanya Wright on True Blood: http://t.co/uUUuQaMKzo via @awesome_reggie @tanyaTTwright Watch my friend, the fab Tanya in @OITNB, on Netflix:)", "user": "awesome_reggie", "id": 397958012641349632}, {"text": "...apparently I was having a great True Blood convo on Halloween lol, I've gotta stop being a vampire", "user": "ka_lyssa", "id": 397928149805441024}, {"text": "Just know that someone out there that isn't blood related to you or you have met before is your biggest fan, this only holds true today", "user": "obianyanwu", "id": 397925691880374272}, {"text": "I'm listening to \"Cake Mix\" by Lil' Blood  on Pandora http://t.co/4TY1OfzDtF #pandora", "user": "SmokeyTheBrad", "id": 397922777065619456}, {"text": "\u201c@TumblrEdits: http://t.co/Y3erOBX36A\u201d me with true blood @CaptainLizz", "user": "EllenPirate", "id": 397903824939393024}, {"text": "true life my brother is wearing Jordan's, watching gangland and just called me young blood", "user": "melissanooonan", "id": 397900351204233216}, {"text": "@caralynnshultz no but I should because what's is name from True Blood is in it.", "user": "achixanthem", "id": 397885242964721664}, {"text": "@Blood_Ova_Water Liar ! You ain't true to ya religion bra", "user": "Brat_GsUp", "id": 397872600116133888}, {"text": "Photo: I\u2019m watching True Blood 39 others are also watching. True Blood on http://t.co/0jhx28bSqv http://t.co/qvBzZdkd3Y", "user": "KatieCakez", "id": 397866295829757952}, {"text": "Oh my godddd the cliff hangers in true blood will be the death of me", "user": "iamcandy_kane", "id": 397864910732144640}, {"text": "From Anne Rice to Twilight to Vampire Diaries and now True Blood...I think I might finally have my fill of vampires...lol", "user": "TonianneVitale", "id": 397862684302901249}, {"text": "How sexy does eric look in all the sniper uniform!! Can't bare to think what will happen to him,, TRUE BLOOD is fangtastic!!!", "user": "RossAmandaross", "id": 397860578787864576}, {"text": "In Media Law class, I said FCC shouldn't regulate broadcasts bc we choose what we watch-- &amp; referenced HBO's True Blood v CW's Vamp Diaries\ud83d\ude46", "user": "sanahfaroke", "id": 397856728416800768}, {"text": "@judylhogue true blood!", "user": "MissMikaylaBee", "id": 397853379314974720}, {"text": "I miss True Blood so much! Thats probably why I still watch the old episodes nonstop @TrueBloodHBO", "user": "SillyPolci", "id": 397851868598378496}, {"text": "I'm listening to \"Comanche\" by In This Moment on Pandora http://t.co/65R2XeK1zL #pandora", "user": "antbowman97", "id": 397850819909140480}, {"text": "Watching true blood with your family and a sex scene comes \ud83d\ude48\ud83d\ude48 talk about awkward .....", "user": "Think_Skinny_", "id": 397845713205612544}, {"text": "RT @WayneL_Jr: Nah. \"RT @TheBloodShow: WayneL_Jr is it true ? Wayne the great Unblocked a blood ?\" http://t.co/sqaBrdUnL3", "user": "Im_Such_A_G", "id": 397844059760230400}, {"text": "RT @WayneL_Jr: Nah. \"RT @TheBloodShow: WayneL_Jr is it true ? Wayne the great Unblocked a blood ?\" http://t.co/sqaBrdUnL3", "user": "jazsme", "id": 397843924725035008}, {"text": "RT @WayneL_Jr: Nah. \"RT @TheBloodShow: WayneL_Jr is it true ? Wayne the great Unblocked a blood ?\" http://t.co/sqaBrdUnL3", "user": "MONEY__LINGO", "id": 397843403741749248}, {"text": "Nah. \"RT @TheBloodShow: WayneL_Jr is it true ? Wayne the great Unblocked a blood ?\" http://t.co/sqaBrdUnL3", "user": "WayneL_Jr", "id": 397843363958775808}, {"text": "Negative it's called \"True Love\" LOL RT @PINKlovexo_ \ud83d\ude33 thats disgusting RT @Geostigmatism: If she lets you keep her period blood.. wife that", "user": "Geostigmatism", "id": 397840654577176576}, {"text": "True Blood #premiumcabletv #PeoplesChoice", "user": "Heatherhut", "id": 397821392793899008}, {"text": "I'm listening to \"I Know\" by Ace Hood on Pandora http://t.co/THXX3U30ru #pandora", "user": "dee12783", "id": 397817717224640513}, {"text": "@UMich @VAAnnArbor - Smarter #BloodPressure Guidelines Prevent Heart Attacks, Strokes http://t.co/M5nQJuAtxq - #UMich http://t.co/7l3foLTkP7", "user": "knodeinc", "id": 397808231990697985}, {"text": "Woah what's up Jess from True Blood.", "user": "kevinfelixroman", "id": 397785600696516608}, {"text": "I'm listening to \"Whore\" by In This Moment on Pandora http://t.co/gKuVqGV7rC #pandora", "user": "PkmnMasterCammy", "id": 397766412770742272}, {"text": "#newmixtapealert @FLEETDJS presents #trueblood @tapehustlers http://t.co/qGn0pbBdY1 \n@215DjA @HollaAtBeanZ", "user": "DJSHURESHOT", "id": 397756156652691456}, {"text": "#newmixtapealert @FLEETDJS presents #trueblood @tapehustlers http://t.co/v0bNLL5Jpf \n@215DjA @HollaAtBeanZ", "user": "BIGBILLS_ENT", "id": 397756152173178880}, {"text": "#newmixtapealert @FLEETDJS presents #trueblood @tapehustlers http://t.co/qGn0pbBdY1 \n@ITZDJJUMPOFF @djalamonj @dj7thirty", "user": "DJSHURESHOT", "id": 397756110460841985}, {"text": "#newmixtapealert @FLEETDJS presents #trueblood @tapehustlers http://t.co/v0bNLL5Jpf \n@ITZDJJUMPOFF @djalamonj @dj7thirty", "user": "BIGBILLS_ENT", "id": 397756105511555072}, {"text": "#newmixtapealert @FLEETDJS presents #trueblood @tapehustlers http://t.co/qGn0pbBdY1  @CHILLiGRINDWILL @DJNOPHRILLZ @dj3two1", "user": "DJSHURESHOT", "id": 397756066122842113}, {"text": "#newmixtapealert @FLEETDJS presents #trueblood @tapehustlers http://t.co/v0bNLL5Jpf  @CHILLiGRINDWILL @DJNOPHRILLZ @dj3two1", "user": "BIGBILLS_ENT", "id": 397756062352171009}, {"text": "#newmixtapealert @FLEETDJS presents #trueblood @tapehustlers http://t.co/qGn0pbBdY1  @KLASSIKCEO @DJOS100 @TampaMystic", "user": "DJSHURESHOT", "id": 397756029980508160}, {"text": "#newmixtapealert @FLEETDJS presents #trueblood @tapehustlers http://t.co/v0bNLL5Jpf  @KLASSIKCEO @DJOS100 @TampaMystic", "user": "BIGBILLS_ENT", "id": 397756025618432000}, {"text": "For many, this is so true! Thank God for the blood.\n\nBut it's crazy because in one's attempt to review\u2026 http://t.co/KIkKrKqvDV", "user": "RydiculouslyMe", "id": 397730175984893953}, {"text": "HBO's True Blood Bill Compton Statue Bust #1361 of 5000 minted NEW LOW PRICE http://t.co/rlA3xge7hV", "user": "ramboproducts", "id": 397724298049499136}, {"text": "RT @Bkoogs215: @boogiedownSHON @Willieclassen @cheeks8888 @number2snake @Klitschko it was Anna Paquin. She's on that True Blood show on HBO", "user": "number2snake", "id": 397721623799033856}, {"text": "RT @Bkoogs215: @boogiedownSHON @Willieclassen @cheeks8888 @number2snake @Klitschko it was Anna Paquin. She's on that True Blood show on HBO", "user": "Willieclassen", "id": 397721590139748352}, {"text": "@boogiedownSHON @Willieclassen @cheeks8888 @number2snake @Klitschko it was Anna Paquin. She's on that True Blood show on HBO", "user": "Bkoogs215", "id": 397720644428640257}, {"text": "Fiiiine I'll watch an episode of True blood \ud83d\udc81", "user": "itsKRISTINITH", "id": 397707531541168128}, {"text": "RT @SportsCAPP: Bloody football helmets for a good cause. True our soldiers shed blood for us but this over the line? #concussions\nhttp://t\u2026", "user": "PinkConcussions", "id": 397703954337124352}, {"text": "Bloody football helmets for a good cause. True our soldiers shed blood for us but this over the line? #concussions\nhttp://t.co/RZABDhMPQI", "user": "SportsCAPP", "id": 397703127472041985}, {"text": "RT @SportsCAPP: Bloody football helmets for a good cause? True our soldiers shed blood for us but this over the line?\nhttp://t.co/RZABDhMPQ\u2026", "user": "Jimmy_Sanderson", "id": 397702337739124736}, {"text": "Bloody football helmets for a good cause? True our soldiers shed blood for us but this over the line?\nhttp://t.co/RZABDhMPQI via @NBCChicago", "user": "SportsCAPP", "id": 397701971781492736}, {"text": "I'm listening to \"Outta Control (Remix)\" by Mobb Deep on Pandora http://t.co/L7FSQeqXQw #pandora", "user": "Max33bey", "id": 397700813814243328}, {"text": "Actor Rick Pantera finished watching True Blood 6x08 \"Dead Meat\"  http://t.co/PFAIQBIiOR http://t.co/htGKmNNpce #trakt", "user": "RickPantera", "id": 397649474929315840}, {"text": "Actor Rick Pantera is veiwing True Blood 6x08 \"Dead Meat\" w/out commercials http://t.co/PFAIQBIiOR http://t.co/htGKmNNpce #trakt", "user": "RickPantera", "id": 397635554592194560}, {"text": "Actor Rick Pantera finished watching True Blood 6x07 \"In the Evening\"  http://t.co/PFAIQBIiOR http://t.co/r2snBA43X5 #trakt", "user": "RickPantera", "id": 397611652713287681}, {"text": "Actor Rick Pantera is veiwing True Blood 6x07 \"In the Evening\" w/out commercials http://t.co/PFAIQBIiOR http://t.co/r2snBA43X5 #trakt", "user": "RickPantera", "id": 397611146884440064}, {"text": "Actor Rick Pantera finished watching True Blood 6x06 \"Don't You Feel Me?\"  http://t.co/PFAIQBIiOR http://t.co/RUlyiA64bv #trakt", "user": "RickPantera", "id": 397608561880342528}, {"text": "I did start to watch 2seasons of \"True Blood\" I need to start all over with that Series. I heard there's Lots of Fucking.", "user": "BedRoomGNGSTA", "id": 397604389437063168}, {"text": "RT @funnyorfact: How true is this? http://t.co/zQ8W8oUYRG", "user": "Slash_Blood_", "id": 397601737382432768}, {"text": "RT @funnyorfact: That's true: http://t.co/nABrQmN5J9", "user": "Slash_Blood_", "id": 397601509187149825}, {"text": "RT @funnyorfact: How true is that? http://t.co/xCqzWShH1v", "user": "Slash_Blood_", "id": 397601359756668928}, {"text": "I don't care how behind I am. That Franklin guy off of true blood is fucking hilarious.", "user": "jupiterLILY", "id": 397600248501387264}, {"text": "@geeSm00vee_ lol true that, with cole closely following in 2nd. Peep hells kitchen and cold blood! so hard", "user": "KDaddyDutch", "id": 397597250396127233}, {"text": "Actor Rick Pantera is veiwing True Blood 6x06 \"Don't You Feel Me?\" w/out commercials http://t.co/PFAIQBIiOR http://t.co/RUlyiA64bv #trakt", "user": "RickPantera", "id": 397595928116621313}, {"text": "@haLiveLaughLove @Artemis1044 True! Life moves along quickly :( My dad passed away a year and a half ago already :( He had blood cancer.", "user": "ElisabethTesta", "id": 397592971383549953}, {"text": "it would be awesome if my internet could actually work normal for once so i can continue with true blood", "user": "taylor_gang365", "id": 397578475642421249}, {"text": "BOUT TO SHOW THESE OUTSIDERS WHAT A TRUE BLOOD LITTLE CRICK BOY DOES TO ITS OUTSIDERS TRYING TO RUN THE TOWN. \ud83d\ude08\ud83d\ude0f\ud83d\ude09", "user": "Mh_Thud", "id": 397575844845346816}, {"text": "So true @linaroque I'm already planning my outfit tomorrow around my big puffy jacket! My blood isn't ready for this yet! :p", "user": "andrav23", "id": 397575085990887425}, {"text": "Katelyn is my true blood sister like \ud83d\udc6d\ud83d\ude47", "user": "tracyle_", "id": 397571860701130753}, {"text": "Bumpin' this new Blood Orange, @devhynes is a true rap god", "user": "waronterroir", "id": 397564106728697857}, {"text": "@soffes ClipArt is the true blood of business.", "user": "stevensommer", "id": 397563957076295680}, {"text": "Good ass song http://t.co/hhPqlzO1b3 #pandora", "user": "Wilde_Tyler", "id": 397562796675989504}, {"text": "RT @ReelTalker: this just went all true blood on us #SleepyHollow", "user": "SMTVAddict", "id": 397554774092308480}, {"text": "RT @ReelTalker: this just went all true blood on us #SleepyHollow", "user": "derpygurlny", "id": 397554316300800000}, {"text": "RT @ReelTalker: this just went all true blood on us #SleepyHollow", "user": "BlackGirlNerds", "id": 397554230263021568}, {"text": "@noreencrayton I recognized his ass from True Blood", "user": "WhoaMellyNYC", "id": 397554166870315008}, {"text": "this just went all true blood on us #SleepyHollow", "user": "ReelTalker", "id": 397554073060139009}, {"text": "I still can't believe James Frain didn't get an Emmy nomination for his portrayal of Franklin on True Blood. #SleepyHollow", "user": "jhgive", "id": 397549348873318401}, {"text": "@tnwhiskeywoman hold on...i'm not up to the newest season of true blood yet. #spoilers but i think i know him from somewhere else.", "user": "ReelTalker", "id": 397548311290200064}, {"text": "Great casting!! \u201c@BlackGirlNerds: Is that Franklin from True Blood?? YES! #SleepyHollow\u201d", "user": "KellyCarter4", "id": 397547667150344192}, {"text": "Ooo it's you! Creepy vampire from True Blood! #SleepyHollow", "user": "anhanus", "id": 397547413667594240}, {"text": "Oh hey, that's the vampire who raped Tara on True Blood.  #SleepyHollow", "user": "trice10552", "id": 397547378476978176}, {"text": "I'm listening to Blood Brothers by Papa Roach on Pandora http://t.co/EeUHdbrfD3\n #pandora", "user": "tiffanyaliano", "id": 397535898385911808}, {"text": "@GetHipToMyEWW True well do work young blood", "user": "TJ_ThomasJ", "id": 397527533333139456}, {"text": "@DEstinedToBe_ he was on true blood so he uses to the kind of \" stuff\" ;) ehh no idea fans of TVD are changing to this new show don't no y:(", "user": "Irish_TVD_lover", "id": 397524903395860480}, {"text": "\u201c@katehennessyyo: @lheddd your pic remind me of True Blood and I LOVE IT\u201d I love you\ud83d\ude18\ud83d\ude0d", "user": "lheddd", "id": 397522855451455488}, {"text": "True!! RT @MsBunz617: Peter Gunz* RT @_MsFeiisty_: Love n Hip hop tonight. Damn show gonna gimme high blood pressure", "user": "_MsFeiisty_", "id": 397520623138009088}, {"text": "Alexander Skarsgard Love Triangle: Taylor Swift or Katie Holmes? http://t.co/Axe6IMQCYc #TheGiver #TrueBlood", "user": "ClosedSetMovies", "id": 397519900983709696}, {"text": "@HeartInsujood this is true, however I really think, my insides, are colors and sounds, not blood and tissue, if that makes any sense \ud83d\ude36", "user": "ImChase_", "id": 397516081252007936}, {"text": "Drama on the set of #TheGiver movie http://t.co/PExpDS5zXg", "user": "RebeckaSchumann", "id": 397512391409561602}, {"text": "In 3 days I've seen @Janina in 'The League', 'True Blood' and 'The Vampire Diaries'. Imagine the mashup there! #fantasywitchshiftingfootball", "user": "kittykat_shaw", "id": 397504989901635584}, {"text": "True blood now to cheer me up!!", "user": "RossAmandaross", "id": 397498143161720832}, {"text": "Dear book reviewers: when I say that blood, sweat &amp; tears go into every galley mailing, know that at least the blood part is true. #papercut", "user": "pamml", "id": 397485600812437504}, {"text": "LETTER: Fran Cronin is the kind of new blood needed http://t.co/NwR6C3Ybaf", "user": "cambridgemabuzz", "id": 397476553988116480}, {"text": "Woah. Ben's mom is Arlene from True Blood? Too many realizations of rewatching...", "user": "danistoney", "id": 397467743106400256}, {"text": "M!SS CRAZY!!\nFOR REAL HARD ROCKERS! Featuring songs-\n\"Hail Bruce Lee\" \"True Blood\" \"All About You\"... http://t.co/DCQtnlolFJ", "user": "INDIESCENERAD", "id": 397464096163233792}, {"text": "can't wait to see true blood tonight, im loving this season :-) x", "user": "zo_pink_1990", "id": 397454511893016576}, {"text": "there is  a serios lack of high quality screenshots from pam and tara's kiss in the season 5 true blood finale and i am outraged about it.a", "user": "TrishLugut", "id": 397447313116774400}, {"text": "RT @DaBiz12: Just because they blood doesn't mean they family RealShit sad but true got people I'm closer with that's not family that's lif\u2026", "user": "FMckiver13", "id": 397422346497437698}, {"text": "@dianelockharts and he was like \"I WANT TO DO MOVIES\" and yet the first thing he did was go to true blood, and now he's doing a midseason", "user": "strokefest", "id": 397419069546057728}, {"text": "I'm listening to Blood Bank by Bon Iver on Pandora http://t.co/omwJV9nUwI\n #pandora", "user": "Snoroach", "id": 397417769106284544}, {"text": "\u201c@therealdjscoop: #newmixtapealert @FLEETDJS presents #trueblood @tapehustlers http://t.co/HmIrdvQati  @KLASSIKCEO @DJOS100 @TampaMystic\u201d", "user": "SAVAGEISTHEKING", "id": 397416416720465920}, {"text": "@Zoeysib blood is irrelevant to who your true family is!", "user": "MustBeAWeasly", "id": 397413041836261377}, {"text": "#newmixtapealert @FLEETDJS presents #trueblood @tapehustlers http://t.co/qGn0pbBdY1 \n@215DjA @HollaAtBeanZ", "user": "DJSHURESHOT", "id": 397412435650310144}, {"text": "#newmixtapealert @FLEETDJS presents #trueblood @tapehustlers http://t.co/v0bNLL5Jpf \n@215DjA @HollaAtBeanZ", "user": "BIGBILLS_ENT", "id": 397412435507695616}, {"text": "#newmixtapealert @FLEETDJS presents #trueblood @tapehustlers http://t.co/v0bNLL5Jpf \n@ITZDJJUMPOFF @djalamonj @dj7thirty", "user": "BIGBILLS_ENT", "id": 397412408995508224}, {"text": "#newmixtapealert @FLEETDJS presents #trueblood @tapehustlers http://t.co/qGn0pbBdY1 \n@ITZDJJUMPOFF @djalamonj @dj7thirty", "user": "DJSHURESHOT", "id": 397412408274063360}, {"text": "#newmixtapealert @FLEETDJS presents #trueblood @tapehustlers http://t.co/qGn0pbBdY1  @CHILLiGRINDWILL @DJNOPHRILLZ @dj3two1", "user": "DJSHURESHOT", "id": 397412370839904256}, {"text": "#newmixtapealert @FLEETDJS presents #trueblood @tapehustlers http://t.co/v0bNLL5Jpf  @CHILLiGRINDWILL @DJNOPHRILLZ @dj3two1", "user": "BIGBILLS_ENT", "id": 397412370592432128}, {"text": "#newmixtapealert @FLEETDJS presents #trueblood @tapehustlers http://t.co/qGn0pbBdY1  @KLASSIKCEO @DJOS100 @TampaMystic", "user": "DJSHURESHOT", "id": 397412318478229504}, {"text": "#newmixtapealert @FLEETDJS presents #trueblood @tapehustlers http://t.co/v0bNLL5Jpf  @KLASSIKCEO @DJOS100 @TampaMystic", "user": "BIGBILLS_ENT", "id": 397412318234939393}, {"text": "I ain't got time for these vampires, Throw 'em in the fire cause I am that true blood", "user": "marty_voisine", "id": 397405773292376064}, {"text": "Binge viewing... multimedia bulimia. Pick up True Blood for your next extravaganza :) @RiverOfDeceit30", "user": "MikeSlickster", "id": 397394418795180032}, {"text": "@PlanetofFinks this reminds me of when the author of the True Blood series got death threats over her series finale", "user": "rachelmillman", "id": 397392407740030977}, {"text": "But no really, this day needs to go by really fast because I left True Blood on a cliffhanger last night and I CANNOT HANDLE IT.", "user": "the_scarecr0w", "id": 397377390504333312}, {"text": "@DjSiThompson very true, but I figure I always run into Iran Barkley and Junior Jones wandering around. Would like to see Blood for once", "user": "PunchZoneAris", "id": 397368112691286016}, {"text": "Seems like Russell Edgington from True Blood is flying with us to Kansas City! http://t.co/1d0lQhMe3Z", "user": "AlwaysOnText", "id": 397360926225362944}, {"text": "I liked a @YouTube video http://t.co/SNrSlgkAWz Justin Timberlake - True Blood - Choreography by Devon Perri (Official Dance Video)", "user": "kram230", "id": 397272483398955008}, {"text": "I should reallllly go to sleep. But true blood has me hooked.", "user": "StasonBobo", "id": 397231670593871872}, {"text": "RT @jmartin4s: PPP shows an Obama+5 electorate, if thats true, could be a blood bath for the house of delegates tuesday", "user": "ECmadtown", "id": 397216947672477696}, {"text": "PPP shows an Obama+5 electorate, if thats true, could be a blood bath for the house of delegates tuesday", "user": "jmartin4s", "id": 397215266305613824}, {"text": "RT @DaBiz12: Just because they blood doesn't mean they family RealShit sad but true got people I'm closer with that's not family that's lif\u2026", "user": "Sunkisseddia", "id": 397213195464892418}, {"text": "Just because they blood doesn't mean they family RealShit sad but true got people I'm closer with that's not family that's life tho", "user": "DaBiz12", "id": 397213118268706816}, {"text": "Season 7 of True Blood to air \nthis summer of 2014 but might \nbe the finale, how about no.", "user": "jaorres", "id": 397212178270281729}, {"text": "Vou assistir True Blood", "user": "jeanmau_5", "id": 397196810076585984}, {"text": "All I want to do is watch true blood and eat empanadas.", "user": "lebronjennifer", "id": 397195798762754048}, {"text": "Amazon - V-MODA True Blood V-80 Noise-Isolating Metal Headphone $114.99: Amazon Coupons http://t.co/OTc4galLZ7", "user": "uscouponcodes", "id": 397192732524814336}, {"text": "@tiff_fb she's always like this, she was pissed in the True Blood lips because people didn't like Chris Meloni's character.", "user": "kacesq", "id": 397191365316341760}, {"text": "#newmixtapealert @FLEETDJS presents #trueblood @tapehustlers http://t.co/qGn0pbBdY1 \n@215DjA @HollaAtBeanZ", "user": "DJSHURESHOT", "id": 397186707230949376}, {"text": "#newmixtapealert @FLEETDJS presents #trueblood @tapehustlers http://t.co/v0bNLL5Jpf \n@215DjA @HollaAtBeanZ", "user": "BIGBILLS_ENT", "id": 397186701463785472}, {"text": "#newmixtapealert @FLEETDJS presents #trueblood @tapehustlers http://t.co/qGn0pbBdY1 \n@ITZDJJUMPOFF @djalamonj @dj7thirty", "user": "DJSHURESHOT", "id": 397186673508765696}, {"text": "#newmixtapealert @FLEETDJS presents #trueblood @tapehustlers http://t.co/v0bNLL5Jpf \n@ITZDJJUMPOFF @djalamonj @dj7thirty", "user": "BIGBILLS_ENT", "id": 397186669465436162}, {"text": "#newmixtapealert @FLEETDJS presents #trueblood @tapehustlers http://t.co/v0bNLL5Jpf  @CHILLiGRINDWILL @DJNOPHRILLZ @dj3two1", "user": "BIGBILLS_ENT", "id": 397186637093806080}, {"text": "#newmixtapealert @FLEETDJS presents #trueblood @tapehustlers http://t.co/qGn0pbBdY1  @CHILLiGRINDWILL @DJNOPHRILLZ @dj3two1", "user": "DJSHURESHOT", "id": 397186635969736704}, {"text": "#newmixtapealert @FLEETDJS presents #trueblood @tapehustlers http://t.co/qGn0pbBdY1  @KLASSIKCEO @DJOS100 @TampaMystic", "user": "DJSHURESHOT", "id": 397186606458609664}, {"text": "#newmixtapealert @FLEETDJS presents #trueblood @tapehustlers http://t.co/v0bNLL5Jpf  @KLASSIKCEO @DJOS100 @TampaMystic", "user": "BIGBILLS_ENT", "id": 397186602637615104}, {"text": "@Z_Lev a true true true celtics fan right there, I can tell you have green in ur blood", "user": "mattbradley40", "id": 397173228697034752}, {"text": "@Luisito914 if u watched true blood you'd know you sound like the transgendered character Lafayette .. But ya don't", "user": "nikkytyouknowme", "id": 397165576839499776}, {"text": "\u201c@itsDorry: I believe in love at first episode\u201d TRUE BLOOD", "user": "nikkytyouknowme", "id": 397164179616182272}, {"text": "Been watching season 2 of True Blood for the last several hours. Damn I need season 3 &amp; the rest immediately!", "user": "meldiv75", "id": 397154278529576960}, {"text": "@Hamstertweet93 ...uh how do you mean? (And compared to what? Game of Thrones? True Blood? The Tudor? haha.)", "user": "girl_onthego", "id": 397148625727266817}, {"text": "monday = true blood\ntuesday = vampire diaries \ud83d\udc4c", "user": "sammy_95x", "id": 397142606209351680}, {"text": "@zoendOut do you have season 1 of True Blood?", "user": "MeChelleMaaBell", "id": 397138662967635969}, {"text": "@djtr3s it looks like it is true; he was put in an induced coma due to a blood clot on the brain", "user": "biggga", "id": 397133301892526080}, {"text": "A season and four episodes away from being completely caught up on True Blood and I don't know what to do.", "user": "the_scarecr0w", "id": 397117735512977408}, {"text": "Vampire bill , love some true blood.... http://t.co/yC8WzkPnpP", "user": "chilover62", "id": 397116723234877440}, {"text": "@PaulStanleyLive House of cards on Netflix is awesome!  Kevin Spacy.  Walking dead actually has a story and true blood hbo.", "user": "bin2281", "id": 397114986595909633}, {"text": "I'm listening to \"Postmortem\" by Slayer on Pandora http://t.co/gyJDyFxFxk #pandora", "user": "xena_888", "id": 397113701838635008}, {"text": "\"watch how fast I type 'motherfucker' *types on T9 keypad*... I'll delete it so you can watch again \" -Franklin, #True Blood XD *sigh*", "user": "CDUDZero", "id": 397096650440994816}, {"text": "Season 3 of True Blood Here I Come! On That Note Tumblr bound", "user": "Trickeed", "id": 397080826740879360}, {"text": "There is honestly nothing better than your own company on a Sunday night! In bed with fresh sheets, true blood and Doritos. HEAVEEEEEEN", "user": "beccayoung_", "id": 397079866820292609}, {"text": "@AngelaSimmons Don't say that don't say I'm acting funny cause that isn't true I put my blood sweat and tears into this into you into us", "user": "LifeStarDre", "id": 397079643200946176}, {"text": "Spent the last two days watching True Blood from season one, its safe to say I'm extremely obsessed", "user": "ImJustAamy", "id": 397074805905969152}, {"text": "About watch True Blood.\ud83d\ude08", "user": "ShantDaDon_", "id": 397057826256072704}, {"text": "RT @kybuchanan: Happy Birthday, Chirry! My trivia/Asian taste/true blood buddy is 21! #turnup #nursehillsnation @hillarypillary http://t.co\u2026", "user": "hillarypillary", "id": 397054634277494784}, {"text": "Happy Birthday, Chirry! My trivia/Asian taste/true blood buddy is 21! #turnup #nursehillsnation @hillarypillary http://t.co/g7I8vKJXbO", "user": "kybuchanan", "id": 397054461996466176}, {"text": "Best True Blood line: \"Alcide, you sure know how to treat a lady.\"", "user": "the_scarecr0w", "id": 397051587299774464}, {"text": "True Blood! Oh yee!", "user": "Pot_Noodle_", "id": 397006488750669826}, {"text": "Aye young blood. Stay true to yourself", "user": "BerrospeHector", "id": 397003805515984896}, {"text": "Urgently needed a blood donation O+ to cmc hospital \nPlease Contact 03734997\nShare and thank you.", "user": "True_Feminist", "id": 396964509786849280}, {"text": "@wendyvfeenstra lol no! I'm watching season 1 of True Blood! It's my all-time fave!", "user": "MeChelleMaaBell", "id": 396934778232258560}, {"text": "Actor Rick Pantera finished watching True Blood 6x05 \"Fuck the Pain Away\"  http://t.co/gPaafhMksX http://t.co/buLBmnuaVB #trakt", "user": "RickPantera", "id": 396927448581152768}, {"text": "@Caspar_Lee do u watch true blood??", "user": "AmaniAdalsha", "id": 396923286652989440}, {"text": "Actor Rick Pantera is veiwing True Blood 6x05 \"Fuck the Pain Away\" w/out commercials http://t.co/gPaafhMksX http://t.co/buLBmnuaVB #trakt", "user": "RickPantera", "id": 396915516897787904}, {"text": "True blood http://t.co/PyIgU5ei6h", "user": "UntouchableImag", "id": 396895469601054720}, {"text": "Vampire Life True Blood Dracula \ud83d\ude08\ud83d\udc7f\ud83d\udc4cRT\u201c@Jaaymoni: But why is my son still up tho ?\u201d", "user": "Mir_Montana15", "id": 396893651345108992}, {"text": "?No, the stories frightened the adults more because they knew they were true.? #Read BOUND by BLOOD", "user": "TManderino", "id": 396889919978618881}, {"text": "RT @maiamacfee: @nathandonarum: \"This is like the prequel to True Blood, right?\" #AbrahamLincolnVampireHunter", "user": "nathandonarum", "id": 396880531843211264}, {"text": "Yay now I can watch more of true blood!", "user": "StephCerulloX", "id": 396880020184264704}, {"text": "RT @Uneed_KiKee: \u201c@_DickTracey: Ki the female version of me ctfu! We really the same \ud83d\ude02\ud83d\ude02\ud83d\ude02\ud83d\ude02\u201d\ud83d\udc48\ud83d\udc48this is true we blood smfh u irkin brother but \u2026", "user": "_DickTracey", "id": 396875107593105408}, {"text": "\u201c@_DickTracey: Ki the female version of me ctfu! We really the same \ud83d\ude02\ud83d\ude02\ud83d\ude02\ud83d\ude02\u201d\ud83d\udc48\ud83d\udc48this is true we blood smfh u irkin brother but I loves ya!!", "user": "Uneed_KiKee", "id": 396874735445082113}, {"text": "I'm watching True Blood (27 others are watching) http://t.co/RuZQqrToAN #GetGlue @TrueBloodHBO", "user": "philip07304", "id": 396871551527972864}, {"text": "@nathandonarum: \"This is like the prequel to True Blood, right?\" #AbrahamLincolnVampireHunter", "user": "maiamacfee", "id": 396864940902207488}, {"text": "I'm listening to \"Under The Bridge\" by Red Hot Chili Peppers on Pandora http://t.co/ATlQWa4oUl #pandora", "user": "TheDanielRivera", "id": 396847490399752192}, {"text": "@beardmanifesto well done becoming final colorist on True Blood. #greatjob http://t.co/jAyMeWnZak", "user": "TairyGreen", "id": 396844655553556480}]