[{"text": "Under, er, outside the dome. @ MoMA PS1 Contemporary Art Center http://t.co/mny7bxlbFd", "user": "larosenfeld", "id": 399639626132226048}, {"text": "Can't believe I've watched all 12 episodes of under the dome with Hannah this weekend so I could explain what's happening \ud83d\ude2c", "user": "katiedyson__", "id": 399632481223467008}, {"text": "@AmyPatts yeah allergic to like everything under the sun, I should live in a dome", "user": "daphneduke", "id": 399621414548148224}, {"text": "Ya quiero ver Under The Dome!!!! #EMAzing Justin Bieber", "user": "MelaniCalabrese", "id": 399616202915332096}, {"text": "I am in love with Under The Dome! :O Joe is hot ;)", "user": "DjBieberSwag", "id": 399585364681437184}, {"text": "So I have about 70 pages left of Under the Dome. And it is definately one of the best books I have ever read, however", "user": "zbarry1015", "id": 399554697822232576}, {"text": "@PackerRanter I can dig a good miniseries. Has to be better than \"Under The Dome,\" right?", "user": "htphelps", "id": 399526147199090688}, {"text": "RT @GregBernhard: @GreenEyedLilo I hoped Under The Dome was going to be a live action version of The Simpsons Movie #disappointed #IWasElec\u2026", "user": "GreenEyedLilo", "id": 399512903294152704}, {"text": "@GreenEyedLilo I hoped Under The Dome was going to be a live action version of The Simpsons Movie #disappointed #IWasElectedToLeadNotToRead", "user": "GregBernhard", "id": 399512811665367040}, {"text": "Six Feet Under the Dome #IllAdvisedTVCrossovers", "user": "GreenEyedLilo", "id": 399511711751090176}, {"text": "Under the dome #Trauma", "user": "RiveraAlcaraz", "id": 399466590582104064}, {"text": "@UnderTheDomeCBS Under the Dome? hmmm...sounds a lot like \"Inside the Beltway\" with better actors...:)", "user": "Alicia_de_Vris", "id": 399386032140857346}, {"text": "Watching Under the Dome...", "user": "BayleyColeman", "id": 399350282108547072}, {"text": "i caught up on under the dome and atlantis today can i get a hell yeah", "user": "bradleysjames", "id": 399312776688304128}, {"text": "#nw episode 7 -Under The Dome \ud83d\udc4c", "user": "emacklemore", "id": 399282503888154624}, {"text": "Speed Date With 'Under the Dome' Hottie Alexander Koch http://t.co/vCm0gMhzUP via @YahooTV", "user": "SleepyInNJ", "id": 399131115711000576}, {"text": "Aurora Snow Says: \"Under the Dome isn't bad, but as a fan of Stephen King's novel, I find it somewhat... http://t.co/nwkdhkmpgL", "user": "bluraydef", "id": 399079502485012480}, {"text": "Holy shit. Under the Dome just went from crazy to CRAZY", "user": "zbarry1015", "id": 399055790793056256}, {"text": "Did I buy season 1 of Under The Dome? Yes I did. Have I ever seen the show? Why no I haven't!", "user": "TheRealMattC", "id": 399038697745960961}, {"text": "@kandcsmomma Under the Dome LOL", "user": "SleepyInNJ", "id": 399036153695055872}, {"text": "Stephen King Under the Dome signed, and limited edition Voltaic solar backpack!: Price 219.99 USD (0 Bids) End... http://t.co/P4kr9E6rLD", "user": "doutzen__kroes", "id": 399009629654368257}, {"text": "At the under 4 timeout, Syracuse in control 75-57 at the Carrier Dome.", "user": "WAERSports", "id": 398989312726822912}, {"text": "The 2nd half is under way at the Carrier Dome. 40-35 Cornell in front", "user": "WAERSports", "id": 398980151234416641}, {"text": "\u2665\u2665\u2665\u2665\u2665\"Under the Dome\" on Blu-Ray \u2665\u2665\u2665\u2665\u2665\u2665", "user": "SleepyInNJ", "id": 398967376462749696}, {"text": "Aurora Snow's Under the Dome: Season One Blu-ray Review http://t.co/ialBtL4tdF #AuroraSnowSays #Drama #Feature #Mystery #scifi #Thrller.", "user": "bluraydef", "id": 398967016532361217}, {"text": "Under the dome no canal TNT", "user": "aanalu_sf", "id": 398956834956255232}, {"text": "RT @benjiw: I marvel that I'm still watching Under The Dome (not a patch on the novel). @kevtan1066 is a fan", "user": "ge0_ff", "id": 398938768226271232}, {"text": "I liked a @YouTube video http://t.co/LVLQ8HxZKH Under the Dome - Pink Stars are falling in lines Dubstep mix", "user": "moo_husk", "id": 398926418693730304}, {"text": "The 7th Annual Artists Under the Dome Event is Wed. Nov. 13,10-2pm in the Mass. State House's Great Hall! #BostonArts http://t.co/7QC4cteBFI", "user": "PublicArtBoston", "id": 398924413183090688}, {"text": "@sallyedevlin @kev13F Now I know why you like Under the Dome (in book form). It taught you some words....I think I'm too much a prude.", "user": "saropph", "id": 398924090460762112}, {"text": "RT @teenwoIfie_: #nw under the dome", "user": "_BeachOn", "id": 398899006388310016}, {"text": "#nw under the dome", "user": "teenwoIfie_", "id": 398898955154903040}, {"text": "#nowwatching Under the Dome Season 1, Ep 6. #UnderTheDome #GetGlue http://t.co/HX2KbeTChQ", "user": "Emisapunkrocker", "id": 398833595491831808}, {"text": "15% done with Under the Dome, by Stephen King http://t.co/OyzlFtBzWj", "user": "gyabou", "id": 398821210361851905}, {"text": "Have watched two episodes from my new Under the Dome DVD set and I'm in heaven. Great to catch up on scenes I missed,", "user": "wise13183", "id": 398770380569333760}, {"text": "RT @ruh_7ra: Under the dome", "user": "OrianeCz", "id": 398678560686477312}, {"text": "@MickyUrchin35 @DarkGenex how about Under The Dome :D?", "user": "True_Chris12902", "id": 398649034011049984}, {"text": "Started watching this new series Under The Dome and Hank from Breaking Bad is in it", "user": "KingOfTheN0rth", "id": 398603542136889344}, {"text": "RT @ruh_7ra: Under the dome", "user": "AxelleSchmdlkfr", "id": 398574466479169536}, {"text": "Under the dome", "user": "ruh_7ra", "id": 398573000062406656}, {"text": "Stay updated with art in the State House! Attend Artists Under the Dome 11/13 10am-2pm! Click here for more: http://t.co/Xjfd1rkG9I", "user": "MASSCreative", "id": 398570694121779200}, {"text": "Just found out there's another episode of Under the Dome for me to watch. Sweet.", "user": "adam_griffiths", "id": 398567829969965056}, {"text": "Under the dome !", "user": "VictoriaTourel", "id": 398564283451445248}, {"text": "#nw under the dome", "user": "achkmed", "id": 398556269126385664}, {"text": "Anyone else watch that show 'Under The Dome'", "user": "ThisIsBlanco", "id": 398553451518386176}, {"text": "Under The Dome.... Le futur The Walking Dead?? \ud83d\ude0f", "user": "CaptainPoseey", "id": 398546049666940928}, {"text": "RT @Marie_Rivoallan: #nw Under the Dome *-*#M6", "user": "alright478", "id": 398540938597130240}, {"text": "#nowwatching Under the Dome Season 1, Ep 4&amp;5. #UnderTheDome #GetGlue http://t.co/HX2KbeTChQ", "user": "Emisapunkrocker", "id": 398540758162362368}, {"text": "#nw Under the Dome *-*#M6", "user": "Marie_Rivoallan", "id": 398540284285292544}, {"text": "#NW : Under The Dome", "user": "Wollex_35", "id": 398540184129908737}, {"text": "RT @massmouth: Massachusetts-based artists! The State House is throwing you a party! #storytelling\nhttp://t.co/pj77sSAtR1\n@MASSCreative @YA\u2026", "user": "YAMassachusetts", "id": 398527342676811776}, {"text": "THE INVISIBLE WOMAN, from the makers of CBS's UNDER THE DOME #deadlyMarvelshows", "user": "jonnyabomb", "id": 398508018218074112}, {"text": "Palace intrigue this morning under the dome.", "user": "MattRooneyNJ", "id": 398494579843813376}, {"text": "@Linnjacob Yes! Can't believe Saga went on hiatus for him to work on Under the Dome...", "user": "williamjbarlett", "id": 398490983056154624}, {"text": "Under the Dome is seriously the new Lost.", "user": "dasfoul", "id": 398486617708847104}, {"text": "@StevensPoints @mattsinger have to put Under The Dome out of it's misery first.  And pack on the pounds...", "user": "pffulton", "id": 398481614025420800}, {"text": "Peace be upon the one under whose dome answer (to supplications) is guaranteed. -- Ziyarat #Nahiyah\n\nMajalis cont. tonight @ 8pm\n\n#hussain", "user": "astaanaezehra", "id": 398477691294191616}, {"text": "Currently living Under The Dome...Stephen King is a god", "user": "Michaeloezil", "id": 398460000173314048}, {"text": "Win #UndertheDome Season 1 on DVD from @TVFanatic! http://t.co/wsKpB6o6t5", "user": "judefan", "id": 398458645500796928}, {"text": "Under the dome just gets better and better (y)", "user": "Crystaljlouise", "id": 398361115442159617}, {"text": "Just finished watching 'Under The Dome' series and extras on the discs. Can't wait for season 2 to start.", "user": "brinksace", "id": 398294468421775360}, {"text": "but i just can't do it today. I have to return under the dome to ms. galloway", "user": "The_Promise13", "id": 398283684656074754}, {"text": "@OhYeahCHELSEAA do they get elected under the carrier dome??????", "user": "herrsturm", "id": 398278285270220800}, {"text": "One  Week From Today! The 7th Annual Artists Under the Dome at the Massachusetts State House-Wednesday, November... http://t.co/s7DbThZHkr", "user": "MassArtists", "id": 398262293362126849}, {"text": "Oh my under the dome series is amazing I usually dont like thriller series but its the best thing on tv right now", "user": "lwhitehill", "id": 398233152227147776}, {"text": "RT @massmouth: Massachusetts-based artists! The State House is throwing you a party! #storytelling\nhttp://t.co/pj77sSAtR1\n@MASSCreative @YA\u2026", "user": "Norah_Dooley", "id": 398222163679121408}, {"text": "RT @JustBelieve121: OMG! I'm watching the first episode of Under The Dome in Argentina!! @colinfordactor", "user": "SweetHopee", "id": 398210132645253120}, {"text": "Under the dome just keeps getting better", "user": "___BULLY___", "id": 398203445074993152}, {"text": "Under the Dome is so good and I have no one to be all omgah about it with :(", "user": "dasfoul", "id": 398202871935926272}, {"text": "Is under the dome", "user": "MrsEmmaHall", "id": 398197367876648960}, {"text": "Massachusetts-based artists! The State House is throwing you a party! #storytelling\nhttp://t.co/pj77sSAtR1\n@MASSCreative @YAMassachusetts", "user": "massmouth", "id": 398190306039832576}, {"text": "Under the dome is such a good tv series!", "user": "ariwonderstruck", "id": 398188320582541312}, {"text": "Taking lots of Capitol pictures before the Dome goes under renovation for 2 years! What a beautiful fall day! http://t.co/z0jqoCOPMW", "user": "beth1027", "id": 398187211864432641}, {"text": "Win #UndertheDome Season 1 on DVD from @TVFanatic! http://t.co/wsKpB6o6t5", "user": "judefan", "id": 398180321444638720}, {"text": "DVD/Blu-Ray Releases: Mad Men, An Under The Dome Giveaway &amp; More! - TV Fanatic http://t.co/FTeMYgBWl3", "user": "MadMenReport", "id": 398161448222085120}, {"text": "Win #UndertheDome Season 1 on DVD from @TVFanatic! http://t.co/oa9EiHvH5R", "user": "JCman7", "id": 398158751837868033}, {"text": "FINDING THE PONY: Living my life under the (cancer) dome http://t.co/5NZ6zqqalI via @OnlineSentinel  Interesting perspective #myeloma", "user": "IMFsupport", "id": 398112531228528640}, {"text": "omg omg omg omg omg I still have the last Under the Dome to watch!", "user": "KirstenM95", "id": 398080786517065729}, {"text": "5 of 5 stars to Under the Dome by Stephen King http://t.co/aeMvuCryiM", "user": "tylopoda", "id": 398079381530091520}, {"text": "In college, I two-stepped under the dome with my then-boyfriend after @RODEOHOUSTON. It felt like an honor to be there.  #AstrodomeMemories", "user": "ashleyalderman", "id": 398078790091300864}, {"text": "ABC Developing Alien Drama From 'Under the Dome' Writer (Exclusive) http://t.co/uGLqSJe4WT", "user": "LynnShawProd", "id": 398068995842404352}, {"text": "RT @TVGuide: Exclusive Sneak Peek: How Under the Dome went from a Stephen King novel to a TV series http://t.co/5wN2eIZPEE @UndertheDomeCBS", "user": "shirokiambo", "id": 398000107096145920}, {"text": "RT @simonschuster: How Stephen King's Under the Dome went from novel to series: http://t.co/pDTirrzfey", "user": "WstonesKingston", "id": 397985504047955968}, {"text": "Where can I get this jacket that @nataliezea wears on Under the Dome? Serious question, I NEED it! http://t.co/HKIhcVls6Z", "user": "shoshanarf", "id": 397938776766676992}, {"text": "RT @simonschuster: How Stephen King's Under the Dome went from novel to series: http://t.co/pDTirrzfey", "user": "profragsdale", "id": 397937417975791616}, {"text": "RT @simonschuster: How Stephen King's Under the Dome went from novel to series: http://t.co/pDTirrzfey", "user": "arielaquino", "id": 397928096273137664}, {"text": "Under the dome!", "user": "Babyfreeshh", "id": 397927108498182144}, {"text": "RT @simonschuster: How Stephen King's Under the Dome went from novel to series: http://t.co/pDTirrzfey", "user": "Mike_Acciarino", "id": 397923179781693440}, {"text": "RT @simonschuster: How Stephen King's Under the Dome went from novel to series: http://t.co/pDTirrzfey", "user": "natekenyon", "id": 397921893212487681}, {"text": "I love Dean Norris and all, but wasn't 'Under the Dome' already a simpsons movie or something", "user": "homeboysatan", "id": 397919600853397504}, {"text": "\u201c@simonschuster: How Stephen King's Under the Dome went from novel to series: http://t.co/3FvHRWCSax\u201d @RenziPhilip", "user": "AshleyRenzi", "id": 397916786655784960}, {"text": "RT @simonschuster: How Stephen King's Under the Dome went from novel to series: http://t.co/pDTirrzfey", "user": "BrooklynWeaver", "id": 397912993981558784}, {"text": "RT @simonschuster: How Stephen King's Under the Dome went from novel to series: http://t.co/pDTirrzfey", "user": "Bexstar74", "id": 397910849475870720}, {"text": "RT @simonschuster: How Stephen King's Under the Dome went from novel to series: http://t.co/pDTirrzfey", "user": "AJArndt", "id": 397910319206391808}, {"text": "RT @simonschuster: How Stephen King's Under the Dome went from novel to series: http://t.co/pDTirrzfey", "user": "ElCidBarett", "id": 397908641660940289}, {"text": "RT @simonschuster: How Stephen King's Under the Dome went from novel to series: http://t.co/pDTirrzfey", "user": "atlanticautumn", "id": 397908192606576640}, {"text": "RT @simonschuster: How Stephen King's Under the Dome went from novel to series: http://t.co/pDTirrzfey", "user": "FortReads", "id": 397907999378792448}, {"text": "RT @simonschuster: How Stephen King's Under the Dome went from novel to series: http://t.co/pDTirrzfey", "user": "RKFollowsChrist", "id": 397907797628579840}, {"text": "How Stephen King's Under the Dome went from novel to series: http://t.co/pDTirrzfey", "user": "simonschuster", "id": 397907528392396800}, {"text": "nah. RT @THR: Exclusive: ABC Developing Alien Drama From 'Under the Dome' Writer http://t.co/BgznHF0UAl", "user": "mrdOpefresh", "id": 397900913895276544}, {"text": "ABC Developing Alien Drama From 'Under the Dome' Writerhttp://j.mp/1hKXsyH", "user": "Chloe_AWilson", "id": 397898643333599232}, {"text": "Rachelle LeFevre's Under The Dome Red Carpet interview: http://t.co/MJCYIRdWsH via @youtube", "user": "SleepyInNJ", "id": 397892105663553536}, {"text": "Mukama hits from 3, Rakeem Christmas responds quickly and were under way from the Dome. 3-2 Ryerson at the first whistle.", "user": "WAERSports", "id": 397878541674889218}, {"text": "GOP 'extremist movement' prompts NC candidate to switch to Democrat | Under the Dome Blog |... http://t.co/SVsmfFSU3Y", "user": "harrymora", "id": 397870493098717185}, {"text": "#CiteUneBonneSerie game of thrones, beaking bad, lost, supernatural, vikings, spartacus, awkward, the walking dead, pll, under the dome...", "user": "pipi_de_cha", "id": 397866805919625216}, {"text": "Under the Dome is actually quite good! Need to start watching it more often", "user": "Megan_Judson", "id": 397854396480233472}, {"text": "#tvnews #TV ABC Developing Alien Drama From 'Under the Dome' Writer (Exclusive): Soo Hugh w... http://t.co/jGjfO62ng4 #HollywoodReporter", "user": "ChatchTV", "id": 397851930984079360}, {"text": "ABC Orders Alien Invasion Drama from UNDER THE DOME Writer... \nhttp://t.co/jJeaHNQWW5", "user": "BWWTVWorld", "id": 397850668301430785}, {"text": "I only watched like half of under the dome then watched the vampire diaries, they shouldn't be on at the same time", "user": "ChloeHamiltonTW", "id": 397849274324885504}, {"text": "#UCWRadio  ABC Developing Alien Drama From 'Under the Dome' Writer (Exclusive) http://t.co/EGw8ewJIQJ #entertainment #news", "user": "UCWNews", "id": 397848984422604800}, {"text": "ABC Developing Alien Drama From 'Under the Dome' Writer (Exclusive): Soo Hugh will pen the script and exec pro... http://t.co/an0v1Hz99W", "user": "Bahdal", "id": 397847097824653312}, {"text": "Under The Dome is pissing me off beyond belief.", "user": "BulletForDani", "id": 397840896831787008}, {"text": "Wish under the dome was more realistic -.-", "user": "sophiehardinx", "id": 397831951975211009}, {"text": "Under the dome\ud83d\udc4c", "user": "ChloeHamiltonTW", "id": 397830897262923777}, {"text": "Under The Dome is the very definition of \"Good but could be better\"", "user": "kieran_delaney", "id": 397828124526006272}, {"text": "RT @HuffPostTV: You have got to see the  @UnderTheDomeCBS blooper reel! http://t.co/zz8kbv4QaK #UnderTheDome", "user": "jennybndr76", "id": 397823937381269504}, {"text": "Under the Dome.", "user": "asun_cabrera", "id": 397820957605494785}, {"text": "RT @TVGuide: Exclusive Sneak Peek: How Under the Dome went from a Stephen King novel to a TV series http://t.co/5wN2eIZPEE @UndertheDomeCBS", "user": "JamieScoins", "id": 397820625634721793}, {"text": "everyone on under the dome is just being killed off one by one", "user": "bethhhwilks", "id": 397796041249931264}, {"text": "Watchin Under The Dome", "user": "myoshe_ymonne", "id": 397794623445147648}, {"text": "to querendon assistir under the dome", "user": "aanalu_sf", "id": 397783937981751296}, {"text": "RT @PopularBondage: Photoset: Under the Dome (TV Series, 2013-present) Episode 2: \u201cThe Fire\u201d (1 July 2013) Season 1 of this... http://t.co/\u2026", "user": "yadretigress", "id": 397766563526610944}, {"text": "RT @Nooter_: Under the dome vind ik facking tof.", "user": "NietBitchen", "id": 397765088674725888}, {"text": "Under the dome vind ik facking tof.", "user": "Nooter_", "id": 397764923331067904}, {"text": "Does anyone else watch Under the Dome?", "user": "George_Jones86", "id": 397758806450790400}, {"text": "\"Track 10\" - Under the Dome (disc 14) (Stephen King)", "user": "swirlyRadioList", "id": 397744269227589632}, {"text": "RT @BostonArtists: The 7th annual Artists Under the Dome event is coming right up - November 13. All Massachusetts artists are... http://t.\u2026", "user": "erinmharris", "id": 397741945306746880}, {"text": "RT @BostonArtists: The 7th annual Artists Under the Dome event is coming right up - November 13. All Massachusetts artists are... http://t.\u2026", "user": "ArtConnectionMA", "id": 397741925748711424}, {"text": "The 7th annual Artists Under the Dome event is coming right up - November 13. All Massachusetts artists are... http://t.co/5mWGlQ0Pw1", "user": "BostonArtists", "id": 397741186284142592}, {"text": "\"@mackenzielintz: Under the Dome comes out on DVD today!!\" #Christmasiscoming", "user": "Kellytopia", "id": 397738690887581696}, {"text": "RT @JustBelieve121: OMG! I'm watching the first episode of Under The Dome in Argentina!! @colinfordactor", "user": "Jennyferr_LJ", "id": 397726496279625728}, {"text": "Photoset: Under the Dome (TV Series, 2013-present) Episode 2: \u201cThe Fire\u201d (1 July 2013) Season 1 of this... http://t.co/QdOjb4if7O", "user": "PopularBondage", "id": 397717683493691392}, {"text": "RT @JustBelieve121: OMG! I'm watching the first episode of Under The Dome in Argentina!! @colinfordactor", "user": "diesil123", "id": 397683836495998976}, {"text": "RT @Nic85Smiler: Me and the hubby are loving 'under the dome' can't wait for the final next week!!! @RachelleLefevre @Mike_Vogel", "user": "MVSweden", "id": 397675073378983936}, {"text": "RT @JenFriendsRach: so happy with all the books I got for my b'day! Divergent, Under The Dome, The Perks Of Being A Wallflower! http://t.co\u2026", "user": "anomelies", "id": 397650524083716096}, {"text": "RT @JustBelieve121: OMG! I'm watching the first episode of Under The Dome in Argentina!! @colinfordactor", "user": "shadow_hunterr", "id": 397600314183778304}, {"text": "RT @TVGuide: Exclusive Sneak Peek: How Under the Dome went from a Stephen King novel to a TV series http://t.co/5wN2eIZPEE @UndertheDomeCBS", "user": "TalkinToU", "id": 397578417366790144}, {"text": "RT @JustBelieve121: OMG! I'm watching the first episode of Under The Dome in Argentina!! @colinfordactor", "user": "FireflyRaine", "id": 397575791996710912}, {"text": "RT @JustBelieve121: OMG! I'm watching the first episode of Under The Dome in Argentina!! @colinfordactor", "user": "santiaguz", "id": 397572236204183552}, {"text": "RT @JustBelieve121: OMG! I'm watching the first episode of Under The Dome in Argentina!! @colinfordactor", "user": "espe1739", "id": 397570870555586561}, {"text": "RT @JustBelieve121: OMG! I'm watching the first episode of Under The Dome in Argentina!! @colinfordactor", "user": "_H_aiden", "id": 397570840784412672}, {"text": "RT @JustBelieve121: OMG! I'm watching the first episode of Under The Dome in Argentina!! @colinfordactor", "user": "colinfordactor", "id": 397570806642769920}, {"text": "RT @JaisCheekySmile: No I don't want under the dome to finish \ud83d\ude1e", "user": "__Beaus__army", "id": 397569885582028800}, {"text": "@RealBritt_Rob you are an amazing actress! Can't wait for season 2 of under the dome!", "user": "jamalabd3l", "id": 397563989129191424}, {"text": "Under the dome!", "user": "Babyfreeshh", "id": 397544933596614656}, {"text": "Comenzando Under The Dome en TNT", "user": "FredD8A", "id": 397544066356764672}, {"text": "OMG! I'm watching the first episode of Under The Dome in Argentina!! @colinfordactor", "user": "JustBelieve121", "id": 397538681814515712}, {"text": "Under The Dome.", "user": "Aiiixuu", "id": 397534280135745536}, {"text": "First basketball practice under the belt. Definitely gotta look up dome drills befofe next week.", "user": "HillaryCosta", "id": 397526885149986816}, {"text": "RT @TVGuide: Exclusive Sneak Peek: How Under the Dome went from a Stephen King novel to a TV series http://t.co/5wN2eIZPEE @UndertheDomeCBS", "user": "milpav83", "id": 397524173389852672}, {"text": "Asif I forgot under the dome was on tonight, fuck sakeeeee:(", "user": "beckyatkin97", "id": 397519703239041024}, {"text": "Agora vou assistir Under the Dome #later", "user": "flashhdelirium_", "id": 397519660192903168}, {"text": "RT @TVGuide: Exclusive Sneak Peek: How Under the Dome went from a Stephen King novel to a TV series http://t.co/5wN2eIZPEE @UndertheDomeCBS", "user": "ashowerofsparks", "id": 397517249616953344}, {"text": "RT @TVGuide: Exclusive Sneak Peek: How Under the Dome went from a Stephen King novel to a TV series http://t.co/5wN2eIZPEE @UndertheDomeCBS", "user": "CultTVTimes", "id": 397515992303411200}, {"text": "RT @TVGuide: Exclusive Sneak Peek: How Under the Dome went from a Stephen King novel to a TV series http://t.co/5wN2eIZPEE @UndertheDomeCBS", "user": "DeSiGn43", "id": 397515383705726976}, {"text": "RT @TVGuide: Exclusive Sneak Peek: How Under the Dome went from a Stephen King novel to a TV series http://t.co/5wN2eIZPEE @UndertheDomeCBS", "user": "fahresaresa", "id": 397515288872103936}, {"text": "RT @TVGuide: Exclusive Sneak Peek: How Under the Dome went from a Stephen King novel to a TV series http://t.co/5wN2eIZPEE @UndertheDomeCBS", "user": "CallahanJLSTwOm", "id": 397514991513112576}, {"text": "Exclusive Sneak Peek: How Under the Dome went from a Stephen King novel to a TV series http://t.co/5wN2eIZPEE @UndertheDomeCBS", "user": "TVGuide", "id": 397514918141755392}, {"text": "#tvnews #television Exclusive Sneak Peek: How Under the Dome Went From Novel to Series: How did C... http://t.co/uKCALLJZyI #tvguide #TV", "user": "ChatchTV", "id": 397514753121087489}, {"text": "Watched the final two episodes of Season 1 for Under The Dome. Fucking awesome series, love it! If you don't/haven't watched it, watch it.", "user": "CrazyLeexxx", "id": 397513626438758400}, {"text": "A las 22, no me pierdo Under the dome.", "user": "AnahiBianco", "id": 397510693101924352}, {"text": "Me and the hubby are loving 'under the dome' can't wait for the final next week!!! @RachelleLefevre @Mike_Vogel", "user": "Nic85Smiler", "id": 397502570048270336}, {"text": "Finally started watching Under The Dome, so far its pretty good", "user": "CptnDaniiKirk", "id": 397501834669334528}, {"text": "Under the dome is so good!! Are me and mum the only ones who watch it haha! #nailbiting", "user": "SophiePalf", "id": 397501380086484992}, {"text": "Read the book instead RT @Wulffricc: Under the dome is so shitty. \n\nI feel harrased.", "user": "CassBaba", "id": 397498695165702144}, {"text": "Fuck sake man why do I have to wait until next Monday to watch under the dome :'(", "user": "Behzinga", "id": 397497670190632960}, {"text": "RT @iMattiJapati: That under the dome episode was ace", "user": "Siddo_D", "id": 397497612984922112}, {"text": "RT @iMattiJapati: That under the dome episode was ace", "user": "honeymoonari", "id": 397497555103531008}, {"text": "Can't wait for next weeks under the dome", "user": "fraserhendy", "id": 397497547931275265}, {"text": "Holy shit Under the Dome is just amazing", "user": "lauramcvean", "id": 397497498904035329}, {"text": "RT @JaisCheekySmile: No I don't want under the dome to finish \ud83d\ude1e", "user": "honeymoonari", "id": 397497485410992128}, {"text": "RT @deonelindsay: Season finally of Under the Dome next Monday!!!!!!!", "user": "honeymoonari", "id": 397497444235509760}, {"text": "Love Under The Dome,  best thing on tele atm", "user": "kieran_awrite", "id": 397497431736451072}, {"text": "RT @JaisCheekySmile: No I don't want under the dome to finish \ud83d\ude1e", "user": "k_belieber7", "id": 397497418469888000}, {"text": "That under the dome episode was ace", "user": "iMattiJapati", "id": 397497384261128193}, {"text": "No I don't want under the dome to finish \ud83d\ude1e", "user": "JaisCheekySmile", "id": 397497368750600192}, {"text": "Season finally of Under the Dome next Monday!!!!!!!", "user": "deonelindsay", "id": 397497329395445761}, {"text": "Under the dome... I'm now bored!", "user": "StarRadioJames", "id": 397496733644906496}, {"text": "under the dome makes me so infuriated", "user": "mollzcarr", "id": 397494928483160064}, {"text": "Under the dome is just too good", "user": "StephGrimesss", "id": 397494528967725057}, {"text": "Being made to watch under the dome by Reece \ud83d\udc4e", "user": "SamBurton94", "id": 397494158744907776}, {"text": "under the dome police womans role has been written sooooo wrong!! #carewaytoomuch LOL", "user": "tccmg1985", "id": 397494007162363905}, {"text": "Whoop under the dome !! Big jim u will get found out in the end !!! The truth will out,,", "user": "RossAmandaross", "id": 397491597958733824}, {"text": "So in love with barbie out of under the dome", "user": "miyalind", "id": 397490933065064449}, {"text": "Under the dome is so God Damn fab", "user": "sophieePurcell", "id": 397489941158305792}, {"text": "Under the dome time \ud83d\ude4b", "user": "brendanmachine", "id": 397489903455731712}, {"text": "I love under the dome but some stuff in it really flusters me\ud83d\ude02\ud83d\ude02", "user": "deonelindsay", "id": 397488128547889152}, {"text": "Under the dome time #hijunior \ud83d\ude4b", "user": "BaileyCooperr", "id": 397487740780281856}, {"text": "under the dome is so frickin good like why isn't everyone watching it its amazeballs", "user": "someweirdcunt", "id": 397485387708637184}, {"text": "Under the Dome is great", "user": "_Mochaaan", "id": 397485055225786369}, {"text": "Have to wait an hour to watch Made in Chelsea as my dad wants to watch Under the Dome #fs", "user": "LauraBechelet", "id": 397484644532506624}, {"text": "Its Freezing in my cosy bed watching under the dome x", "user": "clairxxb", "id": 397484186015367168}, {"text": "Arrow followed by Ripper Street followed by Under the Dome. I am totally spoilt on Mondays", "user": "prydwen3", "id": 397484185331728384}, {"text": "Under the dome time!", "user": "StarRadioJames", "id": 397483820548911104}, {"text": "Second last episode of Under The Dome. #UnderTheDome", "user": "gavinccyoung", "id": 397483382395117568}, {"text": "Anyone been watching \"Under the dome\" on channel 5? I love it haha :)", "user": "Behzinga", "id": 397483112646443008}, {"text": "Under The Dome makes my Monday night", "user": "LiamDoel", "id": 397483078802604032}, {"text": "Fuck fresh meat or made in  chelsea, fucking \"under the dome\" is better!", "user": "Bowers_Tyler", "id": 397480997648080896}, {"text": "It's pretty sad that I look forward to under the dome all week", "user": "SophDug", "id": 397480147211014144}, {"text": "Under the dome \ud83d\udc4c", "user": "Jord2013_", "id": 397478503916269569}, {"text": "so so so excited for under the dome", "user": "laurenkettrickx", "id": 397472824203694080}, {"text": "Excited for under the dome tonight it's the only thing getting me through this essay \ud83d\udc6f\ud83d\ude01", "user": "isabellalorx", "id": 397472654997086209}, {"text": "RT @scottEweinberg: I finished watching Under the Dome to see if they wrapped anything up. They didn't. So cheap and unsatisfying.", "user": "iamandrewhu", "id": 397472130268278784}, {"text": "@PromoteHorror love Stephen King &amp; Under The Dome", "user": "zombiegirl531", "id": 397467482283577344}, {"text": "Why is SAGA so wonderful and CBS's UNDER THE DOME so crummy?", "user": "jonnyabomb", "id": 397463417159565312}, {"text": "#nw Under The Dome", "user": "withjdbsince09", "id": 397460637057839104}, {"text": "RT @jonnyabomb: UNDER THE DOME hits DVD today. Read my positive review of the first episode, which I regretted immediately: http://t.co/2OZ\u2026", "user": "FyodorFish", "id": 397460045920624641}, {"text": "UNDER THE DOME hits DVD today. Read my positive review of the first episode, which I regretted immediately: http://t.co/2OZZrlfepP", "user": "jonnyabomb", "id": 397459954493587456}, {"text": "@TBlackford3 If they eff this up like 'Under the Dome,' ima be pissed. King doesn't translate well to the big screen, miniseries are better.", "user": "BlueSkyHippie", "id": 397459598371602433}, {"text": "RT @Finnicktastic: THAT GUY IN UNDER THE DOME IS SUCH A CREEP", "user": "fandomchild", "id": 397456293142990848}, {"text": "@El_silverstein under the dome by Stephen king #yourewelcome", "user": "MichaelaMarie94", "id": 397456174532272128}, {"text": "Under the dome &gt; watchin'", "user": "celinedelfstra_", "id": 397455617188958208}, {"text": "RT @Finnicktastic: THAT GUY IN UNDER THE DOME IS SUCH A CREEP", "user": "MahoganyOnFire_", "id": 397455407054336000}, {"text": "THAT GUY IN UNDER THE DOME IS SUCH A CREEP", "user": "Finnicktastic", "id": 397454863740993536}, {"text": "I finished watching Under the Dome to see if they wrapped anything up. They didn't. So cheap and unsatisfying.", "user": "scottEweinberg", "id": 397452257282646016}, {"text": "Under the dome is so awesome!!:D", "user": "daphnose12", "id": 397450675128647680}, {"text": "Vou ver under the dome", "user": "Jao_Guilherme15", "id": 397448218692550656}, {"text": "RT @JayKarelse_: Under the dome #nw", "user": "kimmiee01x", "id": 397447453127241728}, {"text": "Under the dome #nw", "user": "JayKarelse_", "id": 397445419556679680}, {"text": "Under the dome.", "user": "EdwinRomero19", "id": 397443911083634689}, {"text": "Hostages is averaging 5.6 million viewers this season in the Mon 10PM time slot, exactly half of what Under the Dome averaged in the summer", "user": "badgate", "id": 397442260075163648}, {"text": "RT @deanjnorris Enjoy lunch &amp; a VIP set-tour for 2 to CBS's UNDER THE DOME with star Dean Norris http://t.co/09vQe6qmV5 Come lunch with me!", "user": "charitybuzz", "id": 397441690312511488}, {"text": "\"@UnderTheDomeCBS: Did you know Stephen King will be writing the Season 2 premiere of #UnderTheDome? Learn more now: http://t.co/TR9lVstIfp\"", "user": "Wintermoon84", "id": 397415469130735616}, {"text": "News: Renewed for Summer 2014 - Under The Dome - http://t.co/Y97m8lOCzN http://t.co/Ug9ZJALMaY", "user": "ScorpioTheOne76", "id": 397412961569894400}, {"text": "OMG it's so cold why did we have the ceremony under the dome?", "user": "Gabriella_Janay", "id": 397382165039550464}, {"text": "Oh dear lord. Under the Dome is a long book but I really don't remember there being an underground fight club.", "user": "scottEweinberg", "id": 397355074722492416}, {"text": "Under the dome is getting too far fetched, as if you would turn down that Maxine bird! #tidy", "user": "colg82", "id": 397351418379902976}, {"text": "Carspotting under the dome of the Capitol in 1960. What do you see here? http://t.co/Phh12zbulo", "user": "HemmingsNews", "id": 397348382580432896}, {"text": "RT @scottEweinberg: Under the Dome is so bad I'm surprised people aren't returning the book to stores out of spite.", "user": "DrClawMD", "id": 397341596095500288}, {"text": "RT @scottEweinberg: Under the Dome is so bad I'm surprised people aren't returning the book to stores out of spite.", "user": "MarkWaikien", "id": 397329614441152513}, {"text": "RT @scottEweinberg: Under the Dome is so bad I'm surprised people aren't returning the book to stores out of spite.", "user": "MattMustin", "id": 397328047063715840}, {"text": "Under the Dome is so bad I'm surprised people aren't returning the book to stores out of spite.", "user": "scottEweinberg", "id": 397327683874734080}, {"text": "RT&gt; Read about Stephen King's Under the Dome  TV series: #underthedome #sponsored #stephenking http://t.co/qU7mw0fABD", "user": "irvzisman", "id": 397306259218894848}, {"text": "Under the dome (Julia/Barbie) - Impossible: http://t.co/KC5Jaz0wv2 via @youtube", "user": "SleepyInNJ", "id": 397123657803128832}, {"text": "RT @HuffPostTV: These #UnderTheDome bloopers are the funniest thing you'll see all day http://t.co/zz8kbv4QaK", "user": "jessicaC1989", "id": 397119047503867904}, {"text": "RT @HuffPostTV: These #UnderTheDome bloopers are the funniest thing you'll see all day http://t.co/zz8kbv4QaK", "user": "shaundaily", "id": 397118651859365888}, {"text": "@AndyMerryRisk revenge, under the dome, Wentworth prison \ud83d\udc4d", "user": "Ema11x", "id": 397118304491671552}, {"text": "@AndyMerryRisk under the dome !!!! X", "user": "Jessica_Fiona", "id": 397118243951104001}, {"text": "RT @joshuatopolsky: The clocks have gone back an hour. Also we're now under some kind of dome.", "user": "BrentByington", "id": 397114793191931904}, {"text": "@IsActuallyDrew Under the dome tomorrow :)", "user": "gilyweedgillman", "id": 397105413595738112}, {"text": "Maddie Tomlinson Grey vient de regarder Under the Dome S01E09", "user": "MadisonGrey_", "id": 397090813504937984}, {"text": "Maddie Tomlinson Grey vient de regarder Under the Dome S01E08", "user": "MadisonGrey_", "id": 397090811361640449}, {"text": "RT @joshuatopolsky: The clocks have gone back an hour. Also we're now under some kind of dome.", "user": "ericduckman", "id": 397054953874657280}, {"text": "RT @joshuatopolsky: The clocks have gone back an hour. Also we're now under some kind of dome.", "user": "brianchoo", "id": 397024467009806337}, {"text": "RT @joshuatopolsky: The clocks have gone back an hour. Also we're now under some kind of dome.", "user": "Josh_Craine", "id": 397023254579142656}, {"text": "RT @joshuatopolsky: The clocks have gone back an hour. Also we're now under some kind of dome.", "user": "jakecooley", "id": 397016927073501184}, {"text": "RT @joshuatopolsky: The clocks have gone back an hour. Also we're now under some kind of dome.", "user": "tomcole", "id": 397004252415275009}, {"text": "Maddie Tomlinson Grey vient de regarder Under the Dome S01E07", "user": "MadisonGrey_", "id": 397003752592650241}, {"text": "Maddie Tomlinson Grey vient de regarder Under the Dome S01E06", "user": "MadisonGrey_", "id": 397003750680064000}, {"text": "Maddie Tomlinson Grey vient de regarder Under the Dome S01E05", "user": "MadisonGrey_", "id": 397003748159266816}, {"text": "Maddie Tomlinson Grey vient de regarder Under the Dome S01E01", "user": "MadisonGrey_", "id": 397003740005531648}, {"text": "RT @joshuatopolsky: The clocks have gone back an hour. Also we're now under some kind of dome.", "user": "iagbegreg", "id": 396997541189156864}, {"text": "RT @joshuatopolsky: The clocks have gone back an hour. Also we're now under some kind of dome.", "user": "KendallWeihe", "id": 396996368830435330}, {"text": "RT @joshuatopolsky: The clocks have gone back an hour. Also we're now under some kind of dome.", "user": "mfg68", "id": 396993386680700928}, {"text": "RT @joshuatopolsky: The clocks have gone back an hour. Also we're now under some kind of dome.", "user": "DrJones1", "id": 396991100172648448}, {"text": "RT @joshuatopolsky: The clocks have gone back an hour. Also we're now under some kind of dome.", "user": "Shawn_Garland", "id": 396989340028395521}, {"text": "RT @joshuatopolsky: The clocks have gone back an hour. Also we're now under some kind of dome.", "user": "magratheans_", "id": 396985031966863360}, {"text": "RT @joshuatopolsky: The clocks have gone back an hour. Also we're now under some kind of dome.", "user": "dangotfans", "id": 396979071630192640}, {"text": "RT @joshuatopolsky: The clocks have gone back an hour. Also we're now under some kind of dome.", "user": "kmatt45", "id": 396971604770840576}, {"text": "RT @joshuatopolsky: The clocks have gone back an hour. Also we're now under some kind of dome.", "user": "chadbdot", "id": 396967207374426112}, {"text": "RT @joshuatopolsky: The clocks have gone back an hour. Also we're now under some kind of dome.", "user": "BobbyBolano", "id": 396948843792973824}, {"text": "RT @joshuatopolsky: The clocks have gone back an hour. Also we're now under some kind of dome.", "user": "aleksbee", "id": 396939159362744320}, {"text": "RT @joshuatopolsky: The clocks have gone back an hour. Also we're now under some kind of dome.", "user": "Broadwayblues", "id": 396925174580125696}, {"text": "RT @joshuatopolsky: The clocks have gone back an hour. Also we're now under some kind of dome.", "user": "techsinger89", "id": 396923637837467649}, {"text": "RT @joshuatopolsky: The clocks have gone back an hour. Also we're now under some kind of dome.", "user": "JaisonBrooks", "id": 396910646777765888}, {"text": "RT @joshuatopolsky: The clocks have gone back an hour. Also we're now under some kind of dome.", "user": "Jason8_", "id": 396910566020636672}, {"text": "RT @HuffPostTV: These #UnderTheDome bloopers are the funniest thing you'll see all day http://t.co/zz8kbv4QaK", "user": "MyArtsy", "id": 396907472012996608}, {"text": "RT @joshuatopolsky: The clocks have gone back an hour. Also we're now under some kind of dome.", "user": "avidtechno", "id": 396905249232805888}, {"text": "RT @joshuatopolsky: The clocks have gone back an hour. Also we're now under some kind of dome.", "user": "Jghelfi", "id": 396904649292148736}, {"text": "RT @joshuatopolsky: The clocks have gone back an hour. Also we're now under some kind of dome.", "user": "gank41", "id": 396904580195180545}, {"text": "RT @joshuatopolsky: The clocks have gone back an hour. Also we're now under some kind of dome.", "user": "bptheo", "id": 396904150295789568}, {"text": "RT @joshuatopolsky: The clocks have gone back an hour. Also we're now under some kind of dome.", "user": "SuplexJones", "id": 396903562921250816}, {"text": "RT @joshuatopolsky: The clocks have gone back an hour. Also we're now under some kind of dome.", "user": "CellPhone_Roxy", "id": 396903447339208704}, {"text": "RT @joshuatopolsky: The clocks have gone back an hour. Also we're now under some kind of dome.", "user": "HoboInTheCorner", "id": 396902723440082944}, {"text": "RT @joshuatopolsky: The clocks have gone back an hour. Also we're now under some kind of dome.", "user": "zachary_humps", "id": 396902453766918144}, {"text": "RT @joshuatopolsky: The clocks have gone back an hour. Also we're now under some kind of dome.", "user": "ohnoitsthatkid", "id": 396902451766648832}, {"text": "RT @joshuatopolsky: The clocks have gone back an hour. Also we're now under some kind of dome.", "user": "KaraGould85", "id": 396902398272471040}, {"text": "RT @joshuatopolsky: The clocks have gone back an hour. Also we're now under some kind of dome.", "user": "JediLoverr", "id": 396902221108875264}, {"text": "RT @joshuatopolsky: The clocks have gone back an hour. Also we're now under some kind of dome.", "user": "BXIX_", "id": 396902218227793920}, {"text": "RT @joshuatopolsky: The clocks have gone back an hour. Also we're now under some kind of dome.", "user": "pkr0ckin", "id": 396902215581196288}, {"text": "The clocks have gone back an hour. Also we're now under some kind of dome.", "user": "joshuatopolsky", "id": 396901937414955008}, {"text": "RT&gt; Read about Stephen King's Under the  Dome TV series: #underthedome #sponsored #stephenking http://t.co/XnXvOJvW7S", "user": "irvzisman", "id": 396868216473272320}, {"text": "Get ready to laugh out loud... http://t.co/zz8kbv4QaK", "user": "HuffPostTV", "id": 396864409039282176}]