[{"text": "I've watched \"Electric Avenue\" (S1 E5) of Witches of East End (via @tvshowtracker)", "user": "amazingdvd", "id": 399655743248687104}, {"text": "How is it that the cgi on Lifetime\u2019s Witches of East End are far better than ABC\u2019s Once Upon a time in wonderland?", "user": "DQSDC", "id": 399653274456190976}, {"text": "Witches Of East End tonight\ud83d\ude01\ud83d\udc9c\ud83d\udd2e", "user": "emilios89", "id": 399637976810270720}, {"text": "Witches of east end tonight !!", "user": "SmileisBEAUTY", "id": 399633463445553152}, {"text": "RT @Mimi1491: Love Sundays Football &amp; Witches of East End! Weird mix? I think not! @Giants @WitchesEastEnd @jennaldewan", "user": "mlbatc", "id": 399632386960281600}, {"text": "RT @Mimi1491: Love Sundays Football &amp; Witches of East End! Weird mix? I think not! @Giants @WitchesEastEnd @jennaldewan", "user": "AileneReznik", "id": 399621443342069760}, {"text": "RT @Mimi1491: Love Sundays Football &amp; Witches of East End! Weird mix? I think not! @Giants @WitchesEastEnd @jennaldewan", "user": "jennaldewan", "id": 399620881510457344}, {"text": "@cathryn_lee @RealSMG @CrazyOnesCBS Freddie was only in episode 4 of Witches of East End :(", "user": "SMGFPJFan", "id": 399612580278202369}, {"text": "Love Sundays Football &amp; Witches of East End! Weird mix? I think not! @Giants @WitchesEastEnd @jennaldewan", "user": "Mimi1491", "id": 399612181643534337}, {"text": "omg its Sunday! #WOEE !!!  Witches of East End yeaaahhh", "user": "_xoki", "id": 399606721444085760}, {"text": "'Witches of East End': Julia Ormond and Madchen Amick talk sci-fi - Read It Here! http://t.co/tWnB0U5jx6 #ENTERTAINMENT", "user": "247Heads", "id": 399423565797535744}, {"text": "@itsmealexandra it's a crazy show! Game of Thrones is the only show I've cried about recently, but I love Witches of East End.", "user": "laurenkgray", "id": 399391682191712256}, {"text": "Marquei como visto Witches of East End - 1x5 - Electric Avenue http://t.co/cvrlUpN7wX #bancodeseries", "user": "rosaemiilia", "id": 399379097278636032}, {"text": "getting paid and watching the latest episode of witches of east end \ud83d\udd2e", "user": "greccc", "id": 399355857852710914}, {"text": "Witches of east end is scary \ud83d\ude31\ud83d\ude31\ud83d\ude31", "user": "Esejanta", "id": 399342440618143744}, {"text": "I love Wendy's style on Witches of East End, but I don't think I could pull it off myself.  Wish I could. #WitchesOfEastEnd", "user": "JenniferConnol1", "id": 399288863954591744}, {"text": "RT @lotuselyse: Sneak peek of @MelissadelaCruz's \"The Witches of East End\" and messages from the cast at #YALLfest. Audible gasps at super \u2026", "user": "YALLFest", "id": 399284047634903041}, {"text": "RT @lotuselyse: Sneak peek of @MelissadelaCruz's \"The Witches of East End\" and messages from the cast at #YALLfest. Audible gasps at super \u2026", "user": "TeenLitRocks", "id": 399283835713495041}, {"text": "Sneak peek of @MelissadelaCruz's \"The Witches of East End\" and messages from the cast at #YALLfest. Audible gasps at super hot Cillian.", "user": "lotuselyse", "id": 399283683678769152}, {"text": "Tomorrow is witches of east end and the walking dead so, ya I can't wait.", "user": "samwoo", "id": 399276017074069504}, {"text": "Really liked Witches Of East End. Eric Winter and Daniel DiTomasso are rather hot.", "user": "gavinccyoung", "id": 399220499664084992}, {"text": "@twistcollective last night I watched 5 episodes of Witches of East End", "user": "justmaryse", "id": 399168279908192256}, {"text": "vou sair, assistir WITCHES OF EAST END &lt;3", "user": "umaelefanta", "id": 399153431832576000}, {"text": "Photoset: Witches Of East End - 1.3 \u201cToday I am a Witch\u201d http://t.co/DCzPosYlXn", "user": "ItzTivoWhAt", "id": 398966939294638080}, {"text": "@pickszayn tava vendo witches of east end dsclp", "user": "starstews", "id": 398962134828072960}, {"text": "@up2trouble watching Witches of east end just starting number 3", "user": "paul_omelia", "id": 398958377889320960}, {"text": "RT @SMGFPJFan: @RealSMG I was watching Witches of East End ep4 for the thousand time and look what I captured-- http://t.co/K2PJEcMdRn", "user": "picciottapa", "id": 398953682110545920}, {"text": "Lifetime has all my guilty pleasure shows...Abby's Ultimate and Witches of East End", "user": "zchPsingy20", "id": 398948248691671040}, {"text": "Like \u201cWitches of East End\u201d &amp; \u201cAmerican Horror Story: Coven\u201d? You\u2019ll &lt;3 \u201cLife\u2019s a Witch!\u201d http://t.co/752owY49hB #WitchesOfEastEnd #AHSCoven", "user": "TheBookSlayer", "id": 398945787440140288}, {"text": "RT @HollywoodLife: Exclusive @WitchesEastEnd clip -- Ingrid &amp; Freya have some fun with \"magic brownies\" this Sunday: http://t.co/VQx7bu6jeg\u2026", "user": "Charming_4ever", "id": 398889880803368960}, {"text": "RT @SMGFPJFan: @RealSMG I was watching Witches of East End ep4 for the thousand time and look what I captured-- http://t.co/K2PJEcMdRn", "user": "_SarahDaily", "id": 398882897115246592}, {"text": "\u2018Witches Of East End\u2019 Clip: Ingrid Experiments With \u2018Magic\u00a0Brownies\u2019 http://t.co/FxQMk3yGwR via @HollywoodLife", "user": "RitaBelle7", "id": 398876248065052672}, {"text": "RT @SMGFPJFan: @RealSMG I was watching Witches of East End ep4 for the thousand time and look what I captured-- http://t.co/K2PJEcMdRn", "user": "LenkaTalaskova", "id": 398869820273590272}, {"text": "@RealSMG I was watching Witches of East End ep4 for the thousand time and look what I captured-- http://t.co/K2PJEcMdRn", "user": "SMGFPJFan", "id": 398866940120150016}, {"text": "Watching witches of east end, this is a pretty good show", "user": "SweetCheebaa_x3", "id": 398816358999527425}, {"text": "Trying out witches of east end", "user": "FEENomenal_", "id": 398657822227169280}, {"text": "RT @HollywoodLife: Exclusive @WitchesEastEnd clip -- Ingrid &amp; Freya have some fun with \"magic brownies\" this Sunday: http://t.co/VQx7bu6jeg\u2026", "user": "LifetimeTV_PR", "id": 398647430767321088}, {"text": "RT @HollywoodLife: Exclusive @WitchesEastEnd clip -- Ingrid &amp; Freya have some fun with \"magic brownies\" this Sunday: http://t.co/VQx7bu6jeg\u2026", "user": "Anyttanicole", "id": 398645876584751104}, {"text": "RT @HollywoodLife: Exclusive @WitchesEastEnd clip -- Ingrid &amp; Freya have some fun with \"magic brownies\" this Sunday: http://t.co/VQx7bu6jeg\u2026", "user": "Alicynmae", "id": 398638930750218240}, {"text": "RT @HollywoodLife: Exclusive @WitchesEastEnd clip -- Ingrid &amp; Freya have some fun with \"magic brownies\" this Sunday: http://t.co/VQx7bu6jeg\u2026", "user": "MelissadelaCruz", "id": 398630687559135232}, {"text": "RT @AndySwift: Exclusive #WitchesOfEastEnd clip -- @RachelBoston &amp; @JennaLDewan have some fun with \"magic brownies\" this Sunday: http://t.c\u2026", "user": "shootingsquad20", "id": 398616889016193024}, {"text": "Creative Review - Witches of East End Cinema/TV spot from @JuniperJonesX and Lifetime http://t.co/AYrB5Zl9Um via @CreativeReview", "user": "JuniperJonesX", "id": 398602153670889472}, {"text": "RT @HollywoodLife: Exclusive @WitchesEastEnd clip -- Ingrid &amp; Freya have some fun with \"magic brownies\" this Sunday: http://t.co/VQx7bu6jeg\u2026", "user": "Maikpu", "id": 398596116603613186}, {"text": "RT @lifetimetv: Love RT @HollywoodLife Exclusive @WitchesEastEnd clip -- Ingrid &amp; Freya have some fun w/ \"magic brownies\" this Sun: http://\u2026", "user": "cause_two", "id": 398595955814965248}, {"text": "RT @AndySwift: Exclusive #WitchesOfEastEnd clip -- @RachelBoston &amp; @JennaLDewan have some fun with \"magic brownies\" this Sunday: http://t.c\u2026", "user": "JdewanCtatum", "id": 398592712485523457}, {"text": "RT @lifetimetv: Love RT @HollywoodLife Exclusive @WitchesEastEnd clip -- Ingrid &amp; Freya have some fun w/ \"magic brownies\" this Sun: http://\u2026", "user": "JdewanCtatum", "id": 398592660325158913}, {"text": "RT @HollywoodLife: Exclusive @WitchesEastEnd clip -- Ingrid &amp; Freya have some fun with \"magic brownies\" this Sunday: http://t.co/VQx7bu6jeg\u2026", "user": "elisaskinrood", "id": 398589783657545728}, {"text": "Love RT @HollywoodLife Exclusive @WitchesEastEnd clip -- Ingrid &amp; Freya have some fun w/ \"magic brownies\" this Sun: http://t.co/1GKrtzzabW", "user": "lifetimetv", "id": 398587350717972480}, {"text": "RT @HollywoodLife: Exclusive @WitchesEastEnd clip -- Ingrid &amp; Freya have some fun with \"magic brownies\" this Sunday: http://t.co/VQx7bu6jeg\u2026", "user": "lorainepatdu", "id": 398586438985719808}, {"text": "RT @HollywoodLife: Exclusive @WitchesEastEnd clip -- Ingrid &amp; Freya have some fun with \"magic brownies\" this Sunday: http://t.co/VQx7bu6jeg\u2026", "user": "Witches_EastBR", "id": 398586433558315008}, {"text": "RT @AndySwift: Exclusive #WitchesOfEastEnd clip -- @RachelBoston &amp; @JennaLDewan have some fun with \"magic brownies\" this Sunday: http://t.c\u2026", "user": "lorainepatdu", "id": 398586142595219456}, {"text": "RT @HollywoodLife: Exclusive @WitchesEastEnd clip -- Ingrid &amp; Freya have some fun with \"magic brownies\" this Sunday: http://t.co/VQx7bu6jeg\u2026", "user": "jennaldewan", "id": 398585863049060352}, {"text": "RT @AndySwift: Exclusive #WitchesOfEastEnd clip -- @RachelBoston &amp; @JennaLDewan have some fun with \"magic brownies\" this Sunday: http://t.c\u2026", "user": "dornishgal", "id": 398581450707988480}, {"text": "RT @HollywoodLife: Exclusive @WitchesEastEnd clip -- Ingrid &amp; Freya have some fun with \"magic brownies\" this Sunday: http://t.co/VQx7bu6jeg\u2026", "user": "MaggieFriedman", "id": 398581363323850752}, {"text": "RT @AndySwift: Exclusive #WitchesOfEastEnd clip -- @RachelBoston &amp; @JennaLDewan have some fun with \"magic brownies\" this Sunday: http://t.c\u2026", "user": "rachelboston", "id": 398581312547610624}, {"text": "Catching up on my witches of east end! \ud83d\ude0a\ud83d\udc4c\ud83d\udc81", "user": "Taylorg1018", "id": 398580927976448000}, {"text": "RT @HollywoodLife: Exclusive @WitchesEastEnd clip -- Ingrid &amp; Freya have some fun with \"magic brownies\" this Sunday: http://t.co/VQx7bu6jeg\u2026", "user": "BeRad_MB7", "id": 398579680350961664}, {"text": "RT @HollywoodLife: Exclusive @WitchesEastEnd clip -- Ingrid &amp; Freya have some fun with \"magic brownies\" this Sunday: http://t.co/VQx7bu6jeg\u2026", "user": "rachelboston", "id": 398579370706493440}, {"text": "RT @HollywoodLife: Exclusive @WitchesEastEnd clip -- Ingrid &amp; Freya have some fun with \"magic brownies\" this Sunday: http://t.co/VQx7bu6jeg\u2026", "user": "TWOvinnot", "id": 398577370124124160}, {"text": "RT @AndySwift: Exclusive #WitchesOfEastEnd clip -- @RachelBoston &amp; @JennaLDewan have some fun with \"magic brownies\" this Sunday: http://t.c\u2026", "user": "lilbbb2012", "id": 398576771064291329}, {"text": "RT @HollywoodLife: Exclusive @WitchesEastEnd clip -- Ingrid &amp; Freya have some fun with \"magic brownies\" this Sunday: http://t.co/VQx7bu6jeg\u2026", "user": "WitchesEastEnd", "id": 398572845007392768}, {"text": "RT @HollywoodLife: Exclusive @WitchesEastEnd clip -- Ingrid &amp; Freya have some fun with \"magic brownies\" this Sunday: http://t.co/VQx7bu6jeg\u2026", "user": "Alaina_0930", "id": 398570328147755008}, {"text": "Exclusive @WitchesEastEnd clip -- Ingrid &amp; Freya have some fun with \"magic brownies\" this Sunday: http://t.co/VQx7bu6jeg @LifetimeTV", "user": "HollywoodLife", "id": 398570006645968896}, {"text": "Exclusive #WitchesOfEastEnd clip -- @RachelBoston &amp; @JennaLDewan have some fun with \"magic brownies\" this Sunday: http://t.co/ykhnXse9sm", "user": "AndySwift", "id": 398569842325745664}, {"text": "#Celebrity \u2018Witches Of East End\u2019 Clip: Ingrid Experiments With \u2018Magic Brownies\u2019: http://t.co/WHNa8nV3gJ has a v... http://t.co/JWz8hrbpv6", "user": "CelebrityPeek", "id": 398568582063210496}, {"text": "check this out \u2018Witches Of East End\u2019 Clip: Ingrid Experiments With \u2018Magic Brownies\u2019: Holl... http://t.co/aRq9zKxP9h #online #twitter #ad", "user": "keshaf", "id": 398568568305897472}, {"text": "Freddie Prince Jr. in Witches of East End, hellloooo look at those arms! Sexy man :}", "user": "CoreyDylan22", "id": 398513537636904961}, {"text": "@xoBetseyJohnson @H_Combs @DohertyShannen @Alyssa_Milano Agreed. It was a great show! I like Lifetime's new show, \"Witches of East End\".", "user": "audrey_quillia", "id": 398488315277484032}, {"text": "'Witches Of East End' Is Just Way Too Much Like 'Charmed' http://t.co/ltgFbXc0O1", "user": "MJShochat", "id": 398483359732486144}, {"text": "RT @JuniperJonesX: Via @CreativeReview Feed: @JuniperJonesX and @Lifetime conjure cinema/TV spot for @WitchesEastEnd: \nhttp://t.co/X1gRSQ1O\u2026", "user": "RKDarnell", "id": 398470772580417536}, {"text": "my fall line up \ud83d\udc4c sunday=witches of east end monday=beauty &amp; the beast tuesday=the originals wensday=AHSC thursday=vampire diaries \ud83d\ude01 epic !", "user": "highrollero_o", "id": 398376719054557184}, {"text": "I went from Charmed to Witches of East End now American Horror story", "user": "KingJay_xXx", "id": 398289324925804545}, {"text": "Caught up on the Witches of East End. Now it's time for the superior #AHSCoven.", "user": "chanel_agron", "id": 398285668607983616}, {"text": "Witches of East End is my new fav show.\ud83d\udc4c", "user": "jamila_zachery", "id": 398275161553526784}, {"text": "The Witches Of East End \u2764\ufe0f love it", "user": "honey_natbby", "id": 398266442749341696}, {"text": "RT @LettesChat: With shows like Coven (American Horror Story), Witches of East End, True Blood and the like, there\u2026 http://t.co/YI6hbxfDan", "user": "SiaraTyr", "id": 398219342837325824}, {"text": "RT @LettesChat: With shows like Coven (American Horror Story), Witches of East End, True Blood and the like, there\u2026 http://t.co/YI6hbxfDan", "user": "ktocci66", "id": 398214319810179072}, {"text": "@jennaldewan finally all caught up on witches of east end and I love it!! I'm hooked", "user": "jordana54", "id": 398196422686019584}, {"text": "With shows like Coven (American Horror Story), Witches of East End, True Blood and the like, there\u2026 http://t.co/YI6hbxfDan", "user": "LettesChat", "id": 398194234114600960}, {"text": "Witches of East end HOOKED - loved it!", "user": "Joeeeeys", "id": 398192961147916289}, {"text": "Witches of the East End\ud83d\udc4c", "user": "Jordanlynn05", "id": 398182328352399360}, {"text": "Witches of East End - Episode 1.06 - Potentia Noctis - Promo http://t.co/rW9oEpw1bq", "user": "fluffybunnyfun", "id": 398161310132609024}, {"text": "On Witches of East End, magic works in whatever way the plot requires http://t.co/AbQYFouiHi", "user": "THE_2012_END", "id": 398124984771420160}, {"text": "@rachelboston Hi, loved you as Beth on American Dreams and you're awesome on Witches of East End! Just getting into now and \ud83d\udc95 it! :) big fan", "user": "CoreyDylan22", "id": 398119550090506241}, {"text": "@asian_zing14 I guess we need to add Witches Of East End to our list of shows to watch. Look who I found! http://t.co/bRBPvK9TKw", "user": "aRareJEM", "id": 398105308461268992}, {"text": "Witches of east end #on", "user": "Basma_Bfr", "id": 398054489577779200}, {"text": "Anyone else see the Witches of the East End? What did you think?", "user": "Ellen27", "id": 398018113142132736}, {"text": "Now Playing: The Witches of east end Season 1 Episode 5 http://t.co/VKPQLbGKOV", "user": "cinemahaven", "id": 397969205141569536}, {"text": "In love with Witches Of East End\ud83d\ude01\ud83d\udc9c\ud83d\udd2e\u2764\ufe0f #legitbestshowever @WitchesEastEnd", "user": "emilios89", "id": 397932952119947264}, {"text": "New show I'm hooked on? Witches of East End. #addicted #witchcraft", "user": "mghnsullivan", "id": 397930416730284033}, {"text": "Witches Of East End", "user": "mr_fuzzylumkinz", "id": 397921025179934720}, {"text": "why does lifetime take FOREVER to post stuff on demand. i wanna watching witches of east end dammit", "user": "SireLeoLamar", "id": 397894287729635328}, {"text": "Witches of East End yo ... Shit is cray", "user": "EdnaOlmedo", "id": 397891994389078016}, {"text": "Witches of east end always gets to me \ud83d\ude29", "user": "RevengeRiveraa_", "id": 397885417196126208}, {"text": "#ViggleTV makes watching Witches of East End even more entertaining!#WitchesofEastEnd #viggle", "user": "FutureMrs_Reese", "id": 397881659728879616}, {"text": "Photoset: psdteam: psd\u00a0#301\u00a0\u2192\u00a0da A requested psd for Witches Of East End. *Contains vibrance.... http://t.co/q9xrEwAD4j", "user": "ItzTivoWhAt", "id": 397870484026830848}, {"text": "I was thinking the same RT @mamachell: Ive been TRYING to get into Witches of East End. But ............ Its so clich\u00e9", "user": "CalleSueno", "id": 397869354261676032}, {"text": "@tonymlr1 witches of east end lol", "user": "twerkfortara", "id": 397857491671060480}, {"text": "witches of east end is so good :)", "user": "nutella666_", "id": 397857307641790465}, {"text": "Witches of East End - Episode 1.05 - Electric Avenue - Review http://t.co/YBOYyj5ktB", "user": "fluffybunnyfun", "id": 397780448811560960}, {"text": "Do you think Sheryl Lee and Sherilyn Fenn watch \"Witches of East End\"?", "user": "csweda", "id": 397769218663268352}, {"text": "@jjloa Have missed first 4 eps of Sleepyhollow, and debating whether Witches of East End will be worth watching.", "user": "VHunt100", "id": 397761348609654784}, {"text": "RT @YECdotcom: A Kiss Goodnight. Retrospective. Witches of East End \u201cElectric Avenue\u201d: Witches of East End hits a high mark w... http://t.c\u2026", "user": "ellemoe", "id": 397759206381858816}, {"text": "Via @CreativeReview Feed: @JuniperJonesX and @Lifetime conjure cinema/TV spot for @WitchesEastEnd: \nhttp://t.co/X1gRSQ1Oj6 #WitchesOfEastEnd", "user": "JuniperJonesX", "id": 397755599565250560}, {"text": "MS offers! &gt; Once Upon A Time / The Carrie Diaries American Horror Story: Murder House / Coven / Witches Of East End http://t.co/QAEdZ9Vp7F", "user": "TrustedInMe", "id": 397706297576914944}, {"text": "A Kiss Goodnight. Retrospective. Witches of East End \u201cElectric Avenue\u201d: Witches of East End hits a high mark w... http://t.co/bS2oSAmwCy", "user": "YECdotcom", "id": 397678490444521472}, {"text": "Time for Witches Of East End .", "user": "iloveAnabelle", "id": 397617725855764480}, {"text": "The Witches of East End\ud83d\ude08", "user": "derickcardenes", "id": 397589708080824320}, {"text": "I actually like the show Witches of East End.", "user": "AngieHoxholli", "id": 397575958347014144}, {"text": "Tonites witches of east end almost had me tearing up towards the end. And omg the preview for next week looks intense! I cant wait!", "user": "mscupcakez15", "id": 397565888209379328}, {"text": "Ok now back to witches of east end", "user": "mscupcakez15", "id": 397560111943933952}, {"text": "Photoset: fordmodels: \"Witches of East End\" star Daniel Di Tomasso looking effortlessly flawless as always.... http://t.co/73dWxk2QQY", "user": "ItzTivoWhAt", "id": 397554728978382849}, {"text": "@NYConmymind hey do you watch Witches of East End...very similar to Charmed", "user": "yougotstyle", "id": 397541207997689856}, {"text": "Watching witches if east end kind of weird but good show \ud83d\ude10", "user": "TySines", "id": 397540084142333952}, {"text": "Witches of east end", "user": "Hey_You_Troll", "id": 397536598088491008}, {"text": "RT @lifetimetv: Sparks fly between Ingrid and Adam on the latest episode of @WitchesEastEnd. Watch it all here: http://t.co/jrECS0eTPV.", "user": "rachelboston", "id": 397528468243492864}, {"text": "Sparks fly between Ingrid and Adam on the latest episode of @WitchesEastEnd. Watch it all here: http://t.co/jrECS0eTPV.", "user": "lifetimetv", "id": 397526629397692416}, {"text": "Am I the only one who likes Witches of East End more than American Horror Story: Coven?  I really like Coven. But I am in love w/ East End.", "user": "loveispopdotcom", "id": 397515282383527937}, {"text": "Am I the only one who likes Witches of East End more than American Horror Story: Coven?  I really like Coven. But I am in love w/ East End.", "user": "Paris365", "id": 397515280777089024}, {"text": "Witches of East End is literally the shit.", "user": "AlanaFxntini", "id": 397509011513548801}, {"text": "Witches of east end \ud83d\ude4c", "user": "BryteMorgan66", "id": 397506030516830209}, {"text": "Caught up on Witches of East End, and Arrow. On to Parenthood, followed by White Collar. Three episodes each. THIS is being productive! \ud83d\udcfa", "user": "alibevins", "id": 397503913563533312}, {"text": "#nw witches of east end!:))", "user": "mscupcakez15", "id": 397503762828640256}, {"text": "Witches of East End \u263a\ufe0f\ud83d\udc4c", "user": "paulaacee", "id": 397472585421959169}, {"text": "@taylor_xo_ @Lightupthesky08 can I just say that I am in tears over this last Witches of East End episode like I'm bawling \ud83d\ude2d\ud83d\ude2d\ud83d\ude2d\ud83d\ude2d\ud83d\ude2d\ud83d\ude2d\ud83d\ude2d\ud83d\ude2d", "user": "_xoki", "id": 397471491895590912}, {"text": "witches of east end is out of control right now", "user": "tay09bow", "id": 397470672202366976}, {"text": "New obsession: Witches of East End. #jennadewantatum #loveher", "user": "JessDabkowski", "id": 397463661947916288}, {"text": "love witches of east end my fav character is ingrid", "user": "shootingsquad20", "id": 397461721029156865}, {"text": "RT @FordModels: Photoset: \"Witches of East End\" star Daniel Di Tomasso looking effortlessly flawless as always. The Ford... http://t.co/yLR\u2026", "user": "EventiZing", "id": 397460872391839744}, {"text": "@LifetimeTelly @citizen_watch already hooked on the witches of east end!! fab channel #LifetimeLaunch", "user": "tamalyn1", "id": 397457146545045504}, {"text": "@Bamblingsofnafy You can catch the full episode here: http://t.co/IEIRcUWMhb, enjoy!", "user": "lifetimetv", "id": 397451280462774272}, {"text": "Witches of East End - Episode 1.06 - Potentia Noctis - Promo http://t.co/sDi1ArJ05B", "user": "fluffybunnyfun", "id": 397450253470691328}, {"text": "@CloisForever23 are the al septien and turi Meyer that work on witches of east end the same people who worked on smallville?", "user": "CoverGirlJenny", "id": 397449937492791296}, {"text": "Witches of East End is my new favorite show even tho it comes on Lifetime whatever", "user": "Kristyy13", "id": 397444783322718208}, {"text": "RT @FordModels: Photoset: \"Witches of East End\" star Daniel Di Tomasso looking effortlessly flawless as always. The Ford... http://t.co/yLR\u2026", "user": "PHOTOLUPA", "id": 397437062816604160}, {"text": "RT @FordModels: Photoset: \"Witches of East End\" star Daniel Di Tomasso looking effortlessly flawless as always. The Ford... http://t.co/yLR\u2026", "user": "trevilicious_MT", "id": 397432455969636352}, {"text": "Photoset: \"Witches of East End\" star Daniel Di Tomasso looking effortlessly flawless as always. The Ford... http://t.co/yLRhWrpjoU", "user": "FordModels", "id": 397427632037703680}, {"text": "Time to lay down and watch some witches of east end, drop dead diva and maybe a nap #gay #idc #missedsundayshows", "user": "PLURboii", "id": 397423854605590528}, {"text": "Okay, I REALLY like Witches of the East End ...", "user": "Juliana_Haygert", "id": 397421989406572544}, {"text": "Witches of east end is my new obsession!", "user": "mollie_babyyy", "id": 397415952448757760}, {"text": "Who among you is watching Witches of East End? I need to talk to someone about my shameful obsession with this show. IT'S SO GOOD/DUMB.", "user": "thompsonplaid", "id": 397415151030505472}, {"text": "Witches of East End - Episode 1.06 - Potentia Noctis - Promotional Photos http://t.co/mtuJQkmMzM", "user": "fluffybunnyfun", "id": 397403095241478144}, {"text": "I had no idea that Witches of East End was based on a de la Cruz novel! #bookbuzzLI #moreTV", "user": "rockityroll", "id": 397392412638978048}, {"text": "Fun day at school, Got to watch people do dumb stuff in a flood and watched 3 episodes of Witches of East End consecutively", "user": "Minn1995", "id": 397364708258242560}, {"text": "RT @HollywoodLife: .@RachelBoston broke our hearts on tonight's #WitchesOfEastEnd! So good. Here's our recap: http://t.co/OxPQC0O66v @Witch\u2026", "user": "BizzieBabyUk", "id": 397343552487055360}, {"text": "'Witches Of East End': Ingrid Has A Hard Time Letting Go Of Adam (VIDEO) http://t.co/1NeFlgfIiD #family", "user": "LotsToLearn", "id": 397341431863320577}, {"text": "Witches of East End just keeps getting better! @WitchesEastEnd @jennaldewan @rachelboston @auntwendythecat #AmazeBalls !", "user": "WitchyCat_Wendy", "id": 397334423508910080}, {"text": "'Witches Of East End': Ingrid Has A Hard Time Letting Go Of Adam (VIDEO) http://t.co/wTpfYEHict #Parenting #Parents", "user": "SuperDadBook", "id": 397333834498203649}, {"text": "'Witches Of East End': Ingrid Has A Hard Time Letting Go Of Adam (VIDEO): Ingrid was having some trouble letti... http://t.co/7DuhrCgv0q", "user": "MoneyMatch_Move", "id": 397320373047267328}, {"text": "#tvnews #television 'Witches Of East End': Ingrid Has A Hard Time Letting Go Of Adam (VIDEO): In... http://t.co/dmc2Y6yi57 #huffpost #TV", "user": "ChatchTV", "id": 397318992764751872}, {"text": "#NW Witches of East End", "user": "Howlingwilderns", "id": 397279737787060224}, {"text": "Sick Beard: Download Finished: Witches of East End - 1x05 - Electric Avenue", "user": "usenetdownloads", "id": 397268873852227585}, {"text": "Sick Beard: Started Download: Witches of East End - 1x05 - Electric Avenue", "user": "usenetdownloads", "id": 397265103940517888}, {"text": "I'm watching Witches of East End (3525 others are watching) http://t.co/vOjXOLfLCP #GetGlue @WitchesEastEnd", "user": "philip07304", "id": 397240738234511360}, {"text": "need to watch witches of east end n family guy tomorrow", "user": "xxprince18", "id": 397239745408815105}, {"text": "I didn't expect Witches of East End to be this good", "user": "april_xD", "id": 397232073377087488}, {"text": "RT @HollywoodLife: .@RachelBoston broke our hearts on tonight's #WitchesOfEastEnd! So good. Here's our recap: http://t.co/OxPQC0O66v @Witch\u2026", "user": "lau_bel", "id": 397230308405157888}, {"text": "I have to finish the rest of tonites witches of east end tomorrow.", "user": "mscupcakez15", "id": 397228337464356864}, {"text": "I'm watching Witches of East End (4971 others are watching) http://t.co/Rc07Ld9uSj #GetGlue @WitchesEastEnd", "user": "supermel28", "id": 397226578314551296}, {"text": "How do I make Witches of East End even better? I Viggle It! TV loves you back with #ViggleTV#WitchesofEastEnd #viggle", "user": "BlackshawCarrie", "id": 397224877037731840}, {"text": "I'm watching Witches of East End (5087 others are watching) http://t.co/OSJNhpzAQh #GetGlue @WitchesEastEnd", "user": "luvskaos", "id": 397224807496187904}, {"text": "M\u00e4dchen Amick MAKES Witches of East End. Seriously hysterical.", "user": "_kelseyjane", "id": 397224693502971904}, {"text": "RT @HollywoodLife: .@RachelBoston broke our hearts on tonight's #WitchesOfEastEnd! So good. Here's our recap: http://t.co/OxPQC0O66v @Witch\u2026", "user": "RossiPR", "id": 397223213056278529}, {"text": "RT @HollywoodLife: .@RachelBoston broke our hearts on tonight's #WitchesOfEastEnd! So good. Here's our recap: http://t.co/OxPQC0O66v @Witch\u2026", "user": "celebriate", "id": 397223027328692224}, {"text": ".@RachelBoston broke our hearts on tonight's #WitchesOfEastEnd! So good. Here's our recap: http://t.co/OxPQC0O66v @WitchesEastEnd", "user": "HollywoodLife", "id": 397221612488884225}, {"text": "POLL : What did you think of Witches of East End - Electric Avenue? http://t.co/7s7cm5dTrJ", "user": "fluffybunnyfun", "id": 397220504429281280}, {"text": "Photo: I just unlocked the Witches of East End: Electric Avenue sticker on GetGlue 6506 others have also... http://t.co/yWMqQnxCAf", "user": "KatieCakez", "id": 397219476028293121}, {"text": "Photo: I\u2019m watching Witches of East End 5810 others are also watching. Witches of East End on http://t.co/0jhx28bSqv http://t.co/UwNcEvVCBk", "user": "KatieCakez", "id": 397219475801788416}, {"text": "#Celebrity \u2018Witches Of East End\u2019 Recap: Freya Battles A Shadow From Dash\u2019s Past: This week\u2019s episode put the \u2018... http://t.co/GJ8AJZLQac", "user": "CelebrityPeek", "id": 397218688039792641}, {"text": "check this out \u2018Witches Of East End\u2019 Recap: Freya Battles A Shadow From Dash\u2019s Past: This... http://t.co/qvDWNlvbme #online #twitter #ad", "user": "keshaf", "id": 397218682834677760}, {"text": "I'm watching Witches of East End (5803 others are watching) http://t.co/x5Ul8L3Ui3 #GetGlue @WitchesEastEnd", "user": "nyleve1867", "id": 397214755662098432}, {"text": "Witches of east end almost had me in tears.", "user": "_rachelwilsonn", "id": 397212317437685761}, {"text": "I'm watching Witches of East End (6002 others are watching) http://t.co/tyBmvnERWx #GetGlue @WitchesEastEnd", "user": "Goldilox1733", "id": 397212147895517184}, {"text": "Photo: I just unlocked the Witches of East End: Electric Avenue sticker on GetGlue 64 others have also... http://t.co/isgic79N08", "user": "sqeptiq", "id": 397211784488419328}, {"text": "@anhanus haha this time it was like \"You're watching Witches of East End!\" I was like I KNOW BUT WHAT SONG IS THIS?! And it finally told me.", "user": "PunkyStarshine", "id": 397210297196617729}, {"text": "I'm watching Witches of East End (5811 others are watching) http://t.co/jSt5ERugFo #GetGlue @WitchesEastEnd", "user": "iluvwolves7", "id": 397207845655298048}, {"text": "Madchen Amick on Witches of East End is everything. #tvtweet #witches", "user": "MorganBaden", "id": 397207064671309824}, {"text": "Witches Of East End is AMAZING!!!!", "user": "Evociaa", "id": 397207054571827200}, {"text": "New #tv obsessions: Devious Maids and Witches of East End", "user": "weissmichelle", "id": 397206726560079872}, {"text": "The Witches of East End is such a good show!!!! Thank you @lifetimetv !", "user": "Sugarchic189", "id": 397205547851591680}, {"text": "Walking dead? no thanks, Witches of East End?? Yes!!!! :D", "user": "AmberMXoxo", "id": 397203389689237504}, {"text": "Photo: I just unlocked the Witches of East End: Electric Avenue sticker on GetGlue 4866 others have also... http://t.co/u0iHYX4FpD", "user": "mrsjaymack", "id": 397199829421391873}, {"text": "How do I make \"Witches of East End\" even better? I Viggle It! TV loves you back with #ViggleTV\n\n #WitchesofEastEnd #viggle", "user": "CanaryDragon", "id": 397199651436494848}, {"text": "I'm watching Witches of East End (4675 others are watching) http://t.co/9N8KfEhoqI #GetGlue @WitchesEastEnd", "user": "JerseyShoreRT", "id": 397198253709864960}, {"text": "Witches of East End followed by bedtime. Busy weekend. Actually kinda looking forward to the day care tomorrow.", "user": "aleciasmorris", "id": 397197903120592896}, {"text": "witches of east end has to wait until 11 tonight. holy craaaaaap", "user": "ms_Caitlinnn", "id": 397197781204348930}, {"text": "Witches of east end time. Wishing sunday was longer because I have so many shows to watch.", "user": "Ms_Libra", "id": 397197780068106240}, {"text": "Missed a few episodes but fuck it I'm watching witches of east end", "user": "AlexFirth91", "id": 397197753220354048}, {"text": "RT @Lightupthesky08: It's onnnnnnnn!!!! Witches of east end wooohooooo @taylor_xo_  @_xoki", "user": "taylor_xo_", "id": 397197408754749440}, {"text": "Witches of east end \ud83d\udc7b", "user": "tdc426", "id": 397197195474370560}, {"text": "I'm watching Witches Of East End #WitchesOfEastEnd #GetGlue http://t.co/VnUUmiSYEV", "user": "ErikMartinez77", "id": 397197094110638081}, {"text": "Witches of East End, I love this show", "user": "simpleebellaa", "id": 397196985322995713}, {"text": "It's onnnnnnnn!!!! Witches of east end wooohooooo @taylor_xo_  @_xoki", "user": "Lightupthesky08", "id": 397196985285214208}, {"text": "Witches of east end \ud83d\ude4c\ud83d\ude4c\ud83d\ude4c", "user": "LoveChanel_xo", "id": 397196882663182336}, {"text": "Ready for Witches of East End !!! -gnite fb", "user": "peaches26247", "id": 397194810379231232}, {"text": "Photo: I just unlocked the Witches of East End: Electric Avenue sticker on GetGlue 3591 others have also... http://t.co/fTgWi7alXV", "user": "ldydonna", "id": 397194744000176128}, {"text": "Photo: I\u2019m watching Witches of East End 4305 others are also watching. Witches of East End on http://t.co/uBT61bU1M8 http://t.co/0JOgSUawF8", "user": "ldydonna", "id": 397194743199039488}, {"text": "Time for some Witches of East End.   \ud83d\udd2e\u2728", "user": "BiancaTrevicano", "id": 397194541918593024}, {"text": "@Hayy_lee29 I love Witches of East end! Such a good show!", "user": "SamanthaSto21", "id": 397191741843177472}, {"text": "Gonna try to get some writing done in between Once and Witches of East End tonight #NaNoWriMo", "user": "CMeushaw", "id": 397186881877598209}, {"text": "I'm watching Witches of East End (2707 others are watching) http://t.co/JdpDzJERwB #GetGlue @WitchesEastEnd", "user": "DatPhatFat", "id": 397184483931463681}, {"text": "I'm watching Witches of East End (2587 others are watching) http://t.co/gEbb3NrNF2 #GetGlue @WitchesEastEnd", "user": "luvskaos", "id": 397183870380277760}, {"text": "Photo: I just unlocked the Witches of East End: Electric Avenue sticker on GetGlue 2274 others have also... http://t.co/M5fnO31CHq", "user": "lit3bright", "id": 397183706785673216}, {"text": "I'm watching Witches of East End (2548 others are watching) http://t.co/nVAmIvIZIR #GetGlue @WitchesEastEnd", "user": "OxStereoHearts", "id": 397183463046279169}, {"text": "I'm watching Witches of East End (2402 others are watching) http://t.co/JqbM9n67tl #GetGlue @WitchesEastEnd", "user": "LexiStar77", "id": 397182762907881472}, {"text": "I'm watching Witches of East End (2306 others are watching) http://t.co/9N8KfEhoqI #GetGlue @WitchesEastEnd", "user": "JerseyShoreRT", "id": 397182180763648000}, {"text": "My sunday nite line up. \nThe Walking Dead @ 9pm\nThe witches of east End @ 10\n #thewalkingdead #amc\u2026 http://t.co/Lgo8Xxy02C", "user": "iiKandee908", "id": 397180278621634560}, {"text": "I'm watching Witches of East End (1613 others are watching) http://t.co/LzXmpyMTRJ #GetGlue @WitchesEastEnd", "user": "RiRe80", "id": 397175652144910336}, {"text": "Come check out Witches of East End via #GetGlue #WitchesOfEastEnd http://t.co/3d1LwJe5q6", "user": "fififolcum", "id": 397174690667827201}, {"text": "I'm watching Witches of East End (1307 others are watching) http://t.co/4jNLtupNdG #GetGlue @WitchesEastEnd", "user": "greeneyes3855", "id": 397172896948555776}, {"text": "I'm watching Witches of East End (799 others are watching) http://t.co/yZ8O15oZO0 #GetGlue @WitchesEastEnd", "user": "nascarfan15", "id": 397169047605088257}, {"text": "I'm watching Witches of East End (479 others are watching) http://t.co/uWwnBGqBnm #GetGlue @WitchesEastEnd", "user": "CocoChanel52687", "id": 397166734001852417}, {"text": "Witches of east end.. Kinda addicted", "user": "DivinT13", "id": 397165274895753216}, {"text": "The witches of east end is a good show but pretty stupid", "user": "RileyDriscoll1", "id": 397145378744958976}, {"text": "4 more hours til witches of east end! So excited @WitchesEastEnd", "user": "J_Babe94", "id": 397136092899848192}, {"text": "I don't give a fuck about sports because my Sunday is dedicated to Once apon a Time, The Walking Dead, and Witches of East End!!!", "user": "BlakeBalathunis", "id": 397131003174875136}, {"text": "the rest of my day: grimm, dracula, movie, walking dead, witches of east end &amp; periodically checking game highlights. http://t.co/lMiyDNvaG4", "user": "shelovesitxBee", "id": 397128201941823488}, {"text": "Tonight's agenda: fold clothes, do homework reading, mani and pedi, facial mask, and lastly Witches of East End. Love that show. That's all.", "user": "Donniluvsu", "id": 397127509034409984}, {"text": "TV Tonight: OUAT, TWD, Talking Dead, Witches of East End, Comic Book Men. Notable Mentions: Long Island Medium, Oprah: Where Are They Now?", "user": "melodysimpson", "id": 397127215025881088}, {"text": "Happy sunday! Tune into Witches of East End tonight to hear the song \"Black Magic\" by Magic Wands 10/9c on Lifetime http://t.co/Huu2ONgMpr", "user": "zyncmusic", "id": 397105909660680193}, {"text": "I feel like the new Lifetime series Witches of East End is @ItsDanielCS, @DanityKurtz and I at Club Cafe when I finally return to Boston", "user": "thekitbrown", "id": 397097653118701568}, {"text": "A new episode of Witches of East End comes on tonight!!!! :) :)", "user": "DanceismyMuse", "id": 397095038599327744}, {"text": "@jennaldewan I just want to congrats u on witches of East  end love it ...I'll be watching tonight", "user": "CCindy42", "id": 397052290370379776}, {"text": "Going to wait for the new Episode of Witches of East End and watch it all at once @jennaldewan", "user": "Minn1995", "id": 397027770464628736}, {"text": "Witches of East End is going to be a pretty kickass show. Just watched the first Ep and so much is already happening @jennaldewan", "user": "Minn1995", "id": 397022678592131072}, {"text": "Really into the Witches of East End\u2728", "user": "SaraNoPants", "id": 397020305241419776}, {"text": "Marquei como visto Witches of East End - 1x4 - A Few Good Talismen http://t.co/32toHSIvad #bancodeseries", "user": "juliasuxxxxxx", "id": 397016047007846401}, {"text": "Really enjoying \"Witches Of East End,\" despite it being a Lifetime original TV show. Reminds me of \"Eastwick,\" with slightly less camp.", "user": "molliekatie", "id": 396898253960392704}, {"text": "Witches of East End is actually a good Lifetime show. #whoknew", "user": "_samanthacronin", "id": 396867350102024192}, {"text": "Marquei como visto Witches of East End - 1x4 - A Few Good Talismen http://t.co/HbVr7L2Etd #bancodeseries", "user": "rosaemiilia", "id": 396859500885323776}, {"text": "Marquei como visto Witches of East End - 1x3 - Today I am a Witch http://t.co/Myp3yPjebj #bancodeseries", "user": "rosaemiilia", "id": 396840460280274946}]