[{"text": "I feel outta Wack because I didn't watch criminal minds tonight.", "user": "inconsistencyy_", "id": 400838877344043008}, {"text": "RONNIE BANKS IS ON CRIMINAL MINDS OMG \ud83d\ude0d\u2764\ufe0f\ud83d\ude2d", "user": "kirstenpaige22", "id": 400836344336769025}, {"text": "RT @bellaboo570705: RONNIE BANKS IS ON CRIMINAL MINDS\ud83d\ude0d\ud83d\ude0d\ud83d\ude0d\ud83d\ude0d\ud83d\ude2d\ud83d\ude0d\ud83d\ude2d\ud83d\ude0d\ud83d\ude2d\u2764\ufe0f\u2764\ufe0f even though he just killed someone http://t.co/IIBw56dAe3", "user": "LARISSA__LOPEZ", "id": 400835478703710208}, {"text": "RT @OhhThatChick: Waited all day to come home and see Ronnie Banks on Criminal Minds and he died in the VERY beginning \ud83d\ude2d\ud83d\ude06", "user": "LARISSA__LOPEZ", "id": 400835275099619328}, {"text": "RT @OhhThatChick: Waited all day to come home and see Ronnie Banks on Criminal Minds and he died in the VERY beginning \ud83d\ude2d\ud83d\ude06", "user": "Nikoleee13", "id": 400834486323011584}, {"text": "Waited all day to come home and see Ronnie Banks on Criminal Minds and he died in the VERY beginning \ud83d\ude2d\ud83d\ude06", "user": "OhhThatChick", "id": 400834346505867264}, {"text": "Did I just see Ronnie Banks on criminal minds ?", "user": "EmpressRaye", "id": 400830957189865472}, {"text": "Bumped out that I missed @IamRonnieBanks on criminal minds tonight. But church was good :)", "user": "xMochaDrizzlex", "id": 400828829561667585}, {"text": "Gonna Watch Criminal Minds Cause @IamRonnieBanks Is Bae .", "user": "Dopee_ItsGerald", "id": 400826234742910976}, {"text": "I MISSED CRIMINAL MINDS \ud83d\ude2d\ud83d\ude2d", "user": "joann_francis", "id": 400825401187913729}, {"text": "Criminal minds was pretty crazy", "user": "TylerGreene948", "id": 400825276621258752}, {"text": "Reasons why I'm annoyed at Criminal Minds: the fact that Morgan and Garcia STILL aren't together.", "user": "fuentesrules", "id": 400825003199193088}, {"text": "Well I'm sitting here watching criminal minds nd listing to my hubby snore nd kissing him while he's\u2026 http://t.co/YG3iHbKDTT", "user": "_proudmotherof1", "id": 400823311623782400}, {"text": "RT @KatyClancy: Criminal minds honestly creeps me out \ud83d\ude33", "user": "amandaalandzess", "id": 400822685267013632}, {"text": "I love Criminal Minds\ud83d\udc4c\ud83d\udd0e\ud83d\udd26\ud83d\udd2a\ud83d\udd2b", "user": "linalinalove4", "id": 400822213613342720}, {"text": "A guy from vine is on this episode of criminal minds...", "user": "Tayemajors", "id": 400822032729767937}, {"text": "RT @KatyClancy: Criminal minds honestly creeps me out \ud83d\ude33", "user": "britttanymartin", "id": 400821393215860736}, {"text": "\u201c@COMEDYPEDIA: Bitch I watch CSI, NCIS, Criminal Minds, and Bones I can make your death look like and accident.\u201dlol", "user": "FayetteLaRive", "id": 400821211250171904}, {"text": "RT @bellaboo570705: RONNIE BANKS IS ON CRIMINAL MINDS\ud83d\ude0d\ud83d\ude0d\ud83d\ude0d\ud83d\ude0d\ud83d\ude2d\ud83d\ude0d\ud83d\ude2d\ud83d\ude0d\ud83d\ude2d\u2764\ufe0f\u2764\ufe0f even though he just killed someone http://t.co/IIBw56dAe3", "user": "kingsdaughter__", "id": 400820660412227584}, {"text": "RT @bellaboo570705: RONNIE BANKS IS ON CRIMINAL MINDS\ud83d\ude0d\ud83d\ude0d\ud83d\ude0d\ud83d\ude0d\ud83d\ude2d\ud83d\ude0d\ud83d\ude2d\ud83d\ude0d\ud83d\ude2d\u2764\ufe0f\u2764\ufe0f even though he just killed someone http://t.co/IIBw56dAe3", "user": "Chasnii", "id": 400820495844528128}, {"text": "Criminal Minds makes me think I can read people and shit.", "user": "Woah_amriss", "id": 400820450759954432}, {"text": "RT @zac_attack_28: Watch criminal minds with me so i know its real", "user": "izhhy_", "id": 400819889343959040}, {"text": "RONNIE BANKS ON CRIMINAL MINDS \ud83d\ude33 AND HE JUST KILLED PEOPLE....", "user": "lawmeghan", "id": 400819852228571136}, {"text": "RT @Trillest713: I Haven't Watched Criminal Minds for the longest", "user": "KassyJolynn", "id": 400817823464701952}, {"text": "Watch criminal minds with me so i know its real", "user": "zac_attack_28", "id": 400817703713120256}, {"text": "RT @KatyClancy: Criminal minds honestly creeps me out \ud83d\ude33", "user": "_DannyBoy08", "id": 400817142527832064}, {"text": "RT @KatyClancy: Criminal minds honestly creeps me out \ud83d\ude33", "user": "BrendyPoo_17", "id": 400816542658490368}, {"text": "RT @Trillest713: I Haven't Watched Criminal Minds for the longest", "user": "HighhImAlyssaa", "id": 400816492825960448}, {"text": "I Haven't Watched Criminal Minds for the longest", "user": "Trillest713", "id": 400816246389608449}, {"text": "My favv show criminal minds on", "user": "sexyslim2342", "id": 400815972845494272}, {"text": "RT @KatyClancy: Criminal minds honestly creeps me out \ud83d\ude33", "user": "TylerDuck77", "id": 400815865135759361}, {"text": "Criminal minds honestly creeps me out \ud83d\ude33", "user": "KatyClancy", "id": 400815828922159106}, {"text": "\"The Return \" Criminal Minds", "user": "itsanelisia_", "id": 400815636038688768}, {"text": "Im making everyone in my house watch Criminal Minds . all the t.v are on Cbs  @IamRonnieBanks @CrimMinds_CBS", "user": "itsanelisia_", "id": 400815421269372928}, {"text": "RT @jennerr_07: Ronnie banks on criminal minds rn", "user": "jaa_smine", "id": 400814963406557184}, {"text": "RT @yagirlSam: Criminal Minds, First 48, CSI Miami, &amp; all those types'a shows are my faves.", "user": "BARBiE_BiTCH830", "id": 400814921450938368}, {"text": "@IamRonnieBanks on Criminal Minds tonite Perfect", "user": "itsanelisia_", "id": 400813307075899392}, {"text": "Wtf i missed the ronnie banks criminal minds man i forgot it was today", "user": "PimpDaddyVane", "id": 400813275119493120}, {"text": "RT @yagirlSam: Criminal Minds, First 48, CSI Miami, &amp; all those types'a shows are my faves.", "user": "tapia_clarissa", "id": 400813126804705282}, {"text": "RT @bellaboo570705: RONNIE BANKS IS ON CRIMINAL MINDS\ud83d\ude0d\ud83d\ude0d\ud83d\ude0d\ud83d\ude0d\ud83d\ude2d\ud83d\ude0d\ud83d\ude2d\ud83d\ude0d\ud83d\ude2d\u2764\ufe0f\u2764\ufe0f even though he just killed someone http://t.co/IIBw56dAe3", "user": "Trilla_T", "id": 400812964686462977}, {"text": "RT @yagirlSam: Criminal Minds, First 48, CSI Miami, &amp; all those types'a shows are my faves.", "user": "caligirl_17", "id": 400812951927390208}, {"text": "RT @bellaboo570705: RONNIE BANKS IS ON CRIMINAL MINDS\ud83d\ude0d\ud83d\ude0d\ud83d\ude0d\ud83d\ude0d\ud83d\ude2d\ud83d\ude0d\ud83d\ude2d\ud83d\ude0d\ud83d\ude2d\u2764\ufe0f\u2764\ufe0f even though he just killed someone http://t.co/IIBw56dAe3", "user": "_bethaaaaany_", "id": 400812590600712192}, {"text": "Criminal Minds, First 48, CSI Miami, &amp; all those types'a shows are my faves.", "user": "yagirlSam", "id": 400812494223974400}, {"text": "Cryed when I couldn't find the channel for \"Criminal Minds \" !", "user": "itsanelisia_", "id": 400812473814503424}, {"text": "RT @bellaboo570705: RONNIE BANKS IS ON CRIMINAL MINDS\ud83d\ude0d\ud83d\ude0d\ud83d\ude0d\ud83d\ude0d\ud83d\ude2d\ud83d\ude0d\ud83d\ude2d\ud83d\ude0d\ud83d\ude2d\u2764\ufe0f\u2764\ufe0f even though he just killed someone http://t.co/IIBw56dAe3", "user": "imtooawkward_", "id": 400812320987049984}, {"text": "Seriously Crying right now ! Watching Ronnie Banks On criminal minds @IamRonnieBanks", "user": "itsanelisia_", "id": 400812249633140736}, {"text": "RT @bellaboo570705: RONNIE BANKS IS ON CRIMINAL MINDS\ud83d\ude0d\ud83d\ude0d\ud83d\ude0d\ud83d\ude0d\ud83d\ude2d\ud83d\ude0d\ud83d\ude2d\ud83d\ude0d\ud83d\ude2d\u2764\ufe0f\u2764\ufe0f even though he just killed someone http://t.co/IIBw56dAe3", "user": "aurora_burealis", "id": 400811966052442112}, {"text": "RONNIE BANKS ON CRIMINAL MINDS", "user": "KimberlySBS", "id": 400811927544156160}, {"text": "RT @kaitiek20: \u201c@poison4ivie: Criminal minds timeeeeeeee #bestshow #heymorgan #criminalminds\u201d oh my god!! Love this show! And my baby boy M\u2026", "user": "poison4ivie", "id": 400811834480939008}, {"text": "RT @bellaboo570705: RONNIE BANKS IS ON CRIMINAL MINDS\ud83d\ude0d\ud83d\ude0d\ud83d\ude0d\ud83d\ude0d\ud83d\ude2d\ud83d\ude0d\ud83d\ude2d\ud83d\ude0d\ud83d\ude2d\u2764\ufe0f\u2764\ufe0f even though he just killed someone http://t.co/IIBw56dAe3", "user": "xcvnt__", "id": 400811817523367937}, {"text": "Watchn criminal minds until #AMERICANHORRORSTORY COMES ON", "user": "DR_Natural_Hair", "id": 400811688506957824}, {"text": "\u201c@poison4ivie: Criminal minds timeeeeeeee #bestshow #heymorgan #criminalminds\u201d oh my god!! Love this show! And my baby boy Morgan! Lol", "user": "kaitiek20", "id": 400811654067150848}, {"text": "RT @bellaboo570705: RONNIE BANKS IS ON CRIMINAL MINDS\ud83d\ude0d\ud83d\ude0d\ud83d\ude0d\ud83d\ude0d\ud83d\ude2d\ud83d\ude0d\ud83d\ude2d\ud83d\ude0d\ud83d\ude2d\u2764\ufe0f\u2764\ufe0f even though he just killed someone http://t.co/IIBw56dAe3", "user": "jess_dottoli", "id": 400811614888554496}, {"text": "RT @bellaboo570705: RONNIE BANKS IS ON CRIMINAL MINDS\ud83d\ude0d\ud83d\ude0d\ud83d\ude0d\ud83d\ude0d\ud83d\ude2d\ud83d\ude0d\ud83d\ude2d\ud83d\ude0d\ud83d\ude2d\u2764\ufe0f\u2764\ufe0f even though he just killed someone http://t.co/IIBw56dAe3", "user": "ItsUr_Destinee", "id": 400811586849214464}, {"text": "RT @bellaboo570705: RONNIE BANKS IS ON CRIMINAL MINDS\ud83d\ude0d\ud83d\ude0d\ud83d\ude0d\ud83d\ude0d\ud83d\ude2d\ud83d\ude0d\ud83d\ude2d\ud83d\ude0d\ud83d\ude2d\u2764\ufe0f\u2764\ufe0f even though he just killed someone http://t.co/IIBw56dAe3", "user": "torri_xOx", "id": 400811312122724352}, {"text": "I wanted to see Ronnie banks on criminal minds but I couldn't find it \ud83d\ude2d", "user": "xo_serenity", "id": 400811227242188801}, {"text": "\u201c@CHaub2012: Criminal Minds is on, sorry you're not important enough to interrupt my show.\u201d", "user": "c_chavez13", "id": 400811049143652352}, {"text": "@IamRonnieBanks good job on criminal minds #gangbanger", "user": "digmythoughts_", "id": 400810668154449920}, {"text": "RT @bellaboo570705: RONNIE BANKS IS ON CRIMINAL MINDS\ud83d\ude0d\ud83d\ude0d\ud83d\ude0d\ud83d\ude0d\ud83d\ude2d\ud83d\ude0d\ud83d\ude2d\ud83d\ude0d\ud83d\ude2d\u2764\ufe0f\u2764\ufe0f even though he just killed someone http://t.co/IIBw56dAe3", "user": "latina_hermosa2", "id": 400810454228152320}, {"text": "\ud83d\ude32\ud83d\ude0d\ud83d\ude1c Hold up, Hold Up I just saw @IamRonnieBanks on Criminal Minds", "user": "MindlessFashion", "id": 400810348665524224}, {"text": "RT @bellaboo570705: RONNIE BANKS IS ON CRIMINAL MINDS\ud83d\ude0d\ud83d\ude0d\ud83d\ude0d\ud83d\ude0d\ud83d\ude2d\ud83d\ude0d\ud83d\ude2d\ud83d\ude0d\ud83d\ude2d\u2764\ufe0f\u2764\ufe0f even though he just killed someone http://t.co/IIBw56dAe3", "user": "devon_houser", "id": 400810247516090368}, {"text": "RT @KimSuperb: Ronnie Banks isn't even saying anything on Criminal Minds. He's playing a dead body \ud83d\ude12", "user": "briannasimone13", "id": 400810001834737664}, {"text": "RT @bellaboo570705: RONNIE BANKS IS ON CRIMINAL MINDS\ud83d\ude0d\ud83d\ude0d\ud83d\ude0d\ud83d\ude0d\ud83d\ude2d\ud83d\ude0d\ud83d\ude2d\ud83d\ude0d\ud83d\ude2d\u2764\ufe0f\u2764\ufe0f even though he just killed someone http://t.co/IIBw56dAe3", "user": "_ivorayyyy", "id": 400809992288088065}, {"text": "Ronnie Banks isn't even saying anything on Criminal Minds. He's playing a dead body \ud83d\ude12", "user": "KimSuperb", "id": 400809595276242944}, {"text": "\u201c@tumama__: #nw @IamRonnieBanks on Criminal Minds\u201d", "user": "valeriiaa_77", "id": 400809568923832320}, {"text": "#nw @IamRonnieBanks on Criminal Minds", "user": "tumama__", "id": 400809482629816320}, {"text": "Ronnie on criminal minds. \ud83d\ude0d", "user": "Woah_amriss", "id": 400809304397070338}, {"text": "RT @bellaboo570705: RONNIE BANKS IS ON CRIMINAL MINDS\ud83d\ude0d\ud83d\ude0d\ud83d\ude0d\ud83d\ude0d\ud83d\ude2d\ud83d\ude0d\ud83d\ude2d\ud83d\ude0d\ud83d\ude2d\u2764\ufe0f\u2764\ufe0f even though he just killed someone http://t.co/IIBw56dAe3", "user": "KissMePayton", "id": 400809183924064256}, {"text": "I've never watched Criminal Minds, but just because @IamRonnieBanks is in this episode..I will", "user": "Mikaylannicole", "id": 400809060376641536}, {"text": "RT @bellaboo570705: RONNIE BANKS IS ON CRIMINAL MINDS\ud83d\ude0d\ud83d\ude0d\ud83d\ude0d\ud83d\ude0d\ud83d\ude2d\ud83d\ude0d\ud83d\ude2d\ud83d\ude0d\ud83d\ude2d\u2764\ufe0f\u2764\ufe0f even though he just killed someone http://t.co/IIBw56dAe3", "user": "_Jesus_Baby_", "id": 400808393512062976}, {"text": "RONNIE BANKS IS ON CRIMINAL MINDS\ud83d\ude0d\ud83d\ude0d\ud83d\ude0d\ud83d\ude0d\ud83d\ude2d\ud83d\ude0d\ud83d\ude2d\ud83d\ude0d\ud83d\ude2d\u2764\ufe0f\u2764\ufe0f even though he just killed someone http://t.co/IIBw56dAe3", "user": "bellaboo570705", "id": 400807988786511872}, {"text": "Totally forgot @IamRonnieBanks was going to be on this episode of Criminal Minds! \ud83d\ude01\ud83d\ude0d", "user": "elenamarie__", "id": 400807796809027584}, {"text": "The babe @IamRonnieBanks on Criminal Minds right now!!! http://t.co/pGVcrl3id7", "user": "_yourstrulyOVO", "id": 400807219517595648}, {"text": "Lord Criminal Minds is.. \ud83d\ude33\ud83d\udd2b\ud83d\ude49", "user": "_CiaraC_", "id": 400807173665468417}, {"text": "Haven't seen criminal minds in soo long !", "user": "Francis_Compean", "id": 400806965288247298}, {"text": "Criminal Minds Is On !! \ud83d\ude01\ud83d\udc4f", "user": "WildBoyZaii", "id": 400806761940021249}, {"text": "@jenmisstx Are you watching criminal minds?! #ShirtlessShemar", "user": "TexasVegetarian", "id": 400806646063980545}, {"text": "if all the people from Bones, CSI, Criminal Minds, and Lie To Me all came together, that would be the absolute best moment of my life\ud83d\ude0d", "user": "sophistik8ed", "id": 400806612862251008}, {"text": "Damn @N_O_Angel has made me miss the beginning of criminal minds", "user": "MsNat05", "id": 400806558096838656}, {"text": "Im missing it :( RT \u201c@SimplyPeppa New Criminal Minds!\u201d", "user": "Ci_so_lowkey", "id": 400806528468283392}, {"text": "It's that time of the week again. A new episode of Criminal Minds baby!!", "user": "EricMorgan210", "id": 400806362134749184}, {"text": "@IamRonnieBanks  is on Criminal Minds!! i started screaming!!! omg thats babe! :D so proud!!", "user": "GabrielleBell3", "id": 400806341477818368}, {"text": "@IamRonnieBanks I am looking at criminal minds right now and I saw you and I screamed at the top of my lungs", "user": "brit007_", "id": 400806297810923520}, {"text": "RT @kandicelanea: Shemar Moore right now on Criminal Minds&gt;&gt;&gt; \ud83d\ude0b\ud83d\ude0b", "user": "eR0ndy_x0", "id": 400806235517108224}, {"text": "RT @jennerr_07: Ronnie banks on criminal minds rn", "user": "julieperez1999", "id": 400806211697639425}, {"text": "my baby Ronnie Banks on Criminal Minds with my other baby Morgan! https://t.co/Gmm0xUbRTv", "user": "ValerieNatashaa", "id": 400806166546370560}, {"text": "Shemar Moore shirtless to start this Criminal Minds episode. YES LAWD LEMME TURN TIVO ON!!!!!", "user": "TexasVegetarian", "id": 400806134539223040}, {"text": "@IamRonnieBanks watching you on criminal minds right meow!!!!", "user": "BeaNicoleClay", "id": 400806096052715520}, {"text": "Shemar Moore right now on Criminal Minds&gt;&gt;&gt; \ud83d\ude0b\ud83d\ude0b", "user": "kandicelanea", "id": 400806086011133952}, {"text": "@IamRonnieBanks on CRIMINAL MINDS!! :* \u2661\u2661", "user": "Francis_Compean", "id": 400806021129449472}, {"text": "watching @IamRonnieBanks on criminal minds", "user": "annabanana3879", "id": 400805967535030273}, {"text": "AWW SHIT CRIMINAL MINDS WITH MY BAE @IamRonnieBanks got me all hype", "user": "RhavenBraun", "id": 400805948844814336}, {"text": "@IamRonnieBanks on Criminal Minds! \u2764\ufe0f\ud83d\ude18\ud83d\ude0d", "user": "SelenaaLermaa", "id": 400805931354583040}, {"text": "My baby Ronnie Banks looks so cute in Criminal Minds \ud83d\ude0d\ud83d\ude0d", "user": "karinamarieee_", "id": 400805899930853376}, {"text": "Babe on criminal minds! @IamRonnieBanks \ud83d\ude0d\ud83d\ude0d", "user": "debanhyg", "id": 400805811460800512}, {"text": "@IAMRONNIEBANKS ON CRIMINAL MINDS DUENNDJF UWHSJD I CANTBREATHE #RonnieBanksOnCM", "user": "reallynarryok", "id": 400805627486019586}, {"text": "criminal minds time", "user": "laineezupeda", "id": 400805601833672704}, {"text": "CRIMINAL MINDS IS ON WITH RONNIE BANKS SO EXCITED!!!!! #CriminalMinds #RonnieBanks", "user": "Asia_NicoleD", "id": 400805546103558144}, {"text": "Criminal minds started !! Ready to see @IamRonnieBanks", "user": "miranduh_bieber", "id": 400805545948360704}, {"text": "Ready to watch @IamRonnieBanks I'm Criminal Minds!!! :D #RonnieBanksOnCM", "user": "tamar8550", "id": 400805308726910977}, {"text": "Time for criminal minds\ud83d\udc4c", "user": "sammienchris09", "id": 400805151893512192}, {"text": "About to watch @IamRonnieBanks on Criminal Minds \ud83d\ude0d #RonnieBanksOnCM", "user": "Valarieeeeee", "id": 400805114065068032}, {"text": "Boutta watch @IamRonnieBanks on Criminal Minds \ud83d\ude0d\ud83d\ude0d", "user": "HeeeyAlinaaa", "id": 400804988294672384}, {"text": "Time for Criminal Minds! \u270c\ufe0f", "user": "_CiaraC_", "id": 400804812792401921}, {"text": "RT @AwesomeBeastKid: READY TO WATCH MY BABY RONNIE BANKS ON CRIMINAL MINDS @IamRonnieBanks \ud83d\udc6e\ud83d\udc82", "user": "Celia_53", "id": 400804094224261120}, {"text": "criminal minds at 8!", "user": "Tbergeron911", "id": 400801189303816193}, {"text": "READY TO WATCH MY BABY RONNIE BANKS ON CRIMINAL MINDS @IamRonnieBanks \ud83d\udc6e\ud83d\udc82", "user": "AwesomeBeastKid", "id": 400801176330858497}, {"text": "RT @a_benningfield: I think there should be a channel where all they show is Criminal Minds. That way I'd always have something to watch.", "user": "lindseykayp", "id": 400799678557470720}, {"text": "Ready fa Criminal Minds", "user": "ShaysoAmazing", "id": 400799551583309824}, {"text": "\"@Based_Child__: Ahh 30 more minutes till the new Criminal Minds with Ronnie Banks \ud83d\ude48\"", "user": "ValerieNatashaa", "id": 400799087722643456}, {"text": "Lemme get ready to watch criminal minds", "user": "RIDEmy_BULLET", "id": 400797565597134852}, {"text": "I'm just anxiously waiting to watch Ronnie Banks on criminal minds. #BabyDaddy #LoveOfMyLife", "user": "_kearstin", "id": 400795759131389952}, {"text": "I dont watch criminal minds but since he is going to be in it the. Yeah !!! Im excited!! #RonnieBanksOnCM", "user": "citlallifiguer2", "id": 400795681654571008}, {"text": "Papa Colunga isn't home....should I watch Criminal Minds or not? #scardycatmama", "user": "notmamacolunga", "id": 400793457448345600}, {"text": "Can't wait until Criminal Minds come on \ud83d\ude01", "user": "_CiaraC_", "id": 400793305320923137}, {"text": "I'm so excited to see @IamRonnieBanks on criminal minds!!! Omg I can't even wait\ud83d\ude2d\ud83d\udc9c\ud83d\udc95\ud83d\udc9c\ud83d\udc95 #RonnieBanksOnCM", "user": "Jasmine_197", "id": 400785646505046016}, {"text": "Shower then Dollar store THEN CRIMINAL MINDS", "user": "RaptureRenegade", "id": 400777852485791744}, {"text": "I've never been more excited to watch an episode of Criminal Minds! #RonnieBanksOnCM", "user": "NisNisCruz", "id": 400776127511138304}, {"text": "My mom watches Criminal Minds so I told her to look for @IamRonnieBanks cause that's why im watching it tonight ;)", "user": "PetraG713", "id": 400766761529643008}, {"text": "my moms crying over criminal minds...lol what", "user": "Kendra_Taylor98", "id": 400758859876155392}, {"text": "RT @a_benningfield: I think there should be a channel where all they show is Criminal Minds. That way I'd always have something to watch.", "user": "kayleewhaley", "id": 400758654225219584}, {"text": "Everyone's going to watch Criminal Minds tonight bc Ronnie Banks", "user": "thatgirlmorgaan", "id": 400757914438078464}, {"text": "Excited because @IamRonnieBanks criminal minds show is today! Omg can't wait to see bae in action\u2665", "user": "amandaalaniz_23", "id": 400753732062691329}, {"text": "\"@IamRonnieBanks: RONNIE BANKS IS ON CRIMINAL MINDS TONIGHT!! CBS 9/8c - Team RB\"", "user": "YoBoothang_Jay_", "id": 400752671608807424}, {"text": "So we're gonna watch criminal minds now? \ue402", "user": "_sabrinaelyse", "id": 400752480327188480}, {"text": "I think there should be a channel where all they show is Criminal Minds. That way I'd always have something to watch.", "user": "a_benningfield", "id": 400751679949123585}, {"text": "Reasons why I \ud83d\udc9a Wednesday:\n1. HUMP DAY\ud83d\udc2a\n2. No work\ud83c\udf89\n3. Church\ud83d\ude4f\n4. Criminal Minds\ud83d\udcfa", "user": "haleigh_raye", "id": 400743807987113984}, {"text": "Criminal minds makes me want to go into to the feild of criminal scieince #Addicted", "user": "brileyzade", "id": 400714409720307712}, {"text": "@Jaurreggae criminal minds is so creepy all the tiiiime", "user": "queenwitchiepoo", "id": 400714229042249728}, {"text": "RT @Taste_MyRevenge: I swear everytime me and grandmother watch csi Miami and criminal minds we be thinkin we detectives and be trying to s\u2026", "user": "xiajanai", "id": 400712129558228992}, {"text": "I swear everytime me and grandmother watch csi Miami and criminal minds we be thinkin we detectives and be trying to solve the murders", "user": "Taste_MyRevenge", "id": 400710837804863488}, {"text": "Eating jimbalya and watching criminal minds\ud83d\ude01\ud83d\ude4c #happygirl", "user": "__Anaaaaaa", "id": 400708464345100288}, {"text": "This nigga on criminal minds trippin", "user": "liljohnsonkid21", "id": 400707341487972352}, {"text": "Sad..I'm supposed to be his GF!! Criminal Minds' Shemar Moore on Morgan's New Girlfriend: \"It's About Time!\" http://t.co/jq2ShSaHKq", "user": "caseystutz", "id": 400703944252747776}, {"text": "Criminal minds in my cozy bed alllll day. Ok. I don't even care.", "user": "Megbass22", "id": 400697484252434432}, {"text": "Was listening to the radio on my way home from school and the criminal minds commercial for tonight's show came on! Excited!@IamRonnieBanks", "user": "xMochaDrizzlex", "id": 400692097294286848}, {"text": "@WilliamIgbokwe Who? You'd love it. After this the next on my list is Criminal Minds.", "user": "joellelizabeth_", "id": 400688749748563969}, {"text": "Today is le bae @IamRonnieBanks Criminal Minds show! F YES! :D", "user": "amandaalaniz_23", "id": 400671816454115329}, {"text": "Criminal minds with harmonie and she is really watching it like she know what's going on", "user": "MzScarboro", "id": 400650164097937409}, {"text": "Someone got jealous over Derek Morgan on Criminal Minds \ud83d\ude18\u263a\ufe0f @MarkAdame52 http://t.co/yp1O1sHojz", "user": "Naydaaa13", "id": 400641150639304704}, {"text": "RT @his_little_bird: Criminal Minds is always so interesting...", "user": "MikiBailey", "id": 400620973637902336}, {"text": "@IamRonnieBanks  on criminal minds today \ud83c\udf89", "user": "loove_ashleyy", "id": 400614109395156992}, {"text": "RT @wakeup1442: Robber Baron elites think masses too dumb to make own decisions. The masses bow to superior criminal minds. Especially if t\u2026", "user": "KathyDillenbeck", "id": 400598004186370049}, {"text": "RT @CrimMinds_CBS: Someone is brainwashing children into soldiers. #CriminalMinds preview: http://t.co/t2RmIOXNbb.....Can't Wait!!", "user": "tasha76mtz", "id": 400596611576770560}, {"text": "RT @wakeup1442: Robber Baron elites think masses too dumb to make own decisions. The masses bow to superior criminal minds. Especially if t\u2026", "user": "Solarsales", "id": 400531347095035904}, {"text": "Everyone's talking about sex or the Drake concert. I'm just twatching and watching Criminal Minds", "user": "EricMorgan210", "id": 400528978336677888}, {"text": "Robber Baron elites think masses too dumb to make own decisions. The masses bow to superior criminal minds. Especially if they have no info", "user": "wakeup1442", "id": 400528155963695104}, {"text": "This episode of criminal minds is amazing!", "user": "Lexx642", "id": 400515741986066432}, {"text": "Got the cool air coming in,\nAll cuddled up with my babe\nWatching criminal minds \ud83d\udc95", "user": "Homo_Princess", "id": 400506202997551104}, {"text": "I wanna watch Criminal Minds Marathon all Day &gt;&gt;", "user": "deekillz_187", "id": 400488380435156993}, {"text": "RT @_JadeeS: I can watch criminal minds all day EVERY day! \u2764\ufe0f", "user": "MichealKatz", "id": 400478561540124672}, {"text": "I'm addicted to every csi and criminal minds...", "user": "MarissaShorter", "id": 400477377538433024}, {"text": "Criminal minds has officially made me cry...", "user": "jenn_jenn19", "id": 400473581999493120}, {"text": "Crying while watching Criminal Minds bc my future husband Spencer Reid just had his heart broken whhhhyyyyyyyyyy", "user": "Amberrenaaye", "id": 400473377728516096}, {"text": "i just saw @RealMichelleT kill herself while simultaneously killing someone else on Criminal Minds Michelle Trachtenberg is a boss ass bitch", "user": "DrewCarterHart", "id": 400473348162854912}, {"text": "This Criminal Minds has me in tears.", "user": "anna_beaaa", "id": 400473077978386432}, {"text": "RT @_JadeeS: I can watch criminal minds all day EVERY day! \u2764\ufe0f", "user": "EvelynPineda_8", "id": 400472824902463488}, {"text": "I can watch criminal minds all day EVERY day! \u2764\ufe0f", "user": "_JadeeS", "id": 400471725705793536}, {"text": "RT @his_little_bird: Criminal Minds is always so interesting...", "user": "Proverb31_10_31", "id": 400471176046452737}, {"text": "Criminal minds show tho", "user": "JonTrippyDoee", "id": 400470578873659392}, {"text": "I should be asleep right now but this episode of criminal minds won't let me", "user": "ItsMe_Neidra", "id": 400470471210446848}, {"text": "Criminal Minds is always so interesting...", "user": "his_little_bird", "id": 400470310366896129}, {"text": "Criminal Minds just make my day", "user": "Jasmine_Mimms", "id": 400468448548888576}, {"text": "Criminal minds marathon&gt;wine night #grandmastatus \ud83d\udc75", "user": "KandisLakin", "id": 400464036292468737}, {"text": "Criminal Minds till I fall asleep \u270c\ufe0f", "user": "k_strode116", "id": 400462610421657600}, {"text": "OMG. I just remembered tomorrow is the night @IamRonnieBanks comes on Criminal Minds!! Ahh I seriously can't wait. \ud83d\ude0d\u2764\ufe0f\ud83d\ude18", "user": "___kayC", "id": 400460096129363968}, {"text": "Season 8 of Criminal Minds just started you guys", "user": "ChelseaMcCoy03", "id": 400459618800787456}, {"text": "So excited to see the new Criminal Minds show tomorrow with @IamRonnieBanks !", "user": "ValerieNatashaa", "id": 400458824898707457}, {"text": "One more stop then home to finish watching criminal minds and to cuddle with my covers", "user": "TeaSo_Sweet", "id": 400453212500549632}, {"text": "Criminal minds is full of crazy people", "user": "Elsi_dragon", "id": 400450560916066304}, {"text": "RT @Br00kee11: \u201c@jessmo312: Criminal minds before bedtime \ud83d\ude2c\u201d I never go to bed when this show is on. \ud83d\ude48", "user": "jessmo312", "id": 400449549480636416}, {"text": "\u201c@jessmo312: Criminal minds before bedtime \ud83d\ude2c\u201d I never go to bed when this show is on. \ud83d\ude48", "user": "Br00kee11", "id": 400449409743220736}, {"text": "This killer on criminal minds is from Ms and looks like Dan Mullen. So creepy.", "user": "cMullholland", "id": 400447670637973504}, {"text": "A day without watching criminal minds is a day wasted.", "user": "a_j217", "id": 400445717233152001}, {"text": "Trying to study but criminal minds is much more interesting.", "user": "haleydolive", "id": 400443878102142976}, {"text": "Why is my six year old godchild watching Criminal Minds sophia", "user": "RALElGHBECKET", "id": 400435914230333440}, {"text": "I'm watching Criminal Minds (54 others are watching) http://t.co/UJLqsWXEAv #GetGlue @CrimMinds_CBS", "user": "trenda71405", "id": 400434352821399553}, {"text": "RT @_amberLOVElee: Criminal Minds makes me want to major in forensics.", "user": "IAm_SWIMS", "id": 400433472969248768}, {"text": "RT @_amberLOVElee: Criminal Minds makes me want to major in forensics.", "user": "_Quanishaaaa", "id": 400429627589423104}, {"text": "Criminal Minds makes me want to major in forensics.", "user": "_amberLOVElee", "id": 400429562967769088}, {"text": "Criminal minds got me spooking", "user": "badaxxbee3", "id": 400420116568883200}, {"text": "Criminal Minds is the reason I was paranoid the entire time my mom was out of town lol.", "user": "darbbb_", "id": 400417747122651136}, {"text": "If you need me you can find me in my bed watching Criminal Minds for the next five hours", "user": "Amberrenaaye", "id": 400416578476331008}, {"text": "Glad they're making a new season of criminal minds I've seen all the other episodes.", "user": "irene_simona", "id": 400409404261941248}, {"text": "\u201c@rod7_s: The only reason I watch criminal minds is cus Shemar Moore is on there and I just cannot get enough of him.\u201d Yessssss \ud83d\udc4f\ud83d\udc4f\ud83d\udc4f", "user": "mariejessica19", "id": 400407045439909889}, {"text": "The only reason I watch criminal minds is cus Shemar Moore is on there and I just cannot get enough of him.", "user": "rod7_s", "id": 400406928129421313}, {"text": "Criminal Minds is kinda addicting.", "user": "__ThatOneDude", "id": 400398535025119233}, {"text": "\"@AnitaNunez14: Watching criminal minds.\"", "user": "Giselaa_1413", "id": 400393508655099904}, {"text": "Criminal Minds \ue00e\ue41f", "user": "DestinyWebb5", "id": 400393022825070592}, {"text": "Me laying down,watching Criminal Minds! http://t.co/bjkkCZEvKy", "user": "SingorDie_ALA", "id": 400390727357587457}, {"text": "I watch Criminal Minds and I know Anne Katherine does. Now my super star friend Lyric Everly is going to be in... http://t.co/oNO54aABMJ", "user": "james_frinzi", "id": 400383785985785856}, {"text": "\u201c@dat_yellaMufcka: Wen criminal minds on ion be caring wat nobody talking bout\u201d", "user": "SheCrazyy_", "id": 400382551053070336}, {"text": "Criminal Minds when doing my homework&gt;&gt;", "user": "angelaakingg", "id": 400378649473318912}, {"text": "Ronnie Banks on criminal minds Thursday \u2661", "user": "itsanelisia_", "id": 400378170743853057}, {"text": "RT @kenyeezyyy: \"@ComicalBadass: Bitch I watch CSI, NCIS, Criminal Minds, and Bones I can make your death look like and accident.\"", "user": "ChoseSoDope", "id": 400375692816183296}, {"text": "\"@ComicalBadass: Bitch I watch CSI, NCIS, Criminal Minds, and Bones I can make your death look like and accident.\"", "user": "kenyeezyyy", "id": 400373587002941440}, {"text": "babe @IamRonnieBanks on criminal minds tomorrow. super ready! \ud83d\ude0f\u2764\ufe0f", "user": "__xotinoco", "id": 400372630609358848}, {"text": "@MrS_AsHlEe but I just finished eating a hash brown and watching criminal minds", "user": "amberroberson", "id": 400367944321867776}, {"text": "@sweetandLOWW criminal minds on?", "user": "icebergshortie", "id": 400367167348031488}, {"text": "I've been watching Criminal Minds all day. Who can ever have too much Derek Morgan?", "user": "veebenitez", "id": 400367118140444672}, {"text": "Cuddling w/ my blanket watching Criminal Minds. \ud83d\ude0d http://t.co/Vu6qlXjGqC", "user": "its_annnna", "id": 400358815763144705}, {"text": "I Remember While I Was Pushing Annabelle Out I Was Watching Criminal Minds. Lmao Then I Got So Frustrated I Just Turned The Tv Off! Haha", "user": "katyvaldez11", "id": 400353417723265024}, {"text": "People we can't live without but we have to. -JJ leaving criminal minds' episode-", "user": "halimatun26282", "id": 400353270775812096}, {"text": "Bleh, ready to go home and sleep some before Criminal Minds comes on and then sleep some more. Work at 9 tomorrow. &gt;.&lt;", "user": "TheodoreJessex", "id": 400345012996562944}, {"text": "@amtrak112 @Top3Tyrant For the crimes. I chuckled. I loved Criminal Minds for Mandy Patinkin and Matthew Gray Gubler.", "user": "nwahs086", "id": 400329708593614849}, {"text": "RT @raechel_white: I would rather watch a Criminal Minds rerun than almost anything else", "user": "Olivia_Bailey4", "id": 400298213124472832}, {"text": "\u201c@morganaliseeee: CSI, Criminal Minds, &amp; NCIS are the bessst\ud83d\ude4c\u201d NCIS \ud83d\udc4c\ud83d\udc4c\ud83d\udc4c", "user": "GraysonKilla", "id": 400289483083374592}, {"text": "We found the Criminal Minds with Tim Curry. cc: @emma_jen", "user": "elephande", "id": 400285090317479936}, {"text": "RT @raechel_white: I would rather watch a Criminal Minds rerun than almost anything else", "user": "haymac13", "id": 400283059183812608}, {"text": "RT @whoahhannah: Forever watching Criminal Minds", "user": "mkelley3", "id": 400277609202069504}, {"text": "Forever watching Criminal Minds", "user": "whoahhannah", "id": 400277552549199872}, {"text": "I would rather watch a Criminal Minds rerun than almost anything else", "user": "raechel_white", "id": 400277283211980800}, {"text": "So I was suppose to have surgery Monday but I freaked out and didn't go I don't trust Dr at all after watching criminal minds and snapped", "user": "Jasmine_Mimms", "id": 400268033798586368}, {"text": "RT @MinaDarling94: Photo: wearwhatyouwatch: Inspired by Matthew Gray Gubler as Dr.Spencer Reid on Criminal Minds - Shopping... http://t.co/\u2026", "user": "WearWhatUWatch", "id": 400255560991657986}, {"text": "Criminal Minds is so intense right now that im stressing out.", "user": "HaileyMcDuffie", "id": 400171207401558016}, {"text": "Law&amp;Order:SVU RT \u201c@itsgarza: I can watch Criminal Minds all day\u201d", "user": "dopendiiamonds", "id": 400162802184118272}, {"text": "I can watch Criminal Minds all day", "user": "itsgarza", "id": 400161808398303232}, {"text": "RT @Officially_Hy: Criminal minds is my favorite show. Lol", "user": "Louchii_", "id": 400154764886822913}, {"text": "\u201c@TedOfficialPage: Bitch I watch CSI, NCIS, Criminal Minds, and Bones I can make your death look like and accident.\u201d For real #thuglife", "user": "_MarkyMark3", "id": 400153805540433920}, {"text": "RT @Officially_Hy: Criminal minds is my favorite show. Lol", "user": "JustWhatIAm__", "id": 400143629429137408}, {"text": "RT @lam0reno: I could watch criminal minds all day!", "user": "cristalsoriano2", "id": 400142004094386176}, {"text": "RT @Officially_Hy: Criminal minds is my favorite show. Lol", "user": "Alicia_Garciaa", "id": 400141852495458305}, {"text": "Criminal minds is my favorite show. Lol", "user": "Officially_Hy", "id": 400140258911588352}, {"text": "I could watch criminal minds all day!", "user": "lam0reno", "id": 400140003457507328}, {"text": "RT @_XoxoMaria: Criminal minds is my shiiit \ud83d\ude0e", "user": "jesusBANANAS", "id": 400137321476943872}, {"text": "I'm pretty sure this Criminal Minds Marathon is going to keep me awake.", "user": "veebenitez", "id": 400135561223995392}, {"text": "Criminal minds is my shiiit \ud83d\ude0e", "user": "_XoxoMaria", "id": 400134231650598912}, {"text": "Criminal Minds it is.", "user": "jfizzle126", "id": 400133407658614784}, {"text": "Fav if u like to watch CSI, NCIS, Criminal Minds, Hawaii Five-O and Bones", "user": "JakeMCEvans", "id": 400133097519210497}, {"text": "Watching one of the hardest episodes for me on criminal minds when Reid or @GUBLERNATION gets kidnapped and tortured. Trying to keep my cool", "user": "katherinegidden", "id": 400131610042834944}, {"text": "Criminal Minds makes me so happy its a problem.", "user": "HaileyMcDuffie", "id": 400130706031931392}, {"text": "Turned off Criminal Minds tonight but then decided to finally read Go Ask Alice...", "user": "schmary", "id": 400128226137108480}, {"text": "Criminal Minds really needs to stop playing at night so I can have my sleep back.\ud83d\ude29", "user": "nimocksredd23", "id": 400127459175043072}, {"text": "somehow JUST realized my DVR hasn't been recording Criminal Minds all season!!!\ud83d\ude31 brb got 6 hours of CM to catch up on", "user": "annalachner", "id": 400126625280692224}, {"text": "RT @simply_shanni: I can watch criminal minds all day long", "user": "Pretty_Twixx", "id": 400123660406915073}, {"text": "RT @country_ace103: \u201c@_JoyMilly: I could lay in bed all day &amp; watch criminal minds\u201drs", "user": "_Mrs_Wade", "id": 400121922262138880}, {"text": "New, \"Criminal Minds\" Review of Episode 9\u00d707, \u201cGatekeeper!\u201d  http://t.co/3GkEAVvLjo", "user": "SoTaylorKitsch", "id": 400119854797447168}, {"text": "Photo: wearwhatyouwatch: Inspired by Matthew Gray Gubler as Dr.Spencer Reid on Criminal Minds - Shopping... http://t.co/r2eHfeNpD0", "user": "MinaDarling94", "id": 400119779266424832}, {"text": "That's probably why I love Burn Notice and Criminal Minds", "user": "Alfred__CG", "id": 400119151668121601}, {"text": "New, \"Criminal Minds\" 9\u00d708, \u201cThe Return\u201d Promo! http://t.co/yOyMQUMTuj", "user": "SoTaylorKitsch", "id": 400117982959271936}, {"text": "New, \"Criminal Minds\" Press Release for Episode 9\u00d708, \u201cThe Return!\u201d http://t.co/AIGfi2AoE1", "user": "SoTaylorKitsch", "id": 400117312617201664}, {"text": "I'm hooked on criminal minds right now!", "user": "jack_blythe", "id": 400117023050825728}, {"text": "I can watch criminal minds all day long", "user": "simply_shanni", "id": 400115976496484352}, {"text": "Watching criminal minds I love this show", "user": "simply_shanni", "id": 400115026746675200}, {"text": "I shouldn't watch criminal minds alone at night. \ud83d\ude05 \ud83d\udc40", "user": "trishhblanchard", "id": 400114219166605312}, {"text": "I told Luis I will call him after the show but criminal minds is more addicting.", "user": "Jasmine0496", "id": 400114182592286720}, {"text": "Loveeeee when ion channel has Criminal Minds marathons!\ud83d\ude0d", "user": "its_annnna", "id": 400110756592508928}, {"text": "\u201c@_JoyMilly: I could lay in bed all day &amp; watch criminal minds\u201drs", "user": "country_ace103", "id": 400109001524137984}, {"text": "RT @courtney_herrin: Kelsey &amp; Alyssa are watching a criminal minds marathon in the living room &amp; I can't join. Wut iz lyfe.", "user": "AlyssaEthridge", "id": 400108002398576640}, {"text": "Criminal minds is on point atm", "user": "Perlitaa23", "id": 400107709728444416}, {"text": "I LOVE this episode of Criminal Minds. \ud83d\ude0d", "user": "Diamonddd21", "id": 400106972621455360}, {"text": "Kelsey &amp; Alyssa are watching a criminal minds marathon in the living room &amp; I can't join. Wut iz lyfe.", "user": "courtney_herrin", "id": 400106359061901312}, {"text": "Gotta catch up on Criminal Minds, The Walking Dead and New girl. Ahhfgsvhfsf", "user": "WhereItRains", "id": 400104820251430912}, {"text": "Finally having a night to lay back and do nothing but watch criminal minds &gt;&gt; \u2764\ufe0f", "user": "hannah_rousseau", "id": 400104786802266112}, {"text": "Nothin better than a Criminal Minds marathon all day long. \ud83d\ude0a\ud83d\udc4d", "user": "ShaylaCornelson", "id": 400100645929496576}, {"text": "\"@BH5trey: Criminal minds is a cool lil show!\" law and order special victims until is better!", "user": "_Holleii_", "id": 400098004708773888}, {"text": "I'm loving this Criminal Minds marathon", "user": "AlyssaEthridge", "id": 400097847653064705}, {"text": "Love Watching Criminal Minds \ud83d\udc4c", "user": "Naydaaa13", "id": 400095622138564608}, {"text": "Criminal minds.. Morgan has me tripping.. Good show....", "user": "braylindevacko", "id": 400092622422700032}, {"text": "This guy on Criminal Minds IS SKETCH \ud83d\ude45 #youdidit #dirtyliar", "user": "silverrreneee", "id": 400091831506984961}, {"text": "Done found criminal minds on tv", "user": "nicole_parson", "id": 400084260616298496}, {"text": "Criminal minds is the best http://t.co/Ccrp8tx0rS", "user": "Catalinaaa_H", "id": 400079678846689280}, {"text": "Watching Criminal Minds. Me: \"I really wish you hadn't seen that.\" Killer: \"I really wish you hadn't seen that.\" This show is predictable! \ud83d\ude02", "user": "becbecbec19", "id": 400070453953196034}, {"text": "RT @Keeelbii_: Criminal minds &amp; studying. wuttt wuttt. \ud83d\ude0f", "user": "ZuryKelly", "id": 400067603562917888}, {"text": "It's Monday night... You know what that means! CRIMINAL MINDS!", "user": "rebeccadeleon", "id": 400067589398749184}, {"text": "Criminal minds &amp; studying. wuttt wuttt. \ud83d\ude0f", "user": "Keeelbii_", "id": 400067362172702720}, {"text": "Dear DVR, \nWhy does my recording of Criminal Minds have twenty minutes of Glee at the beginning of it?\nConfusingly yours,\nD.", "user": "dawnpuppet", "id": 400066883962957825}, {"text": "THE RUSSIAN KID FROM STAR TREK IS IN THIS EP OF CRIMINAL MINDS IM SCREAMING HES SO CUTE", "user": "sarahstieI", "id": 400065961656451072}, {"text": "Criminal minds or the celtics game..\ud83d\ude29", "user": "ITSJAYETOYOU", "id": 400061203206000640}, {"text": "I'm that girl that when is home alone, I turn off all the lights, light a few candles, eats a salad, and watches Criminal Minds\ud83d\ude0a #NotWeird", "user": "CTurrubiartes", "id": 400051881772199937}, {"text": "Criminal Minds #tvcrimedrama #PeoplesChoice http://t.co/IWUulY0H8d", "user": "ReedusQueen", "id": 400046054386577409}, {"text": "RT @Calschbosky: Criminal minds is something I can watch all day", "user": "lakirry_", "id": 400044148259958784}, {"text": "Criminal minds is something I can watch all day", "user": "Calschbosky", "id": 400042143232036864}, {"text": "Trying to finish the last 30 min of criminal minds in 10", "user": "its_Monika_", "id": 400041161781288960}, {"text": "if you're a black girl who watches criminal minds or law an order i know im fucking in a week or less", "user": "TyCorbinDies", "id": 400040740199616513}, {"text": "Being sick helps me catch up on sleep and Criminal Minds \ud83d\udc4c\ud83d\ude37", "user": "TheUnspokenBond", "id": 400040616978944000}, {"text": "Criminal Minds is the best", "user": "MissMontanaD", "id": 400035431569301505}, {"text": "@sabinem69808967 will you make me a beautiful picture of Josh Stewart aka Will from Criminal Minds?", "user": "SheWearsBowTies", "id": 400023514901540864}, {"text": "just followed some WWE and Criminal Minds fans, now waiting for followbacks", "user": "SheWearsBowTies", "id": 400022816621199361}, {"text": "Who is the sick fuck that writes for Criminal Minds and why does he do this to me. #criminalminds", "user": "Navaroo52", "id": 400019430643466240}, {"text": "\"@ComicalBadass: Bitch I watch CSI, NCIS, Criminal Minds, and Bones I can make your death look like and accident.\"", "user": "kayla_rayos", "id": 400014041533644800}, {"text": "My obsession with Criminal Minds can not be normal..", "user": "marcelaaz22", "id": 400008695893221376}, {"text": "RT @maddieboss_: So jealous that @Cali_Kelsey gets to go on the Criminal Minds set \ud83d\ude31", "user": "Cali_Kelsey", "id": 400003549951979521}, {"text": "So jealous that @Cali_Kelsey gets to go on the Criminal Minds set \ud83d\ude31", "user": "maddieboss_", "id": 400003348050755584}, {"text": "Just let me skip work so I can continue to watch criminal minds", "user": "GlavasKarissa", "id": 399998443424612352}, {"text": "Watching criminal minds. That one episode I've seen like 100 times.", "user": "sn0wwhite____", "id": 399992125473185794}, {"text": "Criminal minds is my shit. I can't wait to see @IamRonnieBanks on Wednesday!", "user": "EmilySuzanne66", "id": 399990864472461313}, {"text": "So I'm watching criminal minds &amp; all I can't think about is \"what if the boys were on this show &amp; had to solve a murder?\" \ud83d\ude02", "user": "Nialler_Styler", "id": 399985399348862977}, {"text": "@CrimMinds_CBS My mom turns 62 on Nov. 27. Criminal Minds is her favorite show. I would love 4 her 2 visit the set 4 her b-day. #LetsDoThis", "user": "AriesGotOnline", "id": 399984215497777153}, {"text": "RT @drake_cole55: Every agent on criminal minds is a badass", "user": "alblairr", "id": 399980445129256960}, {"text": "My TV loves me back when I watch \"Criminal Minds\" with #ViggleTV\n\n #CriminalMinds #viggle", "user": "BossLady19", "id": 399977721260171266}, {"text": "Every agent on criminal minds is a badass", "user": "drake_cole55", "id": 399975246671147008}, {"text": "This guy on criminal minds&gt; \ud83d\ude0d", "user": "AlyGarza9", "id": 399972908900319232}, {"text": "Watching criminal minds", "user": "SelfMade_Qirl", "id": 399971415015051264}, {"text": "Yes there showing criminal minds \ud83d\udc4d\ud83d\ude4f", "user": "Johnnyboy_002", "id": 399965423959310336}, {"text": "\u2764\u2764\u2764\u2764\u2764\u2764\u2764\u2764lllluuuuuvvvv  \"Criminal Minds\"!!!!!\u2764\u2764\u2764\u2764\u2764", "user": "sunny1fd", "id": 399960253749792768}, {"text": "Ack the official criminal minds Twitter just used \"Can't hardly wait\"! Such a pet peeve of mine. It's like a double negative! &gt;.&lt;", "user": "MilesMadisonw", "id": 399957631193735168}, {"text": "The best part about criminal minds is the quotes at the beginning and end!", "user": "KelliLaRae", "id": 399952081689137152}, {"text": "\u201c@tiahayles: @kelsisheffield yes.\u201d Well I'm trying to watch Criminal Minds and you two are disturbing my peace", "user": "kelsisheffield", "id": 399951282523238400}, {"text": "Since I am at home sick, I will Re-watch criminal minds.", "user": "Alfred__CG", "id": 399935562154377216}, {"text": "Am supposed to study;instead browsing internet and watching criminal minds. Good job (patting my own shoulder)\n#studentproblems", "user": "halimatun26282", "id": 399927001076600832}, {"text": "Pretty sure @candacelynnnn &amp; I could make an episode of Criminal Minds or something with how long we've been talking about the \"problem\"", "user": "desideana", "id": 399852176727486464}, {"text": "I wanna play a dead body on criminal minds #dreambig #illbethebestdeadbodyEVER", "user": "saveearth1211", "id": 399795976329641985}, {"text": "RT @Johnnyboy_002: \u201c@lovelynn524: Law &amp; Order is one of my fav. showsss\u201d *criminal minds", "user": "lovelynn524", "id": 399786279153332224}, {"text": "\u201c@lovelynn524: Law &amp; Order is one of my fav. showsss\u201d *criminal minds", "user": "Johnnyboy_002", "id": 399785907764490240}, {"text": "I used to love watching criminal minds", "user": "originallymark", "id": 399783870347755520}, {"text": "watching Criminal Minds with my mom that we recorded last week:) &lt;3 hanging out with my mom, just me and her", "user": "Ksillysnake", "id": 399780428195692544}, {"text": "Criminal minds is on!!!", "user": "DgAfDavis", "id": 399763878243872770}, {"text": "@Susan_Danielle Whitney from Smallville plays Hotchner's brother on Criminal Minds!!", "user": "J_LYK", "id": 399757948886339584}, {"text": "Wait no omfg I'm laughing at this Criminal Minds episode", "user": "hagyeons", "id": 399722249248206848}, {"text": "Wished my homework was as easy as watching Law and Order or Criminal Minds #CJMajorProbs", "user": "tiffann_xoxo", "id": 399696785540526080}, {"text": "RT @emilytomchesson: Watching criminal minds while home alone is not a good idea\ud83d\ude48", "user": "BKasparian", "id": 399692607317504000}, {"text": "Watching criminal minds while home alone is not a good idea\ud83d\ude48", "user": "emilytomchesson", "id": 399684402315153408}, {"text": "@AudjMess i like NCIS and Criminal minds too.", "user": "Sammy_Chavez", "id": 399668954810949632}, {"text": "Come over and watch criminal minds w me so I know it's real", "user": "chellllly26", "id": 399665597560016896}, {"text": "@Cessa1dee or criminal minds! They have a bit of everything! :)", "user": "Nialler_Styler", "id": 399663982304587776}, {"text": "lmaooo how the fuck will acting as a dead body on criminal minds or csi help your acting career ?", "user": "tobiAJG", "id": 399653333990141952}, {"text": "@tayl0rdunlap not productive laying in bed watching criminal minds and what not", "user": "Brentborden7", "id": 399624257010806785}, {"text": "RT @rb34ci: Criminal Minds #tvcrimedrama #PeoplesChoice http://t.co/AEt1l34FKd", "user": "mcflymybreath", "id": 399623792668184576}, {"text": "RT @Mardy18: Spencer Reid(MatthewGrayGubler)youngest agent in FBI Behavior Analysis Unit in Criminal Minds.@jamesxreid  http://t.co/DnL3qc2S", "user": "LovezDemiLovato", "id": 399589834656067584}, {"text": "I'm planning on watching criminal minds and eating candy all morning", "user": "cressa_j", "id": 399551429653692416}, {"text": "RT @rb34ci: Criminal Minds #tvcrimedrama #PeoplesChoice http://t.co/AEt1l34FKd", "user": "percysucks", "id": 399533802877616128}, {"text": "RT @rb34ci: Criminal Minds #tvcrimedrama #PeoplesChoice http://t.co/AEt1l34FKd", "user": "swpwallie", "id": 399530798153744385}, {"text": "Criminal Minds #tvcrimedrama #PeoplesChoice http://t.co/AEt1l34FKd", "user": "rb34ci", "id": 399433004705001473}, {"text": "In case you might have an interest, @rickdunkle: http://t.co/IRcJ7TDMke @GUBLERNATION #CriminalMinds", "user": "Willowy04", "id": 399418160505319424}, {"text": "criminal minds is so eerie sometimes but I still watch it", "user": "briannanatasha_", "id": 399372204099375105}, {"text": "I just voted for Criminal Minds #tvcrimedrama #PeoplesChoice. Retweet to vote http://t.co/nXjXnKRaFU via @peopleschoice", "user": "shaylabrown_09", "id": 399322299762888704}, {"text": "tbh all I did today is watch criminal minds and the hills all day, and eat. \ud83c\udf74", "user": "SMillergenuine", "id": 399314153011032064}, {"text": "I just voted for Criminal Minds #tvcrimedrama #PeoplesChoice. Retweet to vote http://t.co/CM0gLMhkLb via @peopleschoice", "user": "NaudiaCarreon", "id": 399257884338311168}, {"text": "I'm watching criminal minds and it had a sad ending and this was my grandpas face. http://t.co/JOIAmywJXM", "user": "tori_wood_", "id": 399251766123835392}, {"text": "Wow this episode of criminal minds had me all emotional", "user": "rubiidoll_Xo", "id": 399249470136651776}, {"text": "Yup I'm just gonna sit in bed and watch criminal minds..", "user": "youknowwhy23", "id": 399207063366029312}, {"text": "right im gonna watch new girl and then criminal minds and then ouat i think", "user": "hellotricksterr", "id": 399202451229663232}, {"text": "Criminal Minds, I'm so obsessed. But as if I need more reasons to be paranoid", "user": "CloRalleuc", "id": 399164298691235840}, {"text": "At least Criminal Minds is on", "user": "leftylety", "id": 399156626579402752}, {"text": "I just want to lay in bed eat Yogurtland and watch criminal minds all day", "user": "XoxoJasmine_", "id": 399085102937812992}, {"text": "@KarmaaLove lol that's how I was with criminal minds", "user": "TheOneZaire", "id": 399077115846340608}, {"text": "I swear I've watched every episode of criminal minds today lol", "user": "_lindsee_lou", "id": 399053955558162432}, {"text": "@Louis_Tomlinson @SHO_Homeland YAY IS SOMETHING LIKE CRIMINAL MINDS RIGHT OR LIKE PHINEAS AND PHERB RIGHT!!???", "user": "Valeriafiorel", "id": 399051184360931328}, {"text": "Ima stay my little ass at home watching criminal minds tf is this shit", "user": "pink_nesha", "id": 398975816400257025}, {"text": "when a criminal minds all night marathone is on \nme\nsleep is for the weak http://t.co/BxV5Pi2Gif", "user": "gloriasmilyface", "id": 398958380552691712}, {"text": "RT @H_lynn_smith: Just cried over criminal minds...", "user": "baileeysmith", "id": 398936881922342912}, {"text": "Just cried over criminal minds...", "user": "H_lynn_smith", "id": 398932039657062400}, {"text": "\"Babe, I don't like push-ups\" -me\n\"Ok, I don't like criminal minds or Taylor Swift\" -@jaredex09 our typical workout conversations.", "user": "Kaitlyn_Atkins", "id": 398900736605421568}, {"text": "Criminal Minds and SVU get my blood going.", "user": "GodDesignedMe", "id": 398894158120620032}, {"text": "New Criminal minds episode then nap...this is good!", "user": "BayouPrincessss", "id": 398882007926599680}, {"text": "Watch criminal minds with me and play with my hair. #soiknowitsreal", "user": "Mahomie_G", "id": 398871976015437824}, {"text": "RT @Willowy04: Check it out! A review of #CriminalMinds episode 9x07, \"Gatekeeper\": http://t.co/IRcJ7TDMke @rickdunkle @GUBLERNATION", "user": "WheresReenie", "id": 398868703569141760}, {"text": "Check it out! A review of #CriminalMinds episode 9x07, \"Gatekeeper\": http://t.co/IRcJ7TDMke @rickdunkle @GUBLERNATION", "user": "Willowy04", "id": 398851556973363200}, {"text": "Criminal Minds in Psychology \ud83d\ude0d", "user": "jasmineele", "id": 398840584237895680}, {"text": "@therealLAbetch did you watch criminal minds last night? @GUBLERNATION singing karaoke is the most \"adorkable\" thing I have ever seen.", "user": "spacebuckle", "id": 398691910799196160}, {"text": "I want to watch Criminal Minds, but: a) it creeps me out at night &amp; b) need to learn everything that can go wrong w/ a kidney. \ud83d\ude15 #decisions", "user": "HealthScoutBlog", "id": 398669015972724737}, {"text": "Finally watching Criminal Minds", "user": "KeannaKatrice", "id": 398665713423892481}, {"text": "I should be studying for my history quiz tomorrow or putting my laundry away or taking a shower but instead I'm watching criminal minds \ud83d\ude0f", "user": "jamiewarrenn", "id": 398661459162324992}, {"text": "@IamRonnieBanks which night does your Criminal Minds episode air?", "user": "abcdejiah", "id": 398656761160146944}, {"text": "Criminal minds now.", "user": "xo_babyc", "id": 398652427630424066}, {"text": "@Self_Made_Mandy girl NCIS, CSI: Miami, New York, Los angels criminal minds the voice american idol lol so many that we forgot about G.A.", "user": "iTsmeWhiTW", "id": 398650019810906113}, {"text": "RT @France023: Criminal Minds is just perfect.", "user": "LindsiLynnn", "id": 398647697436966912}, {"text": "RT @France023: Criminal Minds is just perfect.", "user": "LioraHammer", "id": 398647550653505536}, {"text": "Without A Trace and Criminal Minds are my faves. \ud83d\udc9e", "user": "TattedMommyLife", "id": 398647098842677248}, {"text": "RT @kg_willi: I could watch criminal minds for forever", "user": "gosheric", "id": 398646443407200256}, {"text": "I could watch criminal minds for forever", "user": "kg_willi", "id": 398646273131425792}, {"text": "RT @alexism4rie: I can watch law and order, criminal minds, and csi all day long. \ud83d\ude0d", "user": "OsirysR", "id": 398645922344624129}, {"text": "Criminal minds is crazy shit", "user": "Karmeletta", "id": 398645494194262016}, {"text": "RT @alexism4rie: I can watch law and order, criminal minds, and csi all day long. \ud83d\ude0d", "user": "famehaze_", "id": 398645056212434944}, {"text": "Criminal Minds is just perfect.", "user": "France023", "id": 398644946929860608}, {"text": "RT @alexism4rie: I can watch law and order, criminal minds, and csi all day long. \ud83d\ude0d", "user": "killstephanie_", "id": 398644558084313088}, {"text": "RT @alexism4rie: I can watch law and order, criminal minds, and csi all day long. \ud83d\ude0d", "user": "SkyeStayHIGH", "id": 398643338355552256}, {"text": "RT @alexism4rie: I can watch law and order, criminal minds, and csi all day long. \ud83d\ude0d", "user": "xoxo_whitney4", "id": 398643063754481665}, {"text": "RT @alexism4rie: I can watch law and order, criminal minds, and csi all day long. \ud83d\ude0d", "user": "lucydiaz790", "id": 398642550451355648}, {"text": "I can watch law and order, criminal minds, and csi all day long. \ud83d\ude0d", "user": "alexism4rie", "id": 398642419521945604}, {"text": "Criminal minds be having me spooked \u263a\ufe0f", "user": "badaxxbee3", "id": 398642077296115712}, {"text": "Criminal Minds &amp; pizza #Yes", "user": "RaptureRenegade", "id": 398641745325350913}, {"text": "@RtPunkyGirl I don't watch much regular TV, just late night syndicated reruns of Law &amp; Order, Criminal Minds and NCIS", "user": "panameragirl", "id": 398639902767607808}, {"text": "Watching criminal minds", "user": "nae_LOYxoxo", "id": 398630862536712192}, {"text": "#nw criminal minds", "user": "LiZzY_LiZ09", "id": 398629155257856000}, {"text": "At wk all in Criminal Minds &amp; dis german chocolate cake", "user": "MEEKYMIK", "id": 398623506214055936}, {"text": "Is criminal minds on yet? Oh no I forgot everybody waiting for scandal to come on.......\ud83d\ude12", "user": "Da1AndOnlyShie", "id": 398622476244381696}, {"text": "Criminal Minds until I fall asleep", "user": "badaxxbee3", "id": 398607623630499840}, {"text": "I haven't watched Criminal Minds in forever", "user": "ValerieNatashaa", "id": 398593345355669504}, {"text": "Criminal minds.  :) always makes my day better watching my shows", "user": "MommaAngela", "id": 398591927613788160}, {"text": "That depression moment when you've watched all of the criminal minds on your dvr \ud83d\ude29\ud83d\ude2b", "user": "TaylorNichols11", "id": 398591134848393219}, {"text": "Criminal Minds + Ronnie Banks\ud83d\ude0d ohhh myyyyy!", "user": "JulianBlanchar1", "id": 398582173101350912}, {"text": "@Mikeaveli one of my fav. Shows that n csi n criminal minds", "user": "UniqkSoUnique", "id": 398575440945635328}, {"text": "@LoveAyshaaa21 @StillGangstaTho @jodymichellee yeah I gotta finish watch last nights episode of criminal minds anyways", "user": "phillysteak84", "id": 398565324875763712}, {"text": "Criminal Minds all day\ud83d\udc4c", "user": "UrestiNick", "id": 398550712960823297}, {"text": "Criminal minds then study time!", "user": "ashleysaywhaa", "id": 398542819955994624}, {"text": "@MarisaaLynnn yes mam! SVU &amp; criminal minds\ud83d\ude01", "user": "Bgarza03", "id": 398532572965122048}, {"text": "Criminal Minds be fuckin my head up about people smh", "user": "GEEZY832", "id": 398526714114211841}, {"text": "I have a confession to make.... My name is LaShawna and I'm addicted to Criminal Minds", "user": "2loveNd2bloved", "id": 398515902926159872}, {"text": "RT @TeamKyn: Criminal Minds until i doze off !", "user": "AyeYo_KaeMarie", "id": 398512887242559488}, {"text": "Criminal Minds until i doze off !", "user": "TeamKyn", "id": 398512730480472064}, {"text": "Wait I'm weak I love criminal minds", "user": "ITSyNzNC", "id": 398511764368662528}, {"text": "criminal minds on \ue056", "user": "daeladae_", "id": 398511603471380480}, {"text": "When reed goes all smart and geeky on criminal minds \ud83d\ude0d\ud83d\ude18 #sexy #mynerdtype #whiteboys", "user": "MissC_Evans", "id": 398510563312951297}, {"text": "Criminal minds how I love thee \ud83d\ude0d\ud83d\ude0d\ud83d\ude0d\ud83d\ude18\ud83d\ude18\ud83d\ude18 #happy", "user": "MissC_Evans", "id": 398510375831748608}, {"text": "I think I could almost waste a third of my life watching criminal minds and be content.", "user": "DJ_notaDJ", "id": 398356693358096384}, {"text": "Criminal Minds has some nasty shit happening in this ep. #criminalmindsrewatch", "user": "lets_just_be", "id": 398340104030539776}, {"text": "I'm #Viggling \"Criminal Minds\". TV loves you back with #ViggleTV!\n\n #CriminalMinds #viggle", "user": "delarosapaula", "id": 398319773026484224}, {"text": "I watch AHS and criminal minds before I go to bed knowing I have to sleep by myself....IM AN IDIOT", "user": "supitslinds", "id": 398304530812928000}, {"text": "Finally about to watch criminal minds. What would I do without my DVR.", "user": "u_NIQUE_luv", "id": 398294825478672385}, {"text": "RT @aycheyenne: Criminal Minds and PLL are probably the only two tv shows that will keep me glued to the tv.", "user": "brendaornelas3", "id": 398285118168502272}, {"text": "@_vanessssssa I'm watching criminal minds lol", "user": "MirandaHuerta_7", "id": 398285101236510720}, {"text": "Criminal minds is my shit :) ! #tunedin", "user": "LiddoMsMoe5", "id": 398284608933867520}, {"text": "@GUBLERNATION greattt job tonight on the new criminal minds ILYSM", "user": "joann_francis", "id": 398284284542205952}, {"text": "@haileekayyy I was watching criminal minds too!!!!!!!!!!!", "user": "makaylaaadobney", "id": 398283989582360577}, {"text": "Thanks to my boo @GEEZY832 for getting into Criminal Minds with me!", "user": "j_radiant", "id": 398282990221930496}, {"text": "This Nigga on criminal minds crazy af.", "user": "___Trigga", "id": 398281422370111488}, {"text": "Criminal Minds and PLL are probably the only two tv shows that will keep me glued to the tv.", "user": "aycheyenne", "id": 398281253834616832}, {"text": "I love crimes shows Law and Order : SVU , Criminal Minds , CSI , Bones \ud83d\ude29", "user": "CallMe_Delete", "id": 398279621130874880}, {"text": "Watching Criminal Minds with my unc.....", "user": "___Trigga", "id": 398278404463947777}, {"text": "You know its sad when you run back and forth to see both the CMA's and Criminal Minds lol!", "user": "MomToBoo", "id": 398278129908609024}, {"text": "Tara Buck, Ginger, is on tonight's episode of Criminal Minds! --- Mrs. Claudine", "user": "trubloodlovers", "id": 398277998844968961}, {"text": "\ud83d\ude02 RT \u201c@YungminnieYM: She ain't gon be on the next criminal minds\u201d", "user": "Ci_so_lowkey", "id": 398277494140600320}, {"text": "She ain't gon be on the next criminal minds", "user": "YungminnieYM", "id": 398277029444870144}, {"text": "Thanks to shows like criminal minds I've obtained the fear of being stalked \ud83d\ude23", "user": "haleigh_raye", "id": 398276976374321152}, {"text": "Criminal minds all night long !", "user": "kristennchilds", "id": 398276543534735361}, {"text": "This my first time watching Criminal Minds.", "user": "_StuntmanJet_", "id": 398276525382189056}, {"text": "I hate that the new episodes of SVU and Criminal Minds air at the same time.", "user": "NayBabess", "id": 398275692150145024}, {"text": "RT @J_CoolDude: I was just watching that lol \u201c@kerraye: criminal minds\ud83d\ude4c\u201d", "user": "kerraye", "id": 398275183934332928}, {"text": "I was just watching that lol \u201c@kerraye: criminal minds\ud83d\ude4c\u201d", "user": "J_CoolDude", "id": 398275057522208768}, {"text": "It's like a tradition to get Taco Bell after church on Wednesday &amp; watch criminal minds for my family.", "user": "haleigh_raye", "id": 398274474920779776}, {"text": "Nothing scares me more than a episode of criminal minds... Need my sweet aunt Kelli to watch this with me", "user": "Chrisac19", "id": 398272688180842496}, {"text": "Shemar Moore time! \n\nI mean...Criminal Minds time ;) @KatiHaller", "user": "kara_blain94", "id": 398270844947795968}, {"text": "Too lazy to turn the tv on. Thank goodness my DVR records criminal minds! Happy Wednesday", "user": "Tayemajors", "id": 398270592622669824}, {"text": "A new episode of Criminal Minds is on. #YeeeeeaaaaaahBuddy", "user": "EricMorgan210", "id": 398270000315641856}, {"text": "\"@__ginn: Criminal Minds.\" Heyyyy Boo.", "user": "denalerie__", "id": 398269871156260865}, {"text": "Ugh criminal minds\ud83d\ude0d\ud83d\ude0d", "user": "alysondavis14", "id": 398269863803629568}, {"text": "#ViggleTV makes watching \"Criminal Minds\" even more entertaining!\n\n #CriminalMinds #viggle", "user": "Lazyjbbq", "id": 398269563516637184}, {"text": "I'm watching Criminal Minds (403 others are watching) http://t.co/HiRGDHn2hT #GetGlue @CrimMinds_CBS", "user": "stone209", "id": 398268852930629632}, {"text": "CRIMINAL MINDS STARTS NOW !!! #CriminalMinds", "user": "RaptureRenegade", "id": 398268652224385024}, {"text": "Or buy me a Season of Criminal Minds then ill know its real", "user": "RaptureRenegade", "id": 398267790802444288}, {"text": "Wonder if the Pelicans gonna hold this lead so I can watch Criminal Minds", "user": "Ci_so_lowkey", "id": 398267092472193024}, {"text": "Let's play the game of can I finish cooking dinner and eating all in 20 minutes before criminal minds #letsdothis", "user": "joann_francis", "id": 398263399793958912}, {"text": "i would be watching criminal minds but im stuck working...", "user": "anna_vampire17", "id": 398262954027524097}, {"text": "RT @Esmee_Baza: Criminal Minds never gets old", "user": "Fatima_rdzz", "id": 398261002011021312}, {"text": "@KaitlinSwift21 screw the essay and criminal minds. Eat tamales while listening to Nothing Was The Same.", "user": "OVOEric", "id": 398259468296671232}, {"text": "Criminal minds tonight baby.", "user": "i_Shawty", "id": 398258095471599616}, {"text": "To watch the #CMAawards or watch Criminal Minds and CSI?... \ud83d\ude2c\ud83d\ude2e", "user": "jessie_hope27", "id": 398253205093486592}, {"text": "RT @ajcookofficial: Criminal Minds #tvcrimedrama #PeoplesChoice http://t.co/wmsKs0hi5X .....AWESOME", "user": "tasha76mtz", "id": 398248198696751104}, {"text": "@pavidaustin cuz we're recording Criminal Minds and X Factor at the same time and we can't not record that", "user": "ClintJoseph95", "id": 398244383293997056}, {"text": "Im like obsessed with like csi, ncis, criminal minds, law &amp; order:svu like alll of them", "user": "becccamichele", "id": 398239105533751296}, {"text": "I'm about to start taking off on Wednesdays! Nothing is more important than Criminal Minds and American Horror Story, nothing! #fallTV", "user": "justmaya_08", "id": 398236582383067136}, {"text": "Please retweet and get Criminal Minds to win! \"@ajcookofficial: Criminal Minds #tvcrimedrama #PeoplesChoice http://t.co/zLG8GvdyI5\u201d", "user": "APD3109SgtWife", "id": 398235496985292800}, {"text": "criminal minds and ahs tonight #happywednesdays !!!", "user": "joann_francis", "id": 398233985283010560}, {"text": "Oh, I meant to talk bout this yesterday, had a criminal minds dream. (:", "user": "JudithDanaq", "id": 398230823435894784}, {"text": "I guess I'm watching Criminal Minds alone tonight.", "user": "DreamMakeCreate", "id": 398228730222346241}, {"text": "Bleh, ready to go home and sleep some before Criminal Minds comes on and then sleep some more. Work at 9 tomorrow. &gt;.&lt;", "user": "TerryLandonj", "id": 398226197345075200}, {"text": "Oh, I meant to talk bout this yesterday, had a criminal minds dream. (:", "user": "EricDariuse", "id": 398220874483916800}, {"text": "I just voted for Criminal Minds #tvcrimedrama #PeoplesChoice. Retweet to vote http://t.co/hprect1JwA via @peopleschoice", "user": "BellaLyra", "id": 398206155119284227}, {"text": "Looking forward to all the GIFs on tumblr of tonight's Criminal Minds.", "user": "RodneyDylano", "id": 398200746698477569}, {"text": "Shemare Moore talking about #Criminal Minds on ET. &lt;3 Love that man!", "user": "TracyJaniyad", "id": 398199066015719424}, {"text": "#CriminalMinds fans! @GUBLERNATION directs tonight's episode! Here, he talks about it, too: http://t.co/G4dkOp7EPV", "user": "Willowy04", "id": 398198212747464705}, {"text": "Shemare Moore talking about #Criminal Minds on ET. &lt;3 Love that man!", "user": "JasmineCoras", "id": 398195728071135232}, {"text": "Yay! Criminal Minds and CSI are on the same night now! (:", "user": "JenniferSerenae", "id": 398193969210744833}, {"text": "Saving all the Criminal Minds &amp; CSI episodes to watch with @KamScroggs  this weekend! #coldweather #gumbo #isthereenoughtime", "user": "gwenda0713", "id": 398190001722114049}, {"text": "Ack the official criminal minds Twitter just used \"Can't hardly wait\"! Such a pet peeve of mine. It's like a double negative! &gt;.&lt;", "user": "JerryAndonk", "id": 398181316274823169}, {"text": "Yay! Criminal Minds and CSI are on the same night now! (:", "user": "HannahMckennah", "id": 398180717454061569}, {"text": "Bleh, ready to go home and sleep some before Criminal Minds comes on and then sleep some more. Work at 9 tomorrow. &gt;.&lt;", "user": "JustinRaymondb", "id": 398178870827823105}, {"text": "Looking forward to all the GIFs on tumblr of tonight's Criminal Minds.", "user": "AllenTimothya", "id": 398177926840987648}, {"text": "Looking forward to all the GIFs on tumblr of tonight's Criminal Minds.", "user": "BrandonBrunof", "id": 398177386958561280}, {"text": "Ack the official criminal minds Twitter just used \"Can't hardly wait\"! Such a pet peeve of mine. It's like a double negative! &gt;.&lt;", "user": "SimeonVictorv", "id": 398176274843066369}, {"text": "I don't watch criminal minds. Never seen a single episode. But sure will be tuning in on Nov.13th to watch @IamRonnieBanks Diddo.", "user": "xMochaDrizzlex", "id": 398176174926757888}, {"text": "Why does Grimm have to come on the same time as Criminal Minds? T_T", "user": "CoraPreciousp", "id": 398174677698228225}, {"text": "Why does Grimm have to come on the same time as Criminal Minds? T_T", "user": "EmilySkyem", "id": 398172551643271168}, {"text": "Ahh.. Yes! I finally get to watch criminal minds!", "user": "AlmadaAlexandra", "id": 398172253407309824}, {"text": "Criminal Minds marathon this afternoon? I think yes.", "user": "Raven2Sassy", "id": 398168486100230144}, {"text": "Yay! Criminal Minds and CSI are on the same night now! (:", "user": "JustineJaydenf", "id": 398166235172442112}, {"text": "Scored seasons 3 , 4 of The Big Bang theory for $15 each and Criminal Minds season 2 for $20, so I'm quite happy. (:", "user": "BreannaJourneyz", "id": 398163480366157824}, {"text": "Looking forward to all the GIFs on tumblr of tonight's Criminal Minds.", "user": "SimeonPhillipr", "id": 398161190360059904}, {"text": "Today's mini-adventure... It really is like Criminal Minds tho.... No one looked like Shemar Moore\u2026 http://t.co/Q7mnEFpIYB", "user": "Cierra_JD", "id": 398157745180147712}, {"text": "Watching criminal minds with my baby.", "user": "kimmkimmXO", "id": 398156079411892224}, {"text": "RT @samRileee03: @dudeitsvictoria  try criminal minds \ud83d\ude0c", "user": "dudeitsvictoria", "id": 398144248442150912}, {"text": "@dudeitsvictoria  try criminal minds \ud83d\ude0c", "user": "samRileee03", "id": 398143254446616576}, {"text": "When  i read the word Gracias i see Garcias and then think of Penelope then of Criminal Minds.", "user": "SheWearsBowTies", "id": 398140358355210240}, {"text": "I just remembered Criminal Minds and Arrow is on tonight! Yay!", "user": "dylanohhbrien", "id": 398139907798880256}, {"text": "Tonight is Criminal Minds!!!", "user": "SheWearsBowTies", "id": 398136973321179136}, {"text": "Hey guys! ITS CRIMINAL MINDS WEDNESDAY!", "user": "jessiiicaaax3", "id": 398125418370592768}, {"text": "Two things I'm watching today..Lion King and Criminal Minds", "user": "Longhair_TA", "id": 398124681120583681}, {"text": "RT @Lyssa_Darling: Can I just stay in bed and watch criminal minds all day?", "user": "ThatsSoDaniela_", "id": 398109473086005248}, {"text": "RT @Lyssa_Darling: Can I just stay in bed and watch criminal minds all day?", "user": "shania_smiles", "id": 398107989900414976}, {"text": "Oh, I meant to talk bout this yesterday, had a criminal minds dream. (:", "user": "DelilahLeaha", "id": 398107770576048128}, {"text": "Can I just stay in bed and watch criminal minds all day?", "user": "Lyssa_Darling", "id": 398107116096876544}, {"text": "RT @jduenes2333: Criminal minds is so badass. watch it!", "user": "Roxacious", "id": 398103871488135169}, {"text": "Criminal minds is so badass. watch it!", "user": "jduenes2333", "id": 398101349402832897}, {"text": "The love I have for Criminal Minds &gt;", "user": "Diamonddd21", "id": 398090978013093888}, {"text": "Scored seasons 3 , 4 of The Big Bang theory for $15 each and Criminal Minds season 2 for $20, so I'm quite happy. (:", "user": "JaneShayleey", "id": 398084248621428736}]