[{"text": "\"@NBCDracula: \u201cThere will be a plague upon this city.\u201d #Dracula\"", "user": "evillyn29", "id": 400793904535986176}, {"text": "New, Behind the Scenes: NBC's \"Dracula\" Unearthed Part 3! (video) http://t.co/fIKyuwQCK1", "user": "SoTaylorKitsch", "id": 400786461165121536}, {"text": "New, \"Dracula\" 1\u00d704 'From Darkness to Light' Promo! http://t.co/gFtyj1W6HD", "user": "SoTaylorKitsch", "id": 400785582718480384}, {"text": "Jonathan Rhys Meyers' 'Dracula' Salary Delayed by NBC Amid Addiction Concerns http://t.co/SRgeI3TxyM via @YahooTV", "user": "Amandapandaduh", "id": 400774714303340544}, {"text": "RT @JadedKitty: @tana1147 @NBCDracula and Dracula said it once too.. \"I am not going to lose her again.\"", "user": "tana1147", "id": 400759008312950784}, {"text": "Jonathan Rhys Meyers Wasn't Given All Of His Blood Money From Dracula Because Of Addiction Concerns! http://t.co/QUdIbRuZKT", "user": "JennyBruck", "id": 400754646240600064}, {"text": "@tana1147 @NBCDracula and Dracula said it once too.. \"I am not going to lose her again.\"", "user": "JadedKitty", "id": 400754306477203456}, {"text": "Andrew Lee Potts in Dracula!? This show has the best cast!!!", "user": "RealNichelleToo", "id": 400743090102603776}, {"text": "Some homies and me. #Dracula #Frankenstein #Quasimoto http://t.co/bJTZ7Lcgul", "user": "UrieAguilera", "id": 400731569826304001}, {"text": "Mmm Dracula makes me want my very own Vampire \ud83d\ude4c\ud83d\ude0d\ud83d\ude0d", "user": "Wolverine_Queen", "id": 400730202520973312}, {"text": "Pointing out all the homoerotic subtext in Dracula to mum and having her laugh at me only for it to end in a massive make out session", "user": "Emmapaige13", "id": 400698106570084352}, {"text": "@normmacdonald Thanks for the wine at Dracula's (Austin) that time. You bought me a glass and I never had a chance to thank you.", "user": "ErinPassons", "id": 400618380094226432}, {"text": "Not really sure if Dracula is that good of a show but I mean.... I'll watch all of it. http://t.co/4O4vYy3Sn5", "user": "melonyfresh", "id": 400470053776142336}, {"text": "@ATrimblePhoto Haw you done Vlad Dracula's Castle? That would be awesome!", "user": "VampireLove143", "id": 400467646472142849}, {"text": "1992: Dracula used to drink virgins girls blood.\n\n2013: He died of thirst.", "user": "iWearHanes", "id": 400465656589459456}, {"text": "RT @Way_of_The_Gun: @urstillmybff Instagram of #LadyJane @VictoriaSmurfit http://t.co/KvOkQx9fja on #Dracula set", "user": "urstillmybff", "id": 400461186321223680}, {"text": "RT @Way_of_The_Gun: @urstillmybff Instagram of #LadyJane @VictoriaSmurfit http://t.co/KvOkQx9fja on #Dracula set", "user": "lovemojo1991", "id": 400459230517661696}, {"text": "@VictoriaSmurfit @urstillmybff No I'm just an interloping American that poaches stuff for #Dracula off Instagram.Good stuff found\nsometimes!", "user": "Way_of_The_Gun", "id": 400457466980229121}, {"text": "RT @Way_of_The_Gun: @urstillmybff Instagram of #LadyJane @VictoriaSmurfit http://t.co/KvOkQx9fja on #Dracula set", "user": "DraculaNBCTV", "id": 400454002632306689}, {"text": "RT @Way_of_The_Gun: @urstillmybff Instagram of #LadyJane @VictoriaSmurfit http://t.co/KvOkQx9fja on #Dracula set", "user": "VictoriaSmurfit", "id": 400453909065375744}, {"text": "@urstillmybff Instagram of #LadyJane @VictoriaSmurfit http://t.co/KvOkQx9fja on #Dracula set", "user": "Way_of_The_Gun", "id": 400448625563553792}, {"text": "@kylewrather Re: DRACULA on Fri: 1. Int'l co-production, 2. Ill-fit with all other NBC fare and 3. Trying to make Grimm an anchor program.", "user": "cehowell6", "id": 400444179429355520}, {"text": "Love this. Dracula by Hamiliton Deane opened here in 1977. http://t.co/3L4oBDFIu9", "user": "daveiam", "id": 400436335414370304}, {"text": "\"@NBCDracula: #Dracula has discovered Lady Jayne\u2019s secret. http://t.co/Owe7j0PMdo\"", "user": "evillyn29", "id": 400433118953226240}, {"text": "RT @TheLegitBedouin: @Bones_Harmony Nigga looks like a mix of whoopi Goldberg and dracula", "user": "Bones_Harmony", "id": 400424524753403904}, {"text": "@Bones_Harmony Nigga looks like a mix of whoopi Goldberg and dracula", "user": "TheLegitBedouin", "id": 400424312303153152}, {"text": "RT @Jake_Chaplin_: Children of the night. What music they make. #Dracula", "user": "carbonero_burg", "id": 400415423457677312}, {"text": "Children of the night. What music they make. #Dracula", "user": "Jake_Chaplin_", "id": 400412460630306816}, {"text": "Lots of conversation about #Dracula happening on #GetGlue http://t.co/KAEzxtqE11", "user": "angiepi", "id": 400405703644688385}, {"text": "I see the RED CROSS is over in the Phillipines like DRACULA for BLOOD. Where da MONEY at U mothafuckas?!", "user": "TheNiggaChurch", "id": 400397220542824449}, {"text": "@TheCancelBear Is Dracula more likely to be canceled than Sean Saves the World? If so, how come? The latter has a worse renew/cancel index.", "user": "StefSustaita", "id": 400393950671802369}, {"text": "I'm surprised that Count Dracula (aka Frank Martin) didn't bite the heads off the officials! #BAYvsSC #CollegeHoops", "user": "Kevin_McCoy012", "id": 400390816960507905}, {"text": "My boy Deadpool!! XD \"All vampires are named Dracula\" lololololol #sla301 http://t.co/CMpUzViVOy", "user": "OhhhMyMichelle", "id": 400373973726162944}, {"text": "Damn, the Dracula death in TASTE THE BLOOD OF DRACULA is kinda bullshit. The rest of the movie is great, though.", "user": "awalrusdarkly", "id": 400327243898974208}, {"text": "@curious_linda @Ramdriver71 Triple Blah and you'll sound like dracula", "user": "Texas_Plowboy", "id": 400322319630888960}, {"text": "#nw Dracula", "user": "vouuoov", "id": 400308452196507648}, {"text": "\"@NBCDracula: \u201cNot a bad morning, all things considered.\u201d #Dracula\"", "user": "evillyn29", "id": 400306599975088128}, {"text": "Time to catch up on the TV shows - Walking Dead, Dracula, maybe even Homeland", "user": "txslhoneybadger", "id": 400252791051915267}, {"text": "Photo: I\u2019m watching Dracula \u201cSeason 1 Episode 3\u201d Check-in to Dracula on http://t.co/ArEX2cFJA6 http://t.co/qoAAq6ygt0", "user": "jlp6869rocks", "id": 400246539064713216}, {"text": "RT @kahriina23: \"@TOO_EXCLOO: These niggas aint real they like avatars nd dracula\"", "user": "TOO_EXCLOO", "id": 400207043300057088}, {"text": "\"@TOO_EXCLOO: These niggas aint real they like avatars nd dracula\"", "user": "kahriina23", "id": 400206851611963392}, {"text": "I'm watching Dracula (39 others are watching) http://t.co/zR8x6RP8xz #GetGlue @NBCDracula", "user": "Alexoxoxis", "id": 400156634804400128}, {"text": "Every episode of #Dracula makes me go 'Is Keira Knightly playing Lucy?' SHE LOOKS JUST LIKE KEIRA KNIGHTLY", "user": "LovelyLyn486", "id": 400125402967838720}, {"text": "Gave up on Monday night football for Dracula because Jonathan Rhys-Meyers is way easier on the peepers\ud83d\ude0d than sweaty lineman", "user": "megancmoss", "id": 400111282981834752}, {"text": "@earthtoreyna The Walking Dead, True Blood, Arrow, Dracula, Orange Is The New Black, Marvel Agents of SHIELD, or Sons of Anarchy", "user": "TxDen210", "id": 400108204421427200}, {"text": "I've officially decided that I don't like Dracula.....booo! I REALLY wanted to like it!!", "user": "HTxRockinAgent", "id": 400103332628672512}, {"text": "I just voted for Dracula #newtvdrama #PeoplesChoice. Retweet to vote http://t.co/gVsjLFFovU via @peopleschoice", "user": "Mini_Vampy", "id": 400098870337626114}, {"text": "I'm just now watching Friday nights #Dracula .  Bloody damn show it is.", "user": "01happychef", "id": 400090435067969536}, {"text": "@KissingMySass Watch his movies. He doesn't know how to kiss worth a damn. #Dracula #WalkintheClouds", "user": "deedeedyn0mite", "id": 400078988049014784}, {"text": "I feel like Jon Harker working for Dracula at my job...", "user": "vomityoursoul", "id": 400071079432966145}, {"text": "I have to finish TASTE THE BLOOD OF DRACULA tonight because soon Christmas spirit will drain my desire to see it and it has a due date.", "user": "awalrusdarkly", "id": 400032338186235904}, {"text": "@adampopescu How many times have you read Dracula?", "user": "Parajournalism", "id": 400021236001959936}, {"text": "@wrestlingleva I wonder if Dracula is going to hit a Rock Bottom this week. #WrestlingUndead", "user": "_AndrewBrinkley", "id": 399998699851747329}, {"text": "Catching up on #Dracula. Did you watch it? #GetGlue http://t.co/wyj5g6yfro", "user": "jontlaw", "id": 399972407274139649}, {"text": "Friday cannot come soon enough.  I want to watch #Dracula already", "user": "jaclynlopez213", "id": 399966670049251329}, {"text": "@urstillmybff Still from upcoming #Dracula \"The Devil's Waltz\". Love the Episode names! http://t.co/z1OZWhmIBB", "user": "Way_of_The_Gun", "id": 399952376875864065}, {"text": "@urstillmybff Yeah but he gives such good advice under the influence. Check out my post last night on my blog on #Dracula", "user": "Way_of_The_Gun", "id": 399951326810890240}, {"text": "\"@NBCDracula: #Dracula will do anything for love, even if it destroys him.\"", "user": "evillyn29", "id": 399936511757410304}, {"text": "Catching up #Dracula #GetGlue http://t.co/xbdC1tBICO", "user": "JForest83", "id": 399918227595481088}, {"text": "Lots of conversation about #Dracula happening on #GetGlue http://t.co/DcFggmIQ37", "user": "rdaniels5", "id": 399896693334102016}, {"text": "The new \"Dracula\" show is about the Illuminati and big oil companies, and there is always \"Tron\" music playing.", "user": "AndrewManiaci", "id": 399857015591165952}, {"text": "Photoset: greggorysshocktheater: French pressbook materials from Brides Of Dracula (1960) http://t.co/pg6CkVdF5s", "user": "Zipdisk01", "id": 399855858731204608}, {"text": "Fan of #Dracula? Join me on #GetGlue http://t.co/VAXXdQRrEA", "user": "Alexoxoxis", "id": 399823885862174720}, {"text": "Bust it open, suck that \ud83d\udc31 like the Dracula \ud83d\udc40", "user": "_SwisherSWEETie", "id": 399813146782998528}, {"text": "RT @zombiefeline: Just started watching Dracula, was skeptical but so far so good. Plus Jonathan Rhys Meyers is so yummy! #Dracula #Jonatha\u2026", "user": "with_JRM", "id": 399809348165443584}, {"text": "Love this new Dracula show! \u2665\ue106\ue106", "user": "A_Ranc2011", "id": 399795327156244481}, {"text": "So apparently my name is Officer Blade, Den Zale, Dracula, and Morpheous.", "user": "Acen1991", "id": 399791467864289280}, {"text": "Dracula and a Tale of Two Late Bloomers http://t.co/FT2E4ZtCxS via @DebraEve", "user": "paulinebjones", "id": 399780357853044736}, {"text": "Watching Dracula with shelbs and lindz. Carlie is nowhere to be found! Irish vampire dress in 1800s attire? Uh yes please bring the icecubes", "user": "lorelei_rose", "id": 399778035269763072}, {"text": "Just started watching Dracula, was skeptical but so far so good. Plus Jonathan Rhys Meyers is so yummy! #Dracula #JonathanRhysMeyers", "user": "zombiefeline", "id": 399772085511147520}, {"text": "Damn Dracula is getting better by the episode.", "user": "_KidCody_", "id": 399765970937344000}, {"text": "RT @Way_of_The_Gun: @urstillmybff I'm pretty sure you were wrong in an earlier post - BOURBON is the LIFE! lol #Dracula http://t.co/Z47y89M\u2026", "user": "msmaxey", "id": 399757432886280192}, {"text": "@urstillmybff I'm pretty sure you were wrong in an earlier post - BOURBON is the LIFE! lol #Dracula http://t.co/Z47y89MDPT", "user": "Way_of_The_Gun", "id": 399750196071907328}, {"text": "Photoset: Here are the covers to Marvel Comics\u2019 \u201cTomb of Dracula\" #\u2019s 21-30. http://t.co/peOcTZ2fub", "user": "Zipdisk01", "id": 399747402925887488}, {"text": "@JessiBandAid oh girl,he'd be ppppuuurrffeecct. Just like he is being Dracula. Unf.", "user": "audone4life", "id": 399722874933485568}, {"text": "The ladies on Dracula are wearing a lot of makeup for the Victorian era", "user": "mekkalekkah", "id": 399722480450797569}, {"text": "@EmmaRayneLyle @lewisrainer I have and it it great!  #dracula", "user": "jenncbryant", "id": 399717713385648130}, {"text": "Why does Dracula have tribal tattoos?", "user": "mekkalekkah", "id": 399714709089173504}, {"text": "Watching Dracula right after watching The Blacklist. #masochist", "user": "mekkalekkah", "id": 399711380506296320}, {"text": "Trying out the Dracula TV series, because my life could obviously use some more cheese.", "user": "katsudonburi", "id": 399698598386212864}, {"text": "classicvampires: I was looking for spanish subs for the liveblog and I just\u2026 I just\u2026\nMexican Luchador Dracula\u2026 http://t.co/7eUeZQPoVD", "user": "Zipdisk01", "id": 399684903878811648}, {"text": "Human side of Dracula shown in Castlevania: Lords of Shadow 2 dev diary http://t.co/eifDCuWiIk", "user": "JeanneHartsock", "id": 399667504403849216}, {"text": "RT @StevivorGaming: Watch: This Castlevania: Lords of Shadow 2 dev diary is all about Dracula: http://t.co/rLAtx0J80O http://t.co/hatKUv1Hld", "user": "stevivor", "id": 399667287432495104}, {"text": "RT @Way_of_The_Gun: @NBCDracula Some #Dracula art from the fans - @jrmlove From Instagram http://t.co/TQ7E5OGxgR", "user": "TheDomeNews", "id": 399650156322488320}, {"text": "@ManAboutMines hell yeah son I started watching the new Dracula show", "user": "DAT_BOY_KJ", "id": 399642013618163712}, {"text": "*hides from her kids and Hubby in her studio. She needed a quiet hour of Dracula.*", "user": "sunnydhinc", "id": 399634441309814784}, {"text": "#NowPlaying Rob McKee - The Church Vs Dracula :: Tune In: http://t.co/PO7iaJXl4w", "user": "RevivalRadioApp", "id": 399610371800961024}, {"text": "@DieRobinsonDie what's your opinion of Dracula's Daughter? Though it was an interesting sequel", "user": "gash26", "id": 399607103448293376}, {"text": "@NBCDracula Some #Dracula art from the fans - @jrmlove From Instagram http://t.co/TQ7E5OGxgR", "user": "Way_of_The_Gun", "id": 399592309823504384}, {"text": "Is anyone else loving #Dracula on @nbc I think it's really well done. Reminds me of an @BBCAMERICA  show, edgy, sexy and fun!", "user": "Deansheremet", "id": 399559387033116672}, {"text": "Photoset: Screenshots from the opening to NBC\u2019s \u201cDracula\u201d. http://t.co/NGDdtSrHNb", "user": "Zipdisk01", "id": 399557970297905152}, {"text": "Chthonic Cassandra: I watched the third episode of the NBC Dracula. Thus, more... - chthonic-cassandra: I wat\u2026 http://t.co/sIXpy2obu5", "user": "Zipdisk01", "id": 399544209117835264}, {"text": "And that's why, in a straight fight, a shark would probably beat a Dracula.", "user": "kaitlinalford", "id": 399487567839506432}, {"text": "Dracula and a Tale of Two Late Bloomers http://t.co/rrKlgn8Rhz via @DebraEve", "user": "lomargie", "id": 399459002523729920}, {"text": "RT @NightlifeNovels: Dracula, the Gothic Pimp http://t.co/4LAD0aRiuS via @vicdougherty", "user": "RobinGlasser1", "id": 399427282961707008}, {"text": "Dracula, the Gothic Pimp http://t.co/4LAD0aRiuS via @vicdougherty", "user": "NightlifeNovels", "id": 399426278282907648}, {"text": "@NBCDracula Looks like TV talk has a Podcast on iTunes On all episodes on #Dracula", "user": "Way_of_The_Gun", "id": 399420650948788224}, {"text": "Dracula stole my body!", "user": "TexasPickers1", "id": 399418862711484416}, {"text": "Photoset: 1973\u2019s \u201cCount Dracula\u2019s Great Love\" starring Paul Naschy as Dracula and directed by Javier... http://t.co/3cnORClyGi", "user": "Zipdisk01", "id": 399409815505883136}, {"text": "I'm #Viggling \"Dracula\". TV loves you back with #ViggleTV!\n\n #Dracula #viggle", "user": "dalegattis", "id": 399403165285498881}, {"text": "For Dracula, people were learning their lines the day of, and the show was still pretty good.", "user": "OscarsUsername", "id": 399398431262658560}, {"text": "In Castlevania: Lords of Shadow 2, there is a giant steampunk robot and you play as Dracula who can puke blood. BEST GAME EVER!!!!!!", "user": "AgentKane719", "id": 399377538989842433}, {"text": "Photo: I\u2019m watching Dracula 186 others are also watching. Dracula on http://t.co/eTbvQa6nIv http://t.co/KmOIfkpLEx", "user": "JadedKitty", "id": 399359800360054784}, {"text": "Or.... Dracula Sound of Music. In other words, LOVING THIS #FFF #Sparks", "user": "recoveringlazy", "id": 399359608235364353}, {"text": "One Million Moms Is Calling For a Boycott on NBC's Dracula - Read their reasons here if you really want to.... http://t.co/ZjibyfJteO", "user": "Zipdisk01", "id": 399354281708748800}, {"text": "I'm watching Dracula (167 others are watching) http://t.co/zR8x6RP8xz #GetGlue @NBCDracula", "user": "Alexoxoxis", "id": 399340258690875394}, {"text": "The stupid fun of GRIMM + DRACULA was perfect post-comps viewing. Actual GRIMM last line (re: pig-person): \"This little piggy went to jail.\"", "user": "cehowell6", "id": 399338893213831168}, {"text": "@NikaHarper @bonniegrrl van helsing was the true dracula the whole time D:", "user": "rbray18", "id": 399329928081989633}, {"text": "Dat bitch gon give me neck lik a dracula", "user": "214_Lil_Nick", "id": 399327991106252801}, {"text": "jonathan rhys meyers appreciation tweet because of his hot bod in nbc's #dracula", "user": "_tragiceyes", "id": 399308099871191040}, {"text": "@TheCancelBear Question for the bear, how much do you think Dracula cost for NBC? I heard its a co production so the show is pretty cheap.", "user": "lilkatie24", "id": 399291684380372992}, {"text": "RT @AmyInFlames: this man makes my heart beat faster #Dracula @NBCDracula http://t.co/Z162JeDWlQ", "user": "amiksa", "id": 399291594722922496}, {"text": "I wish #Dracula had a better pilot, or it should be on BBC too slow for Friday nights but still entertaining.", "user": "lilkatie24", "id": 399291090836008960}, {"text": "this man makes my heart beat faster #Dracula @NBCDracula http://t.co/Z162JeDWlQ", "user": "AmyInFlames", "id": 399290019484930048}, {"text": "\"@NBCDracula: Wishing you a wickedly fun weekend. #Dracula\"", "user": "evillyn29", "id": 399273716082700288}, {"text": "Oh, Mr. Grayson \ud83d\ude3b #Dracula", "user": "lavieestlamour", "id": 399273701239058432}, {"text": "@Xzyliac I'm all for burning down vampires, but what did Dracula do this time?", "user": "BlackRoleplayer", "id": 399273666187247616}, {"text": "Still not really getting this new Dracula series :-/ I wanted to love it.", "user": "flwrchldbeck", "id": 399271605194334208}, {"text": "for someone who cant see his own refection Dracula is well groomed", "user": "horrorfanaticjn", "id": 399270286446452736}, {"text": "RT @abcdezZzZ: I'm Dracula, bitch. Don't got a problem smackin a bitch.", "user": "KenzieDarlingg", "id": 399268510506815488}, {"text": "RT @abcdezZzZ: I'm Dracula, bitch. Don't got a problem smackin a bitch.", "user": "Ethan_Plump", "id": 399268299672154112}, {"text": "RT @abcdezZzZ: I'm Dracula, bitch. Don't got a problem smackin a bitch.", "user": "abbudtwEEts", "id": 399264597586497536}, {"text": "RT @abcdezZzZ: I'm Dracula, bitch. Don't got a problem smackin a bitch.", "user": "umkaedyn", "id": 399259442673647616}, {"text": "RT @abcdezZzZ: I'm Dracula, bitch. Don't got a problem smackin a bitch.", "user": "_TeeTwoTimes", "id": 399259261391626241}, {"text": "RT @mckmor: Church, Dracula at the Gaslight Theater, Bdubs, and the Walking Dead all with @scottrodenberg on this perfect Sunday \ud83d\udc95\u2600\ufe0f", "user": "scottrodenberg", "id": 399258589732171776}, {"text": "I'm Dracula, bitch. Don't got a problem smackin a bitch.", "user": "abcdezZzZ", "id": 399258555876126720}, {"text": "Omgsh love this show #Dracula", "user": "avemariab93", "id": 399229289121341440}, {"text": "Listening to Iced Earth's Dracula because I like to think of Dracula as a very violent monster.", "user": "AgentKane719", "id": 399222807332012032}, {"text": "@marcberman Shame, Dracula actually got way more entertaining past the pilot but probably too slow for Friday viewers.", "user": "lilkatie24", "id": 399212691685789697}, {"text": "Lets talk about #Dracula on #GetGlue http://t.co/hAo2Z6gOdV", "user": "Your_Next_X", "id": 399196785614524416}, {"text": "Gonna jump on my elliptical, see how many miles I can put in while watching the newest episodes of Shark Tank, Vampire Diaries, and Dracula.", "user": "VeeFergie", "id": 399180995536371712}, {"text": "Last night's #Dracula was awesome! I'm still not sure about Van Helsing &amp; Drac working together, but VH might be just using the vampire.", "user": "CynthiaGarner", "id": 399165953512337408}, {"text": "@DrK4s \n\nDracula was badass last night!", "user": "nolajosh2009", "id": 399161472955478016}, {"text": "They went a different direction with this Dracula show and it's good", "user": "JaMarcusWhite", "id": 399133155396825088}, {"text": "This new Dracula show is... odd. I don't know if I like it or not.", "user": "dawnpuppet", "id": 399098730592223232}, {"text": "@Breadmantv Dracula is...#hehee #iknow,cheezy lol", "user": "BridgetteJM1", "id": 399083109993304065}, {"text": "@LindsayInTheSky off topic but I JUST saw T's post w his Dracula lunchbox in the back. How adorable!", "user": "IllyBatBaby", "id": 399082886042644480}, {"text": "Korrasami Shipper. Shark Tank Investor. Actual Dracula. Austin Taco Cycle Evangelist. Larry Crowne. Slowly Spreading Crack in the Wall.", "user": "johnewarren", "id": 399076835599728640}, {"text": "I missed dracula", "user": "ThatGCynthia", "id": 399050905242185729}, {"text": "Just got today's #Dracula sticker. Get yours in the next 1h:20m. #GetGlue http://t.co/mTnzCP7uqL #Dracula", "user": "LeslieAmanda612", "id": 399048633947271168}, {"text": "I know Dracula is still the villain but.. Gah Damn JRM makes Dracula look good!!  ;]  LoL #Dracula #GetGlue http://t.co/jKjApyqR6Y", "user": "LeslieAmanda612", "id": 399048633750151168}, {"text": "Loving the mysterious character @JRM_official plays in #Dracula", "user": "Caitlinnichole", "id": 399046951607730176}, {"text": "Just got this limited #Dracula sticker. Get yours now #GetGlue http://t.co/BACRDUYPsl #Dracula", "user": "shadowintime", "id": 399043346683138048}, {"text": "Photo: I just unlocked the Dracula: Goblin Merchant Men sticker on GetGlue 8548 others have also unlocked... http://t.co/Sshap0DXoU", "user": "jlp6869rocks", "id": 399041302748069888}, {"text": "Photo: I\u2019m watching Dracula \u201cgoing to check out the pilot\u201d 8022 others are also watching. Dracula on... http://t.co/iAojTbf4s9", "user": "jlp6869rocks", "id": 399041301947351040}, {"text": "Just got this limited #Dracula sticker. Get yours now #GetGlue http://t.co/6zGLESWFVR #Dracula", "user": "jlp6869rocks", "id": 399041297702739968}, {"text": "going to check out the pilot #Dracula #GetGlue http://t.co/2slgqE2sCL", "user": "jlp6869rocks", "id": 399041297606246400}, {"text": "Tonight's Dracula was badass good!\n\nLSU vs Alabama tomorrow\nMiss Universe tomorrow\nCowboys vs Saints on Sunday\n\nBusy weekend!", "user": "nolajosh2009", "id": 399041017212850176}, {"text": "RT @brette_brian: Am I the only 1 who isn't paying attention to anything except Jonathan Rhys Meyer's super sultry tantalizing man chest? @\u2026", "user": "juliesparkle", "id": 399039175204167680}, {"text": "It took a few episodes but #Dracula is now in my top 5 for new shows.", "user": "lilkatie24", "id": 399037370927808512}, {"text": "#Dracula was really good tonight.", "user": "maxkostakis", "id": 399036515587596288}, {"text": "Just got today's #Dracula sticker. Get yours in the next 2h:10m. #GetGlue http://t.co/NmDJEVaUKD #Dracula", "user": "slvr_tgr99", "id": 399036044999667712}, {"text": "Love J R-Davies is perfectly cast as Dracula. Loved him in the Tudors! #lovingit #verybadboy", "user": "Camp_ab", "id": 399034332322349056}, {"text": "RT @lilkatie24: Shut the front door Lucy is in love with Mina to?? Holy heck what is it about that girl? #Dracula", "user": "notmyname02", "id": 399032825548001281}, {"text": "Shut the front door Lucy is in love with Mina to?? Holy heck what is it about that girl? #Dracula", "user": "lilkatie24", "id": 399032669180149760}, {"text": "Lots of conversation about #Dracula on #GetGlue http://t.co/driXH8xbtc", "user": "rockincj1", "id": 399032529740906496}, {"text": "Oh my! \nCan @jrhysmeyerscom get any Hotter!?!? #Dracula", "user": "JessicaPNorris", "id": 399031184656564225}, {"text": "Lets talk about this week's #Dracula on #GetGlue http://t.co/9uQNEnLCQw", "user": "icemike71", "id": 399030317841141760}, {"text": "Just got this limited #Dracula sticker. Get yours now #GetGlue http://t.co/fcuyLq0MmS #Dracula", "user": "icemike71", "id": 399030315601371136}, {"text": "@DarkmoonCellist @NBCDracula I am very impressed and Jonathan Rhys Meyers plays an excellent Dracula!", "user": "mharperr", "id": 399028453401309185}, {"text": "Lots of conversation about #Dracula on #GetGlue http://t.co/SUk86cXf28", "user": "wfavero", "id": 399028371377913856}, {"text": "Just got today's #Dracula sticker. Get yours in the next 2h:40m. #GetGlue http://t.co/k2AA7W7eYj #Dracula", "user": "wfavero", "id": 399028369729536000}, {"text": "@AmericansforALP Just went on the Dracula site They called Andrew a ruffin How dare they", "user": "NOLAKELL", "id": 399028005722275842}, {"text": "@CountingStars29 Is #Dracula good? I haven't seen it, but love JRM! What's he like in it?", "user": "Mom4mjtx", "id": 399027236902158336}, {"text": "Just got this limited #Dracula sticker. Get yours now #GetGlue http://t.co/5I1xX06NnN #Dracula", "user": "celtickitty66", "id": 399026416865787904}, {"text": "\"@DraculaNews: West Coast fans of #Dracula, you're in for an amazing ride.\"", "user": "evillyn29", "id": 399025897719611395}, {"text": "\"@NBCDracula: Who's already waiting with bated breath for next week's #Dracula?\"", "user": "evillyn29", "id": 399025285154082816}, {"text": "@spazmatic77 #Dracula yes i love it too!", "user": "evillyn29", "id": 399025157726932992}, {"text": "@urstillmybff Rainy do want some spoilers for #Dracula tonite?", "user": "Way_of_The_Gun", "id": 399024864448626688}, {"text": "I'm gonna need more shirtless @JRM_official in #Dracula", "user": "KristinSebring", "id": 399024185915088896}, {"text": "RT @_InstaKill: #Dracula is the best TV show today", "user": "KeepTweetin_", "id": 399024158430220288}, {"text": "If you're watching #Dracula join me &amp; 8437 other fans on #GetGlue http://t.co/oVbtYy9WXU", "user": "goldengirl_1975", "id": 399023781429387264}, {"text": "Just got this limited #Dracula sticker. Get yours now #GetGlue http://t.co/G3CJPIDCZG #Dracula", "user": "goldengirl_1975", "id": 399023778401124352}, {"text": "I can't wait to watch the #Grimm and #Dracula episodes from tonight!!!", "user": "cpowers21", "id": 399023714794082304}, {"text": "Every time Ben Miles comes onscreen, I become intrigued by the potential Daguerreotypes of Browning's Love. #Dracula vs #Coupling", "user": "ChrisRachael", "id": 399023529347125248}, {"text": "#Dracula is the best TV show today", "user": "_InstaKill", "id": 399023430395101185}, {"text": "if ya havent yet seen any eps of nbc's new show dracula, do watch it!!! its been great, great cast, writing, sets, and fx", "user": "Quehoo", "id": 399023220285648897}, {"text": "#Dracula  #NBC  too many commercials during tonight's episode!!  Will watch something else next week.", "user": "KaySeeksSingles", "id": 399023072813932545}, {"text": "#Dracula i sure didn't see daniel doing that!", "user": "Quehoo", "id": 399022749030432768}, {"text": "\"@NBCDracula: Watch who you\u2019re calling vermin, Lady Jayne. #Dracula\"", "user": "evillyn29", "id": 399022520176619520}, {"text": "oh, #Dracula! what were you tonight? #toomuchcampforonehand", "user": "NotAWoad", "id": 399022467378720768}, {"text": "\"@NBCDracula: What wit. No wonder Renfield is #Dracula\u2019s closest confidante.\"", "user": "evillyn29", "id": 399022342707228674}, {"text": "\"@DraculaNews: Points for Renfield. #Dracula\"", "user": "evillyn29", "id": 399022295412269057}, {"text": "\"@NBCDracula: Mina\u2019s defying all sorts of societal conventions. #Dracula\"", "user": "evillyn29", "id": 399022096660955136}, {"text": "\"I bought you a cross. And this garlic to keep in your pocket. And this wooden stake to fling at Americans who might be vampires.\" #Dracula", "user": "kbeninato", "id": 399022068236173312}, {"text": "@NBCDracula wow just wow!! #Dracula", "user": "evillyn29", "id": 399020478754353152}, {"text": "\"@DraculaNews: The temperature just rose again. #Dracula\"", "user": "evillyn29", "id": 399019987026714624}, {"text": "Just got this limited #Dracula sticker. Get yours now #GetGlue http://t.co/U7DaTXRAL4 #Dracula", "user": "chrisrn5", "id": 399019831422636033}, {"text": "\"@NBCDracula: EERIE. We love it. #Dracula\"", "user": "evillyn29", "id": 399019829111173121}, {"text": "\"@DraculaNews: Is Lucy in love? #Dracula\"", "user": "evillyn29", "id": 399018998852890624}, {"text": "RT @evillyn29: \"@NBCDracula: So close, and yet... http://t.co/nYJCjMDrfp #Dracula\"", "user": "MadlyEuphoric", "id": 399018992943517696}, {"text": "\"@DraculaNews: Lifecoaching... or sabotage? #Dracula\"", "user": "evillyn29", "id": 399018968788115456}, {"text": "\"@NBCDracula: So close, and yet... http://t.co/nYJCjMDrfp #Dracula\"", "user": "evillyn29", "id": 399018864685481984}, {"text": "\"@NBCDracula: \u201cSometimes the people and places we are meant for take us by surprise.\u201d #Dracula\"", "user": "evillyn29", "id": 399018041377185792}, {"text": "\"@DraculaNews: Showtime. #Dracula\"", "user": "evillyn29", "id": 399017871335899137}, {"text": "\"@spazmatic77: So excited for tonight episode!! #Dracula #GetGlue http://t.co/4tr4R0Vjvp\"", "user": "evillyn29", "id": 399017785428160512}, {"text": "\"@DraculaNews: Commercial break. How should we kill the time? #Dracula\"", "user": "evillyn29", "id": 399017235395530752}, {"text": "Just got today's #Dracula sticker. Get yours in the next 3h:26m. #GetGlue http://t.co/IwPT7NeJjM #Dracula", "user": "xAngelWing312x", "id": 399016883690942464}, {"text": "Wanna drink? I'm game, Drac. Come &amp; get it, I mean me. http://t.co/ntuiP0LJMK #GetGlue @NBCDracula", "user": "Vanessaperez791", "id": 399016746679803904}, {"text": "OH MY DEAR LORD I WANT HIM #Dracula", "user": "brette_brian", "id": 399016653125464064}, {"text": "\"@NBCDracula: #Dracula to the rescue.\"", "user": "evillyn29", "id": 399016627766693889}, {"text": "Photo: I just unlocked the Dracula: Goblin Merchant Men sticker on GetGlue 6096 others have also unlocked... http://t.co/Ytg8wcEVHe", "user": "amedievalgenius", "id": 399016615893024768}, {"text": "RT @evillyn29: \"@NBCDracula: #Dracula has been condemned to endless night.\"", "user": "Lightfoot20", "id": 399016477375725568}, {"text": "\"@NBCDracula: The green fairy should be making an appearance any minute now. #Dracula\"", "user": "evillyn29", "id": 399016203709988864}, {"text": "@NBCDracula is #Dracula trending yet? I bet it is", "user": "evillyn29", "id": 399016136504668160}, {"text": "\"@NBCDracula: Learn something new every day. RT @romancntdrkside: Wait, Dracula drinks tea?! #Dracula #love\"", "user": "evillyn29", "id": 399015098485702656}, {"text": "Lets talk about this week's #Dracula on #GetGlue http://t.co/HpY8yP4ux6", "user": "ProtectorElijah", "id": 399014906064011264}, {"text": "Just got this limited #Dracula sticker. Get yours now #GetGlue http://t.co/Xi8elfVr6f #Dracula", "user": "ProtectorElijah", "id": 399014901974577152}, {"text": "As usual, #Dracula never disappoints!", "user": "Quehoo", "id": 399014724127293440}, {"text": "\"@DraculaNews: \"Just a moment more...\" #Dracula\"", "user": "evillyn29", "id": 399014402508083200}, {"text": "\"@NBCDracula: \u201cYou will never be like any other man.\u201d #Dracula\"", "user": "evillyn29", "id": 399014360313393152}, {"text": "@bestbabybug Thus, is the curse of Dracula.", "user": "queenkandis", "id": 399014128217358337}, {"text": "RT @brette_brian: Am I the only 1 who isn't paying attention to anything except Jonathan Rhys Meyer's super sultry tantalizing man chest? @\u2026", "user": "angel_chapman1", "id": 399013943189843968}, {"text": "Lots of conversation about #Dracula on #GetGlue http://t.co/iRX5CS9xXs", "user": "Spydr9000", "id": 399013766618443776}, {"text": "Just got this limited #Dracula sticker. Get yours now #GetGlue http://t.co/qsFquf67MP #Dracula", "user": "Spydr9000", "id": 399013764483534848}, {"text": "Am I the only 1 who isn't paying attention to anything except Jonathan Rhys Meyer's super sultry tantalizing man chest? @NBCDracula #dracula", "user": "brette_brian", "id": 399013647659171840}, {"text": "\"@DraculaNews: Is it hot in here? #Dracula\"", "user": "evillyn29", "id": 399013573180932096}, {"text": "\"@NBCDracula: Well played, Harker. #Cheers #Dracula\"", "user": "evillyn29", "id": 399013534136152064}, {"text": "Just got this limited #Dracula sticker. Get yours now #GetGlue http://t.co/4SLaAL6fIY #Dracula", "user": "HeatherRAllen", "id": 399013404096335872}, {"text": "I'm watching Dracula (5956 others are watching) http://t.co/nC7fKsDKJA #GetGlue @NBCDracula", "user": "HeatherRAllen", "id": 399013382655057920}, {"text": "\"@NBCDracula: We saw that playing out differently. #Dracula\"", "user": "evillyn29", "id": 399013270595440642}, {"text": "Ok I am in! #Dracula Now I need to watch the epi playing now", "user": "Kourt17", "id": 399013260533702656}, {"text": "\"@DraculaNews: All work and no play makes Vlad a dull boy. #Dracula\"", "user": "evillyn29", "id": 399012822228533248}, {"text": "\"@NBCDracula: Who doesn't love secret passages? #Dracula\"", "user": "evillyn29", "id": 399012653940494336}, {"text": "\"@NBCDracula: Happy to be of service. RT @DarkFhaleyn: my friday isn't complete without an episode of #Dracula! &lt;3\"", "user": "evillyn29", "id": 399012500739350528}, {"text": "So is this new Dracula the vampire diaries for grown ups?", "user": "BooksAreLovex3", "id": 399012186489495553}, {"text": "Trying to watch dracula but I just keep falling asleep.", "user": "bestbabybug", "id": 399011660137910272}, {"text": "I'm watching #Dracula with 6208 other fans on #GetGlue http://t.co/l26myekjUV", "user": "ShoeLin_1685", "id": 399011451882708992}, {"text": "Just got this limited #Dracula sticker. Get yours now #GetGlue http://t.co/1XblIBu7P7 #Dracula", "user": "ShoeLin_1685", "id": 399011448850231298}, {"text": "\"@DraculaNews: The game is on. #Dracula\"", "user": "evillyn29", "id": 399011323733757953}, {"text": "\"@NBCDracula: \u201cNever again presume to defend me to anyone.\u201d #Dracula\"", "user": "evillyn29", "id": 399011254695505920}, {"text": "Just got this limited #Dracula sticker. Get yours now #GetGlue http://t.co/FbHceI3GkY #Dracula", "user": "Raysha_Harris", "id": 399010912826572800}, {"text": "I'm watching #Dracula with 6077 other fans on #GetGlue http://t.co/s8XSAQEs9h", "user": "SookieBillXOXO", "id": 399010824951697408}, {"text": "Just got today's #Dracula sticker. Get yours in the next 3h:50m. #GetGlue http://t.co/WOIDD5LjAY #Dracula", "user": "IsaacRGutierrez", "id": 399010735189008384}, {"text": "Just finished watching the Tudors. Wonder if this one is good.. http://t.co/6SnptUhoyF #GetGlue @NBCDracula", "user": "IsaacRGutierrez", "id": 399010715106676736}, {"text": "@NBCDracula Watching #Dracula something tells me not to miss this episode..", "user": "10JoseGarcia02", "id": 399010695850647552}, {"text": "Just got this limited #Dracula sticker. Get yours now #GetGlue http://t.co/ZkLEbSsmSw #Dracula", "user": "ChuxChic", "id": 399010652460969984}, {"text": "\"@DraculaNews: Fun or moping? Choices, choices... #Dracula\"", "user": "evillyn29", "id": 399010422742732800}, {"text": "@BeckyKirsch I was secretly hoping Dracula would start playing Beethovan's \"Moonlight Sonata\"...  @NBCDracula", "user": "Depoetic", "id": 399010066663084032}, {"text": "Just got this limited #Dracula sticker. Get yours now #GetGlue http://t.co/HTE8Ish910 #Dracula", "user": "Shulamit_", "id": 399009776409247745}, {"text": "Just got this limited #Dracula sticker. Get yours now #GetGlue http://t.co/2sm4y9sWyo #Dracula", "user": "jedilasombra", "id": 399009607634669568}, {"text": "\"@DraculaNews: True love never dies. #Dracula\"", "user": "evillyn29", "id": 399009593688203264}, {"text": "\"@NBCDracula: #Dracula has been condemned to endless night.\"", "user": "evillyn29", "id": 399009501736484865}, {"text": "I realize I'm watching Dracula but we only 2 mins in- all this blood I nauseating :-&amp;", "user": "alwaysmarie03", "id": 399009451102846978}, {"text": "Just got today's #Dracula sticker. Get yours in the next 3h:57m. #GetGlue http://t.co/aIh8oE3D6k #Dracula", "user": "kisses4roxy", "id": 399009185175961600}, {"text": "If you're watching #Dracula join me &amp; 5035 other fans on #GetGlue http://t.co/kZlKgHNl4u", "user": "steven_leroux", "id": 399008904681906177}, {"text": "Time for Dracula", "user": "TREY1988", "id": 399008735630479360}, {"text": "Just got today's #Dracula sticker. Get yours in the next 3h:58m. #GetGlue http://t.co/Lq9DwbdV2S #Dracula", "user": "Ness0226", "id": 399008727409627136}, {"text": "Just got this limited #Dracula sticker. Get yours now #GetGlue http://t.co/8PBxeOF6vd #Dracula", "user": "SteveJax", "id": 399008703799918592}, {"text": "I'm watching Dracula (4124 others are watching) http://t.co/D1a2sprKSS #GetGlue @NBCDracula", "user": "SteveJax", "id": 399008680471191552}, {"text": "#Dracula tonight!!", "user": "em__benavides", "id": 399008651601399809}, {"text": "I'm watching #Dracula with 4661 other fans on #GetGlue http://t.co/6lTX6Y9jmj", "user": "StormyMystic", "id": 399008112465944576}, {"text": "Photo: I just unlocked the Dracula: Goblin Merchant Men sticker on GetGlue 3237 others have also unlocked... http://t.co/wSsAcnzKEb", "user": "MHerdez1972", "id": 399007995172249600}, {"text": "Just got this limited #Dracula sticker. Get yours now #GetGlue http://t.co/IwTksr2N1O #Dracula", "user": "MHerdez1972", "id": 399007990336204800}, {"text": "Photo: I just unlocked the Dracula: Goblin Merchant Men sticker on GetGlue 3198 others have also unlocked... http://t.co/lPRMDRulh2", "user": "MHerdez1972", "id": 399007966437056512}, {"text": "Photo: I\u2019m watching Dracula 4597 others are also watching. Dracula on http://t.co/4w5vipz97l http://t.co/20heVSyh5h", "user": "MHerdez1972", "id": 399007963794661376}, {"text": "Just got today's #Dracula sticker. Get yours in the next 4h:1m. #GetGlue http://t.co/IwTksr2N1O #Dracula", "user": "MHerdez1972", "id": 399007960099487744}, {"text": "If you're watching #Dracula join me &amp; 4452 other fans on #GetGlue http://t.co/nJKqgqcoMN", "user": "LoraDye", "id": 399006974211551233}, {"text": "Just got this limited #Dracula sticker. Get yours now #GetGlue http://t.co/85tY97MWsI #Dracula", "user": "LoraDye", "id": 399006971397160960}, {"text": "Just got this limited #Dracula sticker. Get yours now #GetGlue http://t.co/7BCVfZ1v4V #Dracula", "user": "sweethillary85", "id": 399006858369060864}, {"text": "\"@DraculaNews: Less than ten minutes before #Dracula begins. Where are you? If you're on the east coast, turn on NBC.\"", "user": "evillyn29", "id": 399006841662750720}, {"text": "Just got this limited #Dracula sticker. Get yours now #GetGlue http://t.co/7UDO7donpu #Dracula", "user": "evhage", "id": 399006592181743616}, {"text": "Just got today's #Dracula sticker. Get yours in the next 4h:8m. #GetGlue http://t.co/WtoRZuizFQ #Dracula", "user": "AshanteScorpio", "id": 399006295346651136}, {"text": "Just got this limited #Dracula sticker. Get yours now #GetGlue http://t.co/Gt29bFPld6 #Dracula", "user": "rubirdz", "id": 399005967255621632}, {"text": "\"@NBCDracula: While you wait for #Dracula, check in on @getglue and claim your sticker: http://t.co/xy9mSInvyM\"", "user": "evillyn29", "id": 399005578460004353}, {"text": "Just got today's #Dracula sticker. Get yours in the next 4h:16m. #GetGlue http://t.co/qClBrTa89q #Dracula", "user": "jackslondon1888", "id": 399004396157423616}, {"text": "Johnathan Rhys Meyers using an American accent dilutes his hotness. #Dracula", "user": "BooksAreLovex3", "id": 399003422306738177}, {"text": "\"@NBCDracula: Less than one hour to go. Who\u2019s ready to sink their teeth into tonight\u2019s #Dracula?\"", "user": "evillyn29", "id": 399002725909663744}, {"text": "Just got today's #Dracula sticker. Get yours in the next 4h:35m. #GetGlue http://t.co/zh6x1ynEDT #Dracula", "user": "gonewiththeword", "id": 398999544639520768}, {"text": "Just got today's #Dracula sticker. Get yours in the next 4h:36m. #GetGlue http://t.co/CxNVTS14eG #Dracula", "user": "SuperDave959", "id": 398999377374900224}, {"text": "RT @laur_elliott: Dracula decided to show up @marclamanque http://t.co/y53nHrpLGJ", "user": "_KevynJohnson", "id": 398998716775796736}, {"text": "Photo: I just unlocked the Dracula: Goblin Merchant Men sticker on GetGlue 1475 others have also unlocked... http://t.co/mVDSXMUump", "user": "THIR13ENBONES", "id": 398998694735138816}, {"text": "Photo: I\u2019m watching Dracula 2846 others are also watching. Dracula on http://t.co/CbKXVishoi http://t.co/9DomQFktde", "user": "THIR13ENBONES", "id": 398998694030508032}, {"text": "RT @laur_elliott: Dracula decided to show up @marclamanque http://t.co/y53nHrpLGJ", "user": "paige_gentling", "id": 398998418820849664}, {"text": "Dracula decided to show up @marclamanque http://t.co/y53nHrpLGJ", "user": "laur_elliott", "id": 398998016775843840}, {"text": "It was a rough day for me! Gonna drink hot cocoa in bed &amp; snuggle my dogs while I watch Andy Warhol's BLOOD FOR DRACULA.", "user": "PriscillaRose", "id": 398997747375697920}, {"text": "Just got today's #Dracula sticker. Get yours in the next 4h:49m. #GetGlue http://t.co/VZ9hNp2aWW #Dracula", "user": "bevodog", "id": 398996088763719680}, {"text": "Watching episode 2 nice twist on the story with VanHelsing #Dracula #GetGlue http://t.co/8wAbEefvI7", "user": "bevodog", "id": 398996088331714560}, {"text": "Just got today's #Dracula sticker. Get yours in the next 4h:53m. #GetGlue http://t.co/9W08AQ2oYk #Dracula", "user": "xcitean", "id": 398995066381164544}, {"text": "Photo: I just unlocked the Dracula: Goblin Merchant Men sticker on GetGlue 592 others have also unlocked the... http://t.co/c6PGjFTJGf", "user": "divadrea75", "id": 398994895765245952}, {"text": "Photo: I\u2019m watching Dracula 1894 others are also watching. Dracula on http://t.co/z3HcVcXKI2 http://t.co/klxm0GDHX9", "user": "divadrea75", "id": 398994894595039232}, {"text": "Fan of #Dracula? Join me &amp; 1894 other fans now on #GetGlue http://t.co/60POcUmN8x", "user": "divadrea75", "id": 398994893118644225}, {"text": "Just got today's #Dracula sticker. Get yours in the next 4h:53m. #GetGlue http://t.co/Zg63wi7JiQ #Dracula", "user": "divadrea75", "id": 398994891071848448}, {"text": "Lets talk about this week's #Dracula on #GetGlue http://t.co/NxEScgxzoZ", "user": "tstanley0208", "id": 398994810901889024}, {"text": "Just got today's #Dracula sticker. Get yours in the next 4h:54m. #GetGlue http://t.co/mGYr5azu2E #Dracula", "user": "tstanley0208", "id": 398994809215795200}, {"text": "I'm watching #Dracula with 1894 other fans on #GetGlue http://t.co/AbbvP97nO2", "user": "ChefleFemme", "id": 398994782326112256}, {"text": "Pretty that guys head is in that case. #Dracula", "user": "Kourt17", "id": 398994520857391104}, {"text": "Just got today's #Dracula sticker. Get yours in the next 4h:59m. #GetGlue http://t.co/Et0fnqhRHR #Dracula", "user": "Rhettoric_1", "id": 398993412067950593}, {"text": "Fan of #Dracula? Join me &amp; 1206 other fans now on #GetGlue http://t.co/pINWHgGkP3", "user": "mikethemovieguy", "id": 398990247960518656}, {"text": "@AmyVRO @TheVRO We're trying @NBCDracula out. First episode. #Dracula http://t.co/VFlyVbOfM8", "user": "mikethemovieguy", "id": 398990039520006144}, {"text": "\"@NBCDracula: Nighttime is OUR time. #Dracula lurks closer\u2026\"", "user": "evillyn29", "id": 398989581598461952}, {"text": "Golly he's handsome #Dracula", "user": "Kourt17", "id": 398988771439697921}, {"text": "Here goes.....#Dracula", "user": "Kourt17", "id": 398988030415220736}, {"text": "I'm stuck on this #Dracula tv show. Besides @TrueBloodHBO This is the best vampire show I can watch", "user": "_InstaKill", "id": 398979290517082112}, {"text": "\"@DraculaNews: #Dracula fans! We'll be live-tweeting Episode 3 (Goblin Merchant Men) tonight at 10/9c. Will you be joining us?\"", "user": "evillyn29", "id": 398977879909728257}, {"text": "No plans tonight, thinking I might get caught up on Dracula..... Are we liking that show?", "user": "Kourt17", "id": 398976154419613697}, {"text": "\"@NBCDracula: #Dracula is on tonight AND it\u2019s Bram Stoker\u2019s birthday. #MustBeFate\"", "user": "evillyn29", "id": 398971982202421248}, {"text": "I'm watching Dracula (176 others are watching) http://t.co/zR8x6RP8xz #GetGlue @NBCDracula", "user": "Alexoxoxis", "id": 398966072415883264}, {"text": "I just voted for Dr\u00e1cula  #newtvdrama #PeoplesChoice. Retweet to vote http://t.co/gVsjLFFovU via @peopleschoice", "user": "Mini_Vampy", "id": 398957802284003328}, {"text": "\"@NBCDracula: Who\u2019s looking forward to see this smiling face tonight? #Dracula http://t.co/kXnWoMvBik\"", "user": "evillyn29", "id": 398957160253501440}, {"text": "\"@DraculaNews: Happy Birthday to the author of #Dracula, Bram Stoker (November 8, 1847) http://t.co/SDyTTEtNYR\"", "user": "evillyn29", "id": 398947730619265024}, {"text": "Can anybody explain to me what the song \u201cDracula From Houston\u201d has to do with Houston?", "user": "sa_craig", "id": 398946585876238336}, {"text": "I just voted for Dr\u00e1cula \u2665 #newtvdrama #PeoplesChoice. Retweet to vote http://t.co/gVsjLFFovU via @peopleschoice", "user": "Mini_Vampy", "id": 398945571324448769}, {"text": "I just voted for Dracula #newtvdrama #PeoplesChoice. Retweet to vote http://t.co/gVsjLFFovU via @peopleschoice", "user": "Mini_Vampy", "id": 398943191186956288}, {"text": "\"@NBCDracula: Tonight, journey 400 years to the past to see how #Dracula\u2019s story began. http://t.co/nWdbeXurcV\"", "user": "evillyn29", "id": 398935569461297152}, {"text": "Photo: Ok, if you insist! This has to be one of my favorite titles in the entire Hammer Dracula series. \u00a0It... http://t.co/vXswHUH88M", "user": "Zipdisk01", "id": 398924763822694400}, {"text": "@urstillmybff @MadScie77795704 @quilltr Mad should be landing in CA by now - long flight from Frankfurt!! In time to catch #Dracula", "user": "Way_of_The_Gun", "id": 398924069451464704}, {"text": "Video: The Trailer for 1970\u2019s Hammer Offering \u201cTaste The Blood Of Dracula\u201d. http://t.co/p9zKpmwerf", "user": "Zipdisk01", "id": 398924003479265280}, {"text": "It's the 166th Anniversary of the birth of Bram Stoker today. Honor his memory, don't watch NBC's Dracula.", "user": "Zipdisk01", "id": 398920483061522432}, {"text": "Photo: laurabirdsall: Book cover for Dracula by Bram Stoker http://t.co/vdiKBGK380", "user": "Zipdisk01", "id": 398910027257233408}, {"text": "Wassup with them hands tho *Shawn takes off shirt* @JaeeIs_SPEAKIN: Look at shawn count dracula lookin ass #deadbeatassfriend", "user": "Shawnfa_1", "id": 398903804336164865}, {"text": "@tabster_inc @jaevee84 @pitchie_peach \n\nMga darlings!, Dracula tonite and Miss Universe tomorrow, both on NBC", "user": "nolajosh2009", "id": 398898408179900416}, {"text": "RT @evillyn29: Dracula #newtvdrama #PeoplesChoice http://t.co/1i5uLFq4gi", "user": "spazmatic77", "id": 398886917552340992}, {"text": "Dracula #newtvdrama #PeoplesChoice http://t.co/1i5uLFq4gi", "user": "evillyn29", "id": 398886568003239936}, {"text": "\"@NBCDracula: Vlad Tepes becomes #Dracula TONIGHT. http://t.co/WKAfjyeJlL http://t.co/XrRfsvI1mW\"", "user": "evillyn29", "id": 398873155709595648}, {"text": "Bram Stoker, author of Dracula, was born on this day in 1847. Roger Luckhurst, editor of the Oxford World\u2019 \u2026 http://t.co/yOIGq2CXUm", "user": "jannadrescher", "id": 398829147654336512}, {"text": "I liked a @YouTube video http://t.co/gaep92BbhS Dracula - Jonathan Rhys Meyers - \"Cry Little Sister\"", "user": "loyalshanoah", "id": 398821252845928448}, {"text": "11/8/13  #BramStoker  Author of the book #Dracula was born November 8, 1847 http://t.co/ylgo4PSPMg", "user": "MarieKern1", "id": 398777698236895232}, {"text": "@NYCBaby we are not found of his American accent! #Dracula", "user": "WendyWaren", "id": 398764333116575744}, {"text": "Fan of #Dracula? Join me on #GetGlue http://t.co/cZfjakZytd", "user": "THIR13ENBONES", "id": 398739891632492544}, {"text": "Photoset: In the 1968 Hammer Film \u201cDracula Has Risen From The Grave\" Barbara Ewing plays Zena, a local... http://t.co/RD2H8o8tGC", "user": "Zipdisk01", "id": 398739341109121024}, {"text": "Lots of conversation about #Dracula happening on #GetGlue http://t.co/s8XSAQEs9h", "user": "SookieBillXOXO", "id": 398737115573682176}, {"text": "TV needs to stop romanticizing everything. Dracula a lover? He was a cold blooded sex-addicted killer with no heart. #stupidpeople", "user": "lucas_r_miller", "id": 398694393965588480}, {"text": "I just voted for Dracula  #newtvdrama #PeoplesChoice. Retweet to vote http://t.co/gVsjLFFovU via @peopleschoice", "user": "Mini_Vampy", "id": 398668522143752192}, {"text": "I just voted for Dracula' #newtvdrama #PeoplesChoice. Retweet to vote http://t.co/gVsjLFFovU via @peopleschoice", "user": "Mini_Vampy", "id": 398665691470905344}, {"text": "I just voted for Dr\u00e1cula ^,.,^ #newtvdrama #PeoplesChoice. Retweet to vote http://t.co/gVsjLFFovU via @peopleschoice", "user": "Mini_Vampy", "id": 398662857933324288}, {"text": "I just voted for Dr\u00e1cula ( Meu Mestre ) #newtvdrama #PeoplesChoice. Retweet to vote http://t.co/gVsjLFFovU via @peopleschoice", "user": "Mini_Vampy", "id": 398661943365337088}, {"text": "I just voted for Dr\u00e1cula \u2665 #newtvdrama #PeoplesChoice. Retweet to vote http://t.co/gVsjLFFovU via @peopleschoice", "user": "Mini_Vampy", "id": 398661615215579136}, {"text": "I just voted for Dracula #newtvdrama #PeoplesChoice. Retweet to vote http://t.co/gVsjLFFovU via @peopleschoice", "user": "Mini_Vampy", "id": 398661214944784384}, {"text": "Toledo is being very un-Toledo tonight. You don't fool me Dracula. I see you.", "user": "FCJayBird", "id": 398659162868948993}, {"text": "Get on her neck like Count Dracula", "user": "boogeymane_", "id": 398649146908737536}, {"text": "Photo: One thing that I would love them to do on NBC\u2019s \u201cDracula\" is have Quincey Morris show up, take one... http://t.co/6rDQG7F1B0", "user": "Zipdisk01", "id": 398641964171919360}, {"text": "Photo: vintagegal: The Count\u2019s brides in Dracula (1931) http://t.co/q0mQNsUSZJ", "user": "Zipdisk01", "id": 398631730980327424}, {"text": "RT @prettytiedup763: @NBCDracula It's almost Friday!!! Can't wait for the next episode of #Dracula !!", "user": "CountingStars29", "id": 398620900729163776}, {"text": "Watching Dracula On Demand. Love the new series. Ok love to look at Jonathan Rhys Meyers! Even with a bloody face \ud83d\udc8b", "user": "WendyMoon1", "id": 398617112878792704}, {"text": "@NBCDracula Trust no one! #Dracula", "user": "katie_casarez", "id": 398616378992644097}, {"text": "Video: The Trailer for one of Hammer\u2019s best Dracula sequels without Peter Cushing: \u201cDracula Has Risen From... http://t.co/PJVehxQSRj", "user": "Zipdisk01", "id": 398608534197530624}, {"text": "@garce78 I knowwwwwwww! I suck  more than Dracula D;", "user": "OhhhMyMichelle", "id": 398605609899016194}, {"text": "Video: The trailer for Hammer\u2019s \u201cDracula: Prince of Darkness\u201d. http://t.co/ESHrUSGT4y", "user": "Zipdisk01", "id": 398591650269638656}, {"text": "I would be more inclined to go into a creepy castle if someone were speaking sexy Spanish to me :P #Dracula #SpanishEdition #sla301", "user": "GabrielleAudI", "id": 398574566718447616}, {"text": "Blurred Lines and Dracula: \"You the tastiest bitch in this place!\" #sla301", "user": "GabrielleAudI", "id": 398573693648924672}, {"text": "Watching Dracula get blood-horny and trying to suck Jonathan's hand.  Blurred lines, anyone?  #sla301", "user": "GabrielleAudI", "id": 398571854715035648}, {"text": "homeboy is trippin #Dracula #Sla301", "user": "OhhhMyMichelle", "id": 398568325971599360}, {"text": "Photoset: The sad, tragic story of Dracula, his bride and the man who came between them. It turns out ok... http://t.co/5TM63rSeuM", "user": "Zipdisk01", "id": 398567619311448064}, {"text": "Lets talk about #Dracula on #GetGlue http://t.co/wBpKV6SEfH", "user": "Kajunwytch", "id": 398567353870729216}, {"text": "Catching up on #Dracula. Did you watch it? #GetGlue http://t.co/wBpKV6SEfH", "user": "Kajunwytch", "id": 398566881684365312}, {"text": "Video: The trailer for Hammer\u2019s \u201cDracula\" from 1958. http://t.co/BuujbMrA5a", "user": "Zipdisk01", "id": 398563332669857794}, {"text": "Photoset: The main cast of Hammer\u2019s \u201cDracula\" renamed \"Horror of Dracula\" for US distribution. And those... http://t.co/FYupQI3lfi", "user": "Zipdisk01", "id": 398562827142971392}, {"text": "Why, yes. Of course, I've been watching #Dracula! 1st epi. was okay. 2nd was great. Jonathan Rhys Meyers does a... http://t.co/jep8Q7mItO", "user": "DiceyGrenor", "id": 398549693564977152}, {"text": "I want some really obnoxious black lipstick , Id like to pretend I'm Dracula for at least one night", "user": "zignawls", "id": 398536314561114112}, {"text": "@nikizMMGog BIGFOOT LOCHNESS THE MUMMY DRACULA. IMAMONSTER", "user": "ponchis_g", "id": 398533974114324480}, {"text": "Well hello there!\ud83d\ude09 _haleylyons 0ilfi3ldtrashh wamesjood jessicaroseee7 @Dracula_Said @daynamau5\u2026 http://t.co/VaryLHDZ4D", "user": "madisonhope17", "id": 398528678139019264}, {"text": "\"@NBCDracula: Will #Dracula win over Mina? http://t.co/7zInx2ISxc\"", "user": "Lolitas_Love", "id": 398526995375480833}, {"text": "RT @Marcmywords2: If Bram Stoker had known ,\nthat Dracula would eventually \nlead to The Vampire Diaries,\nhe'd a driven a stake through\nhis \u2026", "user": "SiggyMD", "id": 398515575065833472}, {"text": "RT @Marcmywords2: If Bram Stoker had known ,\nthat Dracula would eventually \nlead to The Vampire Diaries,\nhe'd a driven a stake through\nhis \u2026", "user": "neonorchid1", "id": 398514846083198976}, {"text": "@legallyblonde Well, #Dracula is boring. Sadly. AHS isn't boring so much as maddeningly offensive.", "user": "queenkandis", "id": 398511246460211200}, {"text": "@TOM_B_KNIGHT @Homeraknight \n\nProud of my boi back on set filming Dracula !!! http://t.co/dyg0uipffz", "user": "_THE__ONE", "id": 398486761095307264}, {"text": "@NBCDracula It's almost Friday!!! Can't wait for the next episode of #Dracula !!", "user": "prettytiedup763", "id": 398452665740304385}, {"text": "RT @AbeMorelli: Happy birthday to the homie @DominicEngolia !!!! \ud83c\udf89\ud83c\udf8a\ud83c\udf89 #mynigga #dracula #zooley", "user": "DominicEngolia", "id": 398451790653300736}, {"text": "Happy birthday to the homie @DominicEngolia !!!! \ud83c\udf89\ud83c\udf8a\ud83c\udf89 #mynigga #dracula #zooley", "user": "AbeMorelli", "id": 398451734173216768}, {"text": "Photo: Yvonna Monlaur on the cover of Picture Show magazine promoting \u201cThe Brides of Dracula\u201d. http://t.co/R1hixrgSo7", "user": "Zipdisk01", "id": 398411867728908288}, {"text": "Photoset: Yvonne Monlaur as Marianne Danielle in Hammer\u2019s \u201cBrides of Dracula\u201d http://t.co/HXTMU0SgrP", "user": "Zipdisk01", "id": 398411534239801345}, {"text": "@amandareid @queenkandis yeah, that was me getting all confused about the Trueblood guy being Dracula. I'm bad at TV", "user": "heatherini", "id": 398373794584068097}, {"text": "I want to go to dracula's castle in Transylvania they say its haunted whos down", "user": "SpaceGod_2011", "id": 398325025129779200}, {"text": "RT @Marcmywords2: If Bram Stoker had known ,\nthat Dracula would eventually \nlead to The Vampire Diaries,\nhe'd a driven a stake through\nhis \u2026", "user": "DangerFink", "id": 398320811389378560}, {"text": "RT @Marcmywords2: If Bram Stoker had known ,\nthat Dracula would eventually \nlead to The Vampire Diaries,\nhe'd a driven a stake through\nhis \u2026", "user": "NatelleZiegler", "id": 398308914799710208}, {"text": "im a cool ass dracula", "user": "teenpizzagenius", "id": 398304225660125184}, {"text": "Dat Dracula voice doe", "user": "Sheilamariegt", "id": 398293989125677056}, {"text": "RT @Marcmywords2: If Bram Stoker had known ,\nthat Dracula would eventually \nlead to The Vampire Diaries,\nhe'd a driven a stake through\nhis \u2026", "user": "Lilwickidz", "id": 398291552684236800}, {"text": "RT @TheBrofessor_: Neck neck like a Dracula", "user": "JoshDeli", "id": 398289794012151808}, {"text": "Neck neck like a Dracula", "user": "TheBrofessor_", "id": 398288885345562624}, {"text": "RT @Marcmywords2: If Bram Stoker had known ,\nthat Dracula would eventually \nlead to The Vampire Diaries,\nhe'd a driven a stake through\nhis \u2026", "user": "aura_birdie", "id": 398288580344160256}, {"text": "@Elifkergen @urstillmybff @NBCDracula @DraculaNews Grayson as a life coach in #Dracula lol", "user": "Way_of_The_Gun", "id": 398284127213858816}, {"text": "i get it y'all \"count rackula \"\ud83d\ude02 not \"count dracula\" y'all get it ? no ? ok fuck y'all \ud83d\ude12", "user": "TracyAnn_", "id": 398277607805820929}, {"text": "Just found out who plays the new Dracula. I had to hold my breath so my squeals of excitement didn't wake the madre. Omg. Must watch this.", "user": "BooksAreLovex3", "id": 398277586230317056}, {"text": "RT @Way_of_The_Gun: @urstillmybff I think we can be certain #Lucy will be wearing something pink or red in #Dracula Wait a sec...blue?? htt\u2026", "user": "urstillmybff", "id": 398277355933679616}, {"text": "RT @Marcmywords2: If Bram Stoker had known ,\nthat Dracula would eventually \nlead to The Vampire Diaries,\nhe'd a driven a stake through\nhis \u2026", "user": "BigBroYo", "id": 398275998640111619}, {"text": "@urstillmybff I think we can be certain #Lucy will be wearing something pink or red in #Dracula Wait a sec...blue?? http://t.co/OVMqThCPEN", "user": "Way_of_The_Gun", "id": 398274544399429632}, {"text": "For the Gothic Heroine: Obvious Foreshadowing Speech for followers who don't have a New Annotated Dracula -... http://t.co/3TQj6MV1rq", "user": "Zipdisk01", "id": 398271987757629440}, {"text": "That Dracula show", "user": "Matluvsyou", "id": 398271527587549184}, {"text": "RT @Marcmywords2: If Bram Stoker had known ,\nthat Dracula would eventually \nlead to The Vampire Diaries,\nhe'd a driven a stake through\nhis \u2026", "user": "No1_8769", "id": 398265129487572993}, {"text": "RT @Marcmywords2: If Bram Stoker had known ,\nthat Dracula would eventually \nlead to The Vampire Diaries,\nhe'd a driven a stake through\nhis \u2026", "user": "socio_atheist", "id": 398263459881578496}, {"text": "RT @Marcmywords2: If Bram Stoker had known ,\nthat Dracula would eventually \nlead to The Vampire Diaries,\nhe'd a driven a stake through\nhis \u2026", "user": "VinitaKayRay68", "id": 398263246257283074}, {"text": "RT @Marcmywords2: If Bram Stoker had known ,\nthat Dracula would eventually \nlead to The Vampire Diaries,\nhe'd a driven a stake through\nhis \u2026", "user": "espeandgio", "id": 398262109005676544}, {"text": "If Bram Stoker had known ,\nthat Dracula would eventually \nlead to The Vampire Diaries,\nhe'd a driven a stake through\nhis own heart.", "user": "Marcmywords2", "id": 398261944211103744}, {"text": "\" 1992: Dracula used to drink virgins girls blood.\n\n2013: He died of thirst.\"", "user": "_lil_joe_", "id": 398260820338958336}, {"text": "Chente: With my Dracula costume #Halloween #Dracula #Chihuahua #Dog #Instadog #PictureOfTheDay\u2026 http://t.co/AJJ4B4ec1m", "user": "ivettepetite", "id": 398260461646663680}, {"text": "@Loudwire you should have taken the Dracula video from festivals of the wicked. Also don't ignore Stu Block doing Burning Times.", "user": "BrimstoneJared", "id": 398232888262418433}, {"text": "I just voted for Dracula #newtvdrama #PeoplesChoice. Retweet to vote http://t.co/hprect1JwA via @peopleschoice", "user": "BellaLyra", "id": 398206913097129984}, {"text": "I'm at the bar with a Dracula ordering bloody mary's", "user": "Bestrapper713", "id": 398205493056790528}, {"text": "Fan of #Dracula? Join me on #GetGlue http://t.co/wyj5g6yfro", "user": "jontlaw", "id": 398198591627730944}, {"text": "\"@NBCDracula: \u201cEvery man has a dark side.\u201d #Dracula\"", "user": "stargazergsd", "id": 398192941799194624}, {"text": "Count Dracula \u201c@Chiamakaaa_: Its the little things that count\u201d", "user": "Gift_YB", "id": 398190575406428160}, {"text": "@urstillmybff Interesting - got an email from iTunes advising me to re-Download the Dracula Pilot as the first copy I D/L might be corrupt!", "user": "Way_of_The_Gun", "id": 398175208051191808}, {"text": "Trying to catch up with Alexander Grayson #dracula", "user": "dgravy88", "id": 398161975416324096}, {"text": "Bram stokers Dracula and cereal:)", "user": "monssttaahh", "id": 398138830466727936}, {"text": "What's going on SA? Jonathan Rhys Meyers On Bringing 'Dracula' Back To Life - Huffington... http://t.co/8eCrDhlL3J http://t.co/YqnVPj1Rwc", "user": "SAoGoing", "id": 398113441015033857}, {"text": "@JessicaTheBuzz I want the rockets tickets...", "user": "Dracula_3G", "id": 398105110859218944}, {"text": "\u201c@NewYorker: \"A Dracula in reverse, he was most fully real in his reflections.\" Peter Schjeldahl on Norman Rockwell: http://t.co/OVBiX3ikkS\u201d", "user": "_MichaelFry", "id": 398079130740072448}, {"text": "What's going on SA? Jonathan Rhys Meyers On Bringing 'Dracula' Back To Life - Huffington... http://t.co/xyihnUc6j1 http://t.co/YqnVPj1Rwc", "user": "SAoGoing", "id": 398067700737396736}]