[{"text": "@purple_moon123 Same. Hockey, The Voice, wrestling, paranormal shows, &amp; the I.D. Network.I'm waiting for Shameless and Game of Thrones.Heh.", "user": "EBHockeyFan25", "id": 400812556521963520}, {"text": "RT @thedailytexan: The fourth season of \"Game of Thrones\" (and winter) is coming.: http://t.co/mWXYGbjrHp", "user": "GoThrones_BOT", "id": 400810934584999937}, {"text": "RT @thedailytexan: The fourth season of \"Game of Thrones\" (and winter) is coming.: http://t.co/mWXYGbjrHp", "user": "jfloresjr_33", "id": 400810782419468288}, {"text": "RT @thedailytexan: The fourth season of \"Game of Thrones\" (and winter) is coming.: http://t.co/mWXYGbjrHp", "user": "dsackllah", "id": 400810659543121920}, {"text": "The fourth season of \"Game of Thrones\" (and winter) is coming.: http://t.co/mWXYGbjrHp", "user": "thedailytexan", "id": 400810475320926210}, {"text": "RT @enoughalready21: Ian Somerhalder #scifiactor #PeoplesChoice Iron Man 3 #actionmovie #PeoplesChoice Game of Thrones #premiumcabletv #Peo\u2026", "user": "DelenaRoyalties", "id": 400806568125427712}, {"text": "Ian Somerhalder #scifiactor #PeoplesChoice Iron Man 3 #actionmovie #PeoplesChoice Game of Thrones #premiumcabletv #PeoplesChoice", "user": "enoughalready21", "id": 400806472721772544}, {"text": "@Kate_Baldwin Game of thrones is ver violent and you love it! :O", "user": "pacobaggins", "id": 400804902298845184}, {"text": "I'm drinking a Game Of Thrones Take The Black Stout from @BreweryOmmegang  http://t.co/SH47JbQcpW http://t.co/ZmmppMjrCG", "user": "noahphex", "id": 400787135646547968}, {"text": "What better to do when you're sick than to watch the entire first season of Game of Thrones?", "user": "Abby__Ross", "id": 400780452619116544}, {"text": "Can Game of Thrones come back already", "user": "Landry_Says", "id": 400778807721746432}, {"text": "Watching Game of Thrones again after I've read all the books, makes it even more mind blowing.", "user": "Broon01", "id": 400764613442420736}, {"text": "Here Are The 21 New Characters And The Actors Who Play Them In \u2018Game Of Thrones\u2019 Season Four http://t.co/44eREvFOce via @UPROXX", "user": "StephieInTexas", "id": 400732873885356032}, {"text": "@RALxTweets game of thrones!", "user": "DLovveMusic", "id": 400729039687516160}, {"text": "RT @gcdoc362: @missandela Wanna play Game of Thrones Ascent? http://t.co/5i0ZwMkq8L", "user": "GoThrones_BOT", "id": 400717901692694528}, {"text": "@missandela Wanna play Game of Thrones Ascent? http://t.co/5i0ZwMkq8L", "user": "gcdoc362", "id": 400717525370957824}, {"text": "@UPROXX to the contrary, I actually figured out Scandal is just Game of Thrones in Washington, D.C. Explains everything.", "user": "jonnmolina", "id": 400691130766860288}, {"text": "I feel like watching Game of Thrones :/", "user": "Josh8Bacon", "id": 400683917436391424}, {"text": "If you've never watched Game of Thrones, you're totally missing out.", "user": "cbeezyyyy", "id": 400672667344183296}, {"text": "#wcw so ready for Game of Thrones to be back. http://t.co/q140ld4YQg", "user": "aamandacownss", "id": 400670806348288000}, {"text": "I have cork, I have glue, I have these marvelous logos http://t.co/p5nL1gDeic printed out- DIY coasters (http://t.co/9Yb14QbpLQ) here I come", "user": "wildflower182", "id": 400660010633420800}, {"text": "Game of thrones needs to start soon \ud83d\ude12", "user": "rosalia_ochoa", "id": 400658819987959808}, {"text": "I miss game of thrones\n#season4", "user": "Heisenberg200", "id": 400651846877847552}, {"text": "@TaraLynnHajer hahaha oh my gosh yes! I miss Game of Thrones so much right now.", "user": "heathertea", "id": 400651027902246912}, {"text": "George R.R. Martin Would Prefer It If No One Else Wrote About Game Of Thrones. Ever. http://t.co/YFhHg6zV9D via @TheMarySue", "user": "BeabeThompson", "id": 400624491891408896}, {"text": "RT @SimonFacts: Sometimes I lay awake for hours at night and dream of a Game Of Thrones/Trailer Park Boys crossover", "user": "GoThrones_BOT", "id": 400612130267070464}, {"text": "Sometimes I lay awake for hours at night and dream of a Game Of Thrones/Trailer Park Boys crossover", "user": "SimonFacts", "id": 400612031080181760}, {"text": "Foto\u011fraf alb\u00fcm\u00fc: Game of Thrones gifset per episode \u00bb 3.01 Valar Dohaeris \u21b3 \u201cThe truth is always either... http://t.co/YZQVwnOkUr", "user": "flawless_logan", "id": 400586611815354368}, {"text": "Here come the... http://t.co/PrGVULLwmA", "user": "fbarrera88", "id": 400553979999834113}, {"text": "Can we get #billybudd cast in some role on game of thrones? C'mon i love Terrance Howard!", "user": "JOHNtheREVELATR", "id": 400551840963510272}, {"text": "@GoThrones_BOT How cool is this - Game of Thrones game... Love that you RT for us.  We will have to check out the game.  Thanks!", "user": "TXHorseRescue", "id": 400543852307570689}, {"text": "RT @TXHorseRescue: @ecoDinu Thank you for the RTs - we love animal activists and Game of Thrones so we have a lot in common.  We appreciate\u2026", "user": "GoThrones_BOT", "id": 400541742845673472}, {"text": "@ecoDinu Thank you for the RTs - we love animal activists and Game of Thrones so we have a lot in common.  We appreciate you!", "user": "TXHorseRescue", "id": 400541475601006592}, {"text": "Here Are The 21 New Characters And The Actors Who Play Them In \u2018Game Of Thrones\u2019 Season Four http://t.co/eVS05apf6d via @UPROXX", "user": "TinkerSean", "id": 400540099143684096}, {"text": "Photo: I\u2019m watching Game of Thrones \u201cRobert and I finished the last 2 episodes last night. And I still can\u2019t... http://t.co/B1lPmuFPoD", "user": "SplatterGore", "id": 400535759608107008}, {"text": "That looks amazing...yum! \u201c@karaswisher: Walt always orders a Game of Thrones haunch of meat when we dine. @ Coqueta http://t.co/fuaUQplkSw\u201d", "user": "jimhillhouse", "id": 400535111151546368}, {"text": "damn, definitely feeling very sentimental right now.. I haven't felt like this in a cool minute. Game of thrones &amp; love songs for the night", "user": "basedgodsboner", "id": 400516799382290432}, {"text": "Game of Thrones book 1 is only 2.90$ on Amazon right now! I just got it. 71% discount!", "user": "msbadunkudunk", "id": 400505357190979584}, {"text": "RT @hellosugah: Game of Thrones House Baratheon Stag Pendant (Green) http://t.co/ytsTQUHQBC #got", "user": "GoThrones_BOT", "id": 400501464789155840}, {"text": "Game of Thrones House Lannister Lion Pendant (Red-Gold) http://t.co/wiPPeOurmt #got #lannister", "user": "hellosugah", "id": 400501429376253952}, {"text": "Game of Thrones House Baratheon Stag Pendant (Green) http://t.co/ytsTQUHQBC #got", "user": "hellosugah", "id": 400501361835376640}, {"text": "Game of Thrones House Stark Direwolf Pendant (Blue) http://t.co/KwWD4zwD3C #got #stark", "user": "hellosugah", "id": 400500972482359296}, {"text": "Game of Thrones Cersei Lannister Lion Pendant Necklace http://t.co/k22eWqJmgi  #got #lannister", "user": "hellosugah", "id": 400500901766373376}, {"text": "Game of Thrones House Targaryen Dragon Pendant (Red) http://t.co/QOfl3HfODh #got", "user": "hellosugah", "id": 400500718731132928}, {"text": "Game of Thrones House Baratheon Lannister Stark Targaryen Pendant Set http://t.co/MqtXLImmel #got", "user": "hellosugah", "id": 400500507539566592}, {"text": "RT @calripkenboy08: So David Benioff was one of the creators Game of Thrones. That's awesome.", "user": "GoThrones_BOT", "id": 400494358312779776}, {"text": "So David Benioff was one of the creators Game of Thrones. That's awesome.", "user": "calripkenboy08", "id": 400494275592335360}, {"text": "@lschin12 Here's some more. http://t.co/ydLSqIdHB7", "user": "nwahs086", "id": 400488067825299456}, {"text": "Here Are The 21 New Characters And The Actors Who Play Them In \u2018Game Of Thrones\u2019 Season Four http://t.co/ho7ventZuj", "user": "nwahs086", "id": 400486932678840321}, {"text": "RT @nwahs086: MARK GATISS IS IN GAME OF THRONES SEASON 4!", "user": "GoThrones_BOT", "id": 400486337817899009}, {"text": "MARK GATISS IS IN GAME OF THRONES SEASON 4!", "user": "nwahs086", "id": 400486212885942272}, {"text": "#CheapReads A Game of Thrones: A Song of Ice and Fire: Book One by  George R. R. Martin http://t.co/l1ln3gi6v2", "user": "1DeenaRae", "id": 400478250012790784}, {"text": "Been rewatching Game of Thrones with my dad all day... Everytime I see the Red Wedding it's like getting stabbed in the feels.", "user": "Heeroik", "id": 400453237645406208}, {"text": "RT @X210JUGGALOX: THANKS TO MY COUSIN st00evenbear FOR BRINGING ME TO THE FLYING SAUCER FOR THE GAME OF THRONES BEER &amp;\u2026 http://t.co/7iwLpjC\u2026", "user": "GoThrones_BOT", "id": 400439484095139840}, {"text": "THANKS TO MY COUSIN st00evenbear FOR BRINGING ME TO THE FLYING SAUCER FOR THE GAME OF THRONES BEER &amp;\u2026 http://t.co/7iwLpjCko0", "user": "X210JUGGALOX", "id": 400439408127926272}, {"text": "I drink this, and suddenly I know nothing. - Drinking a Game Of Thrones - Take The Black Stout by @BreweryOmmegang - http://t.co/hpJUtHrsWa", "user": "Weaktwos", "id": 400438217302097920}, {"text": "20 minute conversation comparing Harry Potter to Game of Thrones.", "user": "VRutledge88", "id": 400432545109532672}, {"text": "RT @courtneyt8: I just bought the Game of Thrones series to read because Winter is clearly coming..", "user": "GoThrones_BOT", "id": 400425851051081728}, {"text": "I just bought the Game of Thrones series to read because Winter is clearly coming..", "user": "courtneyt8", "id": 400425747695013888}, {"text": "Don't know whether to read game of thrones or stab self in face with pencil", "user": "p1zzahutch", "id": 400412508366049280}, {"text": "@gabsaguiar tipo ver game of thrones e the walking dead, altamente viciantes, aehuaheu", "user": "kaiooalves", "id": 400394528793690112}, {"text": "All Game of Thrones fans will enjoy this fun prequel comic, The Hedge Knight: http://t.co/FK6188jYU9 First in Tales of Dunk and Egg series.", "user": "StephenWRhodes", "id": 400390454245486592}, {"text": "I'd rather be watching Game of Thrones.", "user": "LittleleagueGA", "id": 400386589710643200}, {"text": ".@bellberries @compactninja @PenguPi\u00a0RT @SpaceCityCon Gethin Anthony (Renly Baratheon) rounds out our Game of Thrones cast appearing!", "user": "ShadyMcDougal", "id": 400368702316507137}, {"text": "@Big_Daddy_Bass do you even play the game of the thrones?", "user": "reyj0aquin", "id": 400344380826849280}, {"text": "George R.R. Martin Would Prefer It If No One Else Wrote About Game Of Thrones. Ever. http://t.co/FoazlqC6fu via @TheMarySue", "user": "Amandapandaduh", "id": 400340603898056704}, {"text": "@benkimball We kind of hope all. Although, we would also be happy with Game of Thrones Impala owners naming their cars Joffrey.", "user": "CrenwelgeCDJR", "id": 400331265800294400}, {"text": "All The New Characters In Season Four Of 'Game Of Thrones' http://t.co/Sw0uRZWM3z via @Digg #TwitterNewsChat", "user": "DarrellThomas11", "id": 400299939869106176}, {"text": "RT @chaoticmoon: Game of Thrones meets Dale Carnegie. http://t.co/iy4jEo3pUk", "user": "Steven_Marple", "id": 400296796817489920}, {"text": "Game of Thrones meets Dale Carnegie. http://t.co/iy4jEo3pUk", "user": "chaoticmoon", "id": 400284790739320832}, {"text": "I gave @pintworks +K about Game of Thrones on @klout http://t.co/FTxRTOM4qT", "user": "kzarr", "id": 400276272808333314}, {"text": "Njoyin Game of Thrones series wth poo @spidey_ro", "user": "lizzylovespiano", "id": 400274239044861953}, {"text": "RT @OriginalsDesire: Game Of Thrones \u2661", "user": "reignroyals", "id": 400200406086594560}, {"text": "RT @OriginalsDesire: Game Of Thrones \u2661", "user": "feeHpaiiva", "id": 400198521393262592}, {"text": "RT @OriginalsDesire: Game Of Thrones \u2661", "user": "GoThrones_BOT", "id": 400198471984349184}, {"text": "Game Of Thrones \u2661", "user": "OriginalsDesire", "id": 400198323685978114}, {"text": "I finally watched THE episode of Game of Thrones that everyone talks about... WHHYYYYYYYYYYYYYYYYY!?????!!!!?????!!! #hateliferightnow", "user": "JacobSingletary", "id": 400175825301274625}, {"text": "4 months until game of thrones season 3 I am getting ridiculously excited already", "user": "Jemma_Isabel", "id": 400163493682626560}, {"text": "Winter is Coming, So Here are Some #GAMEOFTHRONES Hoodies \u2014 GeekTyrant http://t.co/60aFoDuJoP via @GeekTyrant", "user": "mikethemovieguy", "id": 400148195138752512}, {"text": "@Soulshaker007 good choice thought. Game of Thrones is the best. @BrianRathbone", "user": "elisanuckle", "id": 400138873268760576}, {"text": "Took a 3 hour nap, and still ended up finishing 4 assignments before 12 AM. Time to catch up on some Game of Thrones!", "user": "sobianooor", "id": 400138281037201408}, {"text": "Now we're all caught up watching Game of Thrones.", "user": "animeresearch", "id": 400130911900946432}, {"text": "I love getting people hooked on Game of Thrones", "user": "EliStephens32", "id": 400128698000474112}, {"text": "@monkeyonurback ves game of thrones eres de los lannisters o ke onda?", "user": "wildmonky7", "id": 400128075456708609}, {"text": "@gooselyloose I been watching game of thrones since the first episode. Walking dead isn't shit compared to the blacklist", "user": "KyleBlanc9", "id": 400117923827564544}, {"text": "RT @Donnamour1969: @mattgossen Ha! A Game of Thrones virgin...I envy you the great ride you're about to have :)", "user": "laubelle88", "id": 400117838213414912}, {"text": "RT @Dr_BeefCake: I wish game of thrones was about to start up again :(", "user": "GoThrones_BOT", "id": 400116893732069376}, {"text": "I wish game of thrones was about to start up again :(", "user": "Dr_BeefCake", "id": 400116752496861184}, {"text": "@mattgossen Ha! A Game of Thrones virgin...I envy you the great ride you're about to have :)", "user": "Donnamour1969", "id": 400112678955282434}, {"text": "RT @obiiwanjacobi: I want to be able to watch game of thrones againnnnn", "user": "TristanFreitas", "id": 400107800845877248}, {"text": ".... FINALLY finished Game of Thrones. Onto Clash of Kings.", "user": "CheeseHooves", "id": 400107712916107264}, {"text": "RT @RichyBruh: @thefoxybaker Game of Thrones.", "user": "GoThrones_BOT", "id": 400099137355800576}, {"text": "@thefoxybaker Game of Thrones.", "user": "RichyBruh", "id": 400099046905241601}, {"text": "I want Game of Thrones Season 4 to start already. PLEASE! #hbo #gameofthrones #absolutlefavoriteshow", "user": "em__benavides", "id": 400095168180662273}, {"text": "RT @NiHaoHaylie: Vampires are stealing babies in season 3 of Buffy and it's too much like Game of Thrones and now all I can think if is Red\u2026", "user": "GoThrones_BOT", "id": 400091204169510912}, {"text": "Vampires are stealing babies in season 3 of Buffy and it's too much like Game of Thrones and now all I can think if is Red Wedding GOD WHY!!", "user": "NiHaoHaylie", "id": 400091070001721344}, {"text": "RT @obiiwanjacobi: I want to be able to watch game of thrones againnnnn", "user": "GoThrones_BOT", "id": 400086206064893953}, {"text": "RT @obiiwanjacobi: I want to be able to watch game of thrones againnnnn", "user": "BenjiBlanchard", "id": 400086122388520960}, {"text": "Why is Game of Thrones still so far away?!", "user": "_TheBecca", "id": 400085799942631424}, {"text": "I want to be able to watch game of thrones againnnnn", "user": "obiiwanjacobi", "id": 400080676931653632}, {"text": "@jennamille12 @peopleschoice Game of Thrones has this. Hands down. #winteriscoming", "user": "Andrew_tx5", "id": 400076827055493120}, {"text": "@IdeasAtTheHouse Hi! I was wondering if any pictures/videos from the Game of Thrones event will be available at some point?", "user": "averyintheopen", "id": 400046643434635264}, {"text": "@naughtywriter2: I was curious about \"Game of Thrones,\" so I downloaded all the books on my Nook and read them. Interesting.", "user": "lawyerbennett", "id": 400016859036401667}, {"text": "RT @Sakwah_Apdoul: T33n wolf \"@mss_aysaah: \u201c@Rahma_sadau: \"@Questionnier_: Your favourite series movie ? The Vampire Diaries!\u201d Game of thro\u2026", "user": "m_deekay", "id": 400010494779850752}, {"text": "T33n wolf \"@mss_aysaah: \u201c@Rahma_sadau: \"@Questionnier_: Your favourite series movie ? The Vampire Diaries!\u201d Game of thrones\"", "user": "Sakwah_Apdoul", "id": 400009834650955776}, {"text": "When should I start studying? I just want to get back to watching Game Of Thrones. 2 more episodes till I finish season one. Shit is real.", "user": "JosephAPadilla", "id": 400009645236178944}, {"text": "I've been watching way too much Game of Thrones.. http://t.co/HIXuFc8KL9", "user": "hcormier2", "id": 399997957048901632}, {"text": "I think I'm gonna start Game of Thrones Season 2 this week. Gotta find a good recap somewhere bc it's been a minute", "user": "SistahSarcasm", "id": 399996215602851840}, {"text": "Game of Thrones Fan? Pick up the first 5 books for Kindle for $22. http://t.co/b20zZUHhAJ", "user": "Aurash91", "id": 399994018475810817}, {"text": "@KarisFord1 Love Game of Thrones!", "user": "clarissam92", "id": 399984386915184640}, {"text": "My astronomy professor knows how to teach. He always finds a way to put Star Wars, Game of Thrones, Dr.Who, Star Trek,etc. #teacheroftheyear", "user": "Lewis66211568", "id": 399979772992032768}, {"text": "\"I don't wanna be in the Game of Thrones.. Unless there are naked woken every 45 seconds!\"", "user": "Adairboy1", "id": 399971526965227520}, {"text": "Tales of Dunk and Egg Book 1: The Hedge Knight is a must read for Game of Thrones fans! http://t.co/FK6188jYU9", "user": "StephenWRhodes", "id": 399964134550159360}, {"text": "Alright! I got the right disc coming in for Game of Thrones this time! \ud83d\udc4f", "user": "buggins42384", "id": 399962043429552128}, {"text": "Game of Thrones Season 3 Film Site, also Gladiator, Lawrence of Arabia #aitbenhadou #khaleesi #morocco http://t.co/jUdDz4VOvc", "user": "itsmemallory", "id": 399961958444978177}, {"text": "I need a website to watch GOT (game of thrones) on.... HELP", "user": "truudhruu", "id": 399956570395529216}, {"text": "I'm honestly tired of waiting for Game of Thrones to come back...it needs to hurry up", "user": "ktortuga12", "id": 399955628354842624}, {"text": "RT @sarahbaucom: My TV watching ranges from Spongebob to Game of Thrones to Andy Griffith. #WhatsADemographic", "user": "GoThrones_BOT", "id": 399955411744595968}, {"text": "My TV watching ranges from Spongebob to Game of Thrones to Andy Griffith. #WhatsADemographic", "user": "sarahbaucom", "id": 399955338507866112}, {"text": "I'm FINALLY watching the Sunday's Game of Thrones episode! :)", "user": "AdamBradm", "id": 399954535466012673}, {"text": "When is 'Game of Thrones' coming back on thoe??", "user": "angie_goodwood", "id": 399948232328892416}, {"text": "I went to type 'Game of Shadows' and wrote 'Game of Thrones' instead. xD Wonder what show I'm wait for.", "user": "SandyCharlotteo", "id": 399946720127094784}, {"text": "RT @amnesiac618: 140 characters? What is this, Game of Thrones? Haha, go fuck myself.", "user": "lacruda666", "id": 399917686039130112}, {"text": "RT @ArielZambrano: When is Game of Thrones coming back on?!?", "user": "davidsaantiago", "id": 399896243960545280}, {"text": "@knightessrouge Nothing like sitting with your mom.. watching Game of Thrones... as a child is pushed out thru a window of a tower.. :P", "user": "DuffBrian", "id": 399892278925221888}, {"text": "5 of 5 stars to A Game of Thrones by George R.R. Martin http://t.co/9EfTETPSUd", "user": "thesunsux", "id": 399872102351634432}, {"text": "140 characters? What is this, Game of Thrones? Haha, go fuck myself.", "user": "amnesiac618", "id": 399798837566402560}, {"text": "@SergioElidiel lol it's from game of thrones", "user": "spicyWIENNER69", "id": 399791270953889792}, {"text": "last ep of game of thrones season 1", "user": "rossorsak", "id": 399787565756076032}, {"text": "Can't stop watching Game of Thrones... It's like LOTR on meth", "user": "chris_BROwen", "id": 399774217178079232}, {"text": "Game of Thrones: Emilia Clarke Twitter Congrats: http://t.co/ipMAsq8vUI via @youtube", "user": "EnergiaAtomit", "id": 399771315562762240}, {"text": "RT @ognificent: Game of Thrones needs to go ahead and make an appearance", "user": "bahnessaxo", "id": 399769564361551872}, {"text": "RT @ognificent: Game of Thrones needs to go ahead and make an appearance", "user": "GoThrones_BOT", "id": 399769481146142720}, {"text": "Game of Thrones needs to go ahead and make an appearance", "user": "ognificent", "id": 399769216825692160}, {"text": "How 'Game Of Thrones' Influenced 'Thor 2' - You could really tell Alan Taylor\u2019s influence on this film. I... http://t.co/nqbnjh1bst", "user": "amedievalgenius", "id": 399759493866987520}, {"text": "Soooo, The Hunger Games and Game of Thrones are the same thing, right?", "user": "rainarose", "id": 399757973037129728}, {"text": "game of thrones marathon", "user": "StephieInTexas", "id": 399748350263582720}, {"text": "RT @pauliedigi: For all of the Game of Thrones nerrrds (@almamc0701)... Check out our new twitter bot - @ASOIAFreddit", "user": "almamc0701", "id": 399745436946157568}, {"text": "RT @nik_ree: i'm tired of football. is it time for game of thrones yet?", "user": "GoThrones_BOT", "id": 399742955051048960}, {"text": "i'm tired of football. is it time for game of thrones yet?", "user": "nik_ree", "id": 399742861299564544}, {"text": "For all of the Game of Thrones nerrrds (@almamc0701)... Check out our new twitter bot - @ASOIAFreddit", "user": "pauliedigi", "id": 399742269164507136}, {"text": "Should be studying but.... Game of Thrones...", "user": "hcormier2", "id": 399740384722440192}, {"text": "saints fans are the daenerys fans of game of thrones", "user": "nik_ree", "id": 399737095696052224}, {"text": "Game of Thrones + Star Wars - solid story = Thor 2", "user": "wjm911", "id": 399735683855953920}, {"text": "The rest of my night is either gonna consist of watching Dexter or reading Game of thrones. I'll let fate decide", "user": "kokorissa", "id": 399724339760615424}, {"text": "It's pretty hard to find a guy that I could date who likes Elder Scrolls, Game of Thrones, and Lord of the Rings. *shrugs* the struggle", "user": "flacinonfacio", "id": 399723201208393728}, {"text": "#CheapReads A Game of Thrones: A Song of Ice and Fire: Book One by  George R. R. Martin http://t.co/NKoJoRsoXx", "user": "ritamills", "id": 399715642347376641}, {"text": "RT @jennaschario: Fireside time with @randyschario + pumpkin latte + game of thrones http://t.co/IgFeBCFTA7", "user": "GoThrones_BOT", "id": 399708722878226432}, {"text": "Fireside time with @randyschario + pumpkin latte + game of thrones http://t.co/IgFeBCFTA7", "user": "jennaschario", "id": 399708633401159681}, {"text": "Achievement unlocked: \u201cGame of Thrones\u201d season 1 in one day.", "user": "msisk", "id": 399703472645234688}, {"text": "@SpicyBev Haha yes, Game of thrones is gonna be awesome. Can't wait.", "user": "Anthony_Catalan", "id": 399695648452116480}, {"text": "Game of Thrones #premiumcabletv #PeoplesChoice http://t.co/OjCuYsDPdX", "user": "josy4815", "id": 399695473117634560}, {"text": "@AliciaMMusic Yes, because of The Walking Dead! Then because of Game of Thrones, then they're not good days because they hide Mondays.", "user": "MortaniusTaijou", "id": 399681040752861184}, {"text": "Drinking a Game Of Thrones - Take The Black Stout by @BreweryOmmegang - http://t.co/B1ywPm6G07", "user": "bsooner75", "id": 399672216490885120}, {"text": "@ctnguyen5 lol. May I suggest watching Game of Thrones?", "user": "AtariAlex", "id": 399663833574174721}, {"text": "Game of Thrones is legit!!", "user": "JesusS14", "id": 399659758082220032}, {"text": "I wish game of thrones was on. \ud83d\ude2c", "user": "JILLIANWEEKLY", "id": 399658707606192129}, {"text": "I'm still laughing at a game of thrones joke I read 10 minutes ago \ud83d\ude02", "user": "sineadhurley_1", "id": 399625048845484032}, {"text": "I just voted for Game of Thrones #premiumcabletv #PeoplesChoice. Retweet to vote http://t.co/kMTkFIFjBb via @peopleschoice", "user": "PBMom", "id": 399621995165265920}, {"text": "Hands Cut Off http://t.co/huJkw5Wkif", "user": "fbarrera88", "id": 399611614208348161}, {"text": "Watching a Game of Thrones for the first time right now.", "user": "chris_BROwen", "id": 399607566642077697}, {"text": "\u201c@MakingOfs: Khaleesi with a mini Khaleesi on the set of Game of Thrones. http://t.co/9GzEIS3D6s\u201d @allie_purserr", "user": "bizzie_lurnap", "id": 399607374295482368}, {"text": "\u201c@MakingOfs: Khaleesi with a mini Khaleesi on the set of Game of Thrones. http://t.co/KT8a47SklL\u201d @mduncan0519", "user": "Lake_Speed", "id": 399577967803633665}, {"text": "Stout inspired by 'Game of Thrones' finds fans in New Orleans http://t.co/XCycWgQIza", "user": "sbarrouquere", "id": 399571039732002816}, {"text": "Game of Thrones #premiumcabletv #PeoplesChoice http://t.co/Nb425wMfWg", "user": "Cheri_Cantrell", "id": 399564768593199104}, {"text": "@craigmod There are only three seasons of Game of Thrones although it's a continuing series. It does feel very Rome-like in production.", "user": "rondomingue", "id": 399547173563805696}, {"text": "I swear game of thrones is damn awesome man", "user": "Jonielogy", "id": 399523140042121217}, {"text": "Inspired by Khal and Khaleesi from Game of Thrones. He calls his Queen his \"Moon of his Life\" and she calls her... http://t.co/kYHGNUPEGj", "user": "Judith_Poe", "id": 399431403538235392}, {"text": "Inspired by Khal and Khaleesi from Game of Thrones. He calls his Queen his \"Moon of his Life\" and she calls her... http://t.co/ig8ZppBkAI", "user": "Judith_Poe", "id": 399430896727900160}, {"text": "RT @JoeMadx: Game of (console) Thrones! HODOR!! #GameofThrones #lol http://t.co/wdp4BI8y5E", "user": "arcdajjal", "id": 399429704215584768}, {"text": "Walking Dead is pretty sick stuff. #diggingit\n\nRelated: this makes Game of Thrones seem pretty tame, violence-wise.", "user": "steve_breen", "id": 399405596723527680}, {"text": "Just finished A Storm of Swords. Game of Thrones season 4 is going to be freaking awesome", "user": "infantrychicken", "id": 399404738573111296}, {"text": "Alright, it's official, Game of Thrones utterly destroys The Walking Dead!!!", "user": "JoshtheG15", "id": 399385361052233729}, {"text": "I want more Game of Thrones just to see @missnemmanuel \ud83d\udc4d", "user": "I_R_Snead", "id": 399380166792593408}, {"text": "Drinking a Game Of Thrones - Take The Black Stout by @BreweryOmmegang @ Rainer Brewhaus \u2014 http://t.co/xCBiXIxl5Z #photo", "user": "darindarainer", "id": 399372714060029952}, {"text": "RT @fbarrera88: Master Card http://t.co/u6xeTILIYy", "user": "Rachel_NoelW", "id": 399367578952294400}, {"text": "RT @fbarrera88: I simply Incest http://t.co/hrXWo0Wj6v", "user": "Rachel_NoelW", "id": 399367289276874753}, {"text": "Not Today... http://t.co/zHA8Ecau96", "user": "fbarrera88", "id": 399355997879169024}, {"text": "RT @fbarrera88: Master Card http://t.co/u6xeTILIYy", "user": "GoThrones_BOT", "id": 399352430162632704}, {"text": "Master Card http://t.co/u6xeTILIYy", "user": "fbarrera88", "id": 399352323832418305}, {"text": "RT @fbarrera88: I simply Incest http://t.co/hrXWo0Wj6v", "user": "GoThrones_BOT", "id": 399351443729444865}, {"text": "I simply Incest http://t.co/hrXWo0Wj6v", "user": "fbarrera88", "id": 399351345779453952}, {"text": "They keep using game of thrones clips when someone gets a penalty #bless", "user": "eightlemons", "id": 399350937279401984}, {"text": "Game of Thrones?\nMy King sits on the highest of thrones! King of all kings. He does not just rule over this earth. He created it! #Jesus", "user": "SirChurchAlot", "id": 399344214875439104}, {"text": "Dad's game of thrones birthday cake http://t.co/j3cx2ir63A", "user": "LoganZlomke", "id": 399344051725422592}, {"text": "I really wish I could afford to spend money frivolously again.  Between a wii u, tattoo, and all five books for Game of Thrones... #DoWant", "user": "SolidJakeDA", "id": 399336147811188736}, {"text": "RT @CJWhodunit: game of Thrones\" clouds http://t.co/NYnQXVjtNQ", "user": "MY_3BCOLLIES", "id": 399325801297870848}, {"text": "RT @maxine_rae: @lkzull SORRY I DON'T SPEAK GAME OF THRONES", "user": "lkzull", "id": 399308645894086656}, {"text": "@lkzull SORRY I DON'T SPEAK GAME OF THRONES", "user": "maxine_rae", "id": 399308202132512768}, {"text": "@kick_roxxx I have not watched Game of Thrones so don't judge \ud83d\ude14", "user": "woah_nessa", "id": 399305808069918720}, {"text": "Yaaaaay season 3 of Game of Thrones just finished downloading! #nerd", "user": "hcormier2", "id": 399298373406044160}, {"text": "Ender's game of thrones. #RejectedMAdSkits", "user": "Spongey444", "id": 399289583319277568}, {"text": "RT @HOUBizJournal: What 'Game of Thrones' can teach you about integrated marketing: http://t.co/u8qM6ECUmr", "user": "TheGreatDalwadi", "id": 399286427667550208}, {"text": "So pumped for Game of Thrones to start up again\ud83d\ude0f\ud83d\ude0a", "user": "hihelloimmaddie", "id": 399285380739911680}, {"text": "What 'Game of Thrones' can teach you about integrated marketing: http://t.co/u8qM6ECUmr", "user": "HOUBizJournal", "id": 399284147648086016}, {"text": "Stout inspired by 'Game of Thrones' finds fans in New Orleans http://t.co/pX0GSE5t6H", "user": "NewOrleansWatch", "id": 399283430908624896}, {"text": "Reasons to watch Game of Thrones http://t.co/s4cKnbJg5H", "user": "AndrewAzuara", "id": 399276256056721409}, {"text": "RT @KnowTalmBout: Mot til March \u201c@CoochCakes: When does Game of Thrones come byke?\u201d", "user": "GoThrones_BOT", "id": 399266852423364608}, {"text": "Mot til March \u201c@CoochCakes: When does Game of Thrones come byke?\u201d", "user": "KnowTalmBout", "id": 399266770462076929}, {"text": "LMAO!!! I love these guys!! &gt;&gt; A Bad Lip Reading of Game of Thrones http://t.co/qgw2f4UPCM", "user": "The_CheekyChick", "id": 399252475225853953}, {"text": "Game of thrones is a medieval porno", "user": "atkinson_bryce", "id": 399248425843433472}, {"text": "Game of thrones", "user": "goodtimes_andy", "id": 399223944370466816}, {"text": "Gonna waste mi life watching game of thrones", "user": "TwinkieWinkiie", "id": 399214405948170240}, {"text": "@UberFacts yet they have Game of Thrones which has more sex and violence than all these three shows put together", "user": "Cesarmania1987", "id": 399208282486628352}, {"text": "On the way to the Renaissance Festival! Today I'm Margaery Tyrell from Game of Thrones. ;)", "user": "SameraD", "id": 399205655573061632}, {"text": "Watching Game of Thrones and Chris from Skins just appeared but I just watched him die on Skins and I feel like I'm going through the denial", "user": "YouMeAtHalf5", "id": 399198447955636224}, {"text": "Just finished season 2 of game of thrones", "user": "hcormier2", "id": 399086354107076608}, {"text": "Game of Thrones #got #gameofthrones #fanart #flowchart #Infographic http://t.co/At08I9Jxn2", "user": "LeslieAnnGiese", "id": 399046717007745024}, {"text": "Explaining Game of Thrones and Doctor Who http://t.co/F1CjYRACcT", "user": "LeslieAnnGiese", "id": 399046680475365376}, {"text": "Loved the fantasy mixed with scifi feel, felt like Thor dashed with Star Wars and Alan Taylor Game Of Thrones. Fun, good movie. Banging.", "user": "Nebula_Fields", "id": 399030647139729409}, {"text": "Doesn't Brienne of Tarth (Game of Thrones) look like Debbie Callahan (Police Academy)? #TOTALLYRANDOMTHOUGHT @zombotofthedead", "user": "playdirtymusic_", "id": 399020288672673793}, {"text": "Game of thrones time.", "user": "maekay96", "id": 399009370920345600}, {"text": "Happy Stout Day 2013! - Drinking a Game Of Thrones - Take The Black Stout at @sv_garage_bar - http://t.co/21uiX4h8g7 #photo", "user": "sahorn76", "id": 399003037236477952}, {"text": "Enjoying a Game Of Thrones - Take The Black Stout by @BreweryOmmegang @ El Puma's Cantina,Grill and Inn \u2014 http://t.co/LyeVtKZ2df #photo", "user": "P1NK_PUMA", "id": 399003015350599681}, {"text": "'Game of Thrones' season 4 penultimate episode on par with Red Wedding - Considering what the rumored ninth... http://t.co/hNmXRW6i4T", "user": "amedievalgenius", "id": 399001717867827200}, {"text": "Drinking a Game Of Thrones - Take The Black Stout by @BreweryOmmegang at @pelicanhousebr \u2014 http://t.co/0UbBgg2l0N", "user": "TylerDrew", "id": 399000580880080896}, {"text": "Spooks movie casts Game of Thrones actor in lead role - Kit Harington to play agent on track of escaped... http://t.co/jRC2Zp10q7", "user": "amedievalgenius", "id": 398992890845614081}, {"text": "Very deep black, roasty stout flavor with great hop balance a... (Game Of Thrones - Take The Black Stout) http://t.co/TEFUm3QzKT", "user": "GregoryGriffith", "id": 398992675841781760}, {"text": "The amount of self control that it's taking me not to marathon Game of Thrones for the next twelve hours is enormous.", "user": "Ethanicles", "id": 398966976447381504}, {"text": "RT @aterrel: Sounds like Twitter was a live Game of Thrones -- Silicon Valley edition @nickbilton http://t.co/Wl16bg6hL1", "user": "GoThrones_BOT", "id": 398941134317449216}, {"text": "Sounds like Twitter was a live Game of Thrones -- Silicon Valley edition @nickbilton http://t.co/Wl16bg6hL1", "user": "aterrel", "id": 398940942851260416}, {"text": "A game of thrones... @DylanPort @NickullusBull", "user": "blondemidget98", "id": 398939545204711424}, {"text": "Happy international Stout Day!... (Game Of Thrones - Take The Black Stout) http://t.co/cXXSrgJIko #photo", "user": "Mr__Rutherford", "id": 398916644858109952}, {"text": "game of Thrones\" clouds http://t.co/NYnQXVjtNQ", "user": "CJWhodunit", "id": 398914689142255617}, {"text": "RT @JMowdy_: Game of thrones is my new show", "user": "BThaMagical", "id": 398907153374654464}, {"text": "Game of thrones is my new show", "user": "JMowdy_", "id": 398907064367333376}, {"text": "Carnage Comes to Westeros, in this Bloody Game of Thrones Prequel http://t.co/PTnRNXpTM2", "user": "TheMillipede", "id": 398904112634675200}, {"text": "Fiiine no body return any texts so i'll just stay here and watch game of thrones fuck it", "user": "BrandoLynch", "id": 398901566758862849}, {"text": "I just really miss Game of Thrones.... http://t.co/h6HQXNo9Ck", "user": "JuliefReyes", "id": 398900474394320896}, {"text": "Chilling on Game of Thrones all day.", "user": "IanJohnsonIsMe", "id": 398896426161172480}, {"text": "ThinkGeek :: Game of Thrones Blankets http://t.co/hpjsGJwHdx", "user": "LacieLaurendine", "id": 398890403379683328}, {"text": "RT @Real_Bombshell: Game of Thrones with the roommate.", "user": "GoThrones_BOT", "id": 398886833821863937}, {"text": "Game of Thrones with the roommate.", "user": "Real_Bombshell", "id": 398886702581702656}, {"text": "Game of Thrones #premiumcabletv #PeoplesChoice http://t.co/tYBEGZi0jt", "user": "evillyn29", "id": 398885033273851906}, {"text": "@Texascopywriter Awww, thanks for the #FF love! I started watching Game of Thrones, totally addicted! Going to start reading the books now.", "user": "Holly_Hanna", "id": 398882444742385664}, {"text": "@James_Sharks Love Game of Thrones! What season are you watching?", "user": "IndiaOutof", "id": 398864589279858689}, {"text": "Just crossed the Mason-Dixon line. But I was really in the north the whole time. There was no giant ice wall like in game of thrones.", "user": "JayDucote", "id": 398859218851074048}, {"text": "I just voted for Game of Thrones #premiumcabletv #PeoplesChoice. Retweet to vote http://t.co/NM6uExExke v\u00eda @peopleschoice", "user": "evisguerra", "id": 398858772883312640}, {"text": "Hilary Mantel's Wolf Hall, crazier than Game of Thrones and totes real #FridayReads", "user": "unlandedgentry", "id": 398852443947020288}, {"text": "I caught up with game of thrones about a month ago and I'm still having dreams about it. Just shows how obsessed I am. \ud83d\ude10", "user": "mhurley58", "id": 398826796692414464}, {"text": "Game Of Testing the bounds to which Game Of Thrones fans can mine speculation out of the barest modicum of informat", "user": "StiliyanufaStro", "id": 398757788647575552}, {"text": "Each episode of Game of Thrones costs $6 million to produce.", "user": "qonafavocyvote", "id": 398754797601320960}, {"text": "Reading before bed is often a good remedy for insomnia...but not when it's Game of Thrones, apparently.", "user": "j_ber", "id": 398699714603790336}, {"text": "@MDragna game of thrones fan I see", "user": "ChelseaStiebing", "id": 398693195737223168}, {"text": "If the Heisman race were the Game of Thrones then Mariota was Rob Stark and tonight was the red wedding. Or maybe  the Cardinal wedding.", "user": "the_12th_man", "id": 398685294280454144}, {"text": "Why did I fucking read this?!?!?!?! Every Major Plot Twist In The Upcoming Seasons Of \"Game Of Thrones\" http://t.co/mCgcMzbhI3", "user": "NoWayAshley", "id": 398681558069956608}, {"text": "Gonna do a Game of Thrones rewatch during winter break. \ud83d\udc4f", "user": "AlxndrLannister", "id": 398665829367427072}, {"text": "RT @FunkmasterLEX: The real question is when is Game of Thrones coming back on??", "user": "jadairwriter", "id": 398665239967068160}, {"text": "Getting ready to cuddle up with @mark_cepeda at watch game of thrones. #mybackhurts", "user": "cepedafamily", "id": 398663832165687296}, {"text": "@maweenurr cosplay game of thrones with me!!! Be Danaerys Targaryen and I'll be Jon Snow", "user": "Stevenrayy", "id": 398659098373148673}, {"text": "@iamjustanerd @bigme_21 you sound like me :) Right now I'm reading #3 in the Game Of Thrones series. So many others to read!", "user": "boobookitty7468", "id": 398638708640849920}, {"text": "Getting into Game of Thrones now.", "user": "JosephAPadilla", "id": 398635492687634433}, {"text": "Great thing about Game of Thrones is that there are no good guys or bad guys, You just decide who you like or pick sides,", "user": "GunnBacabtr", "id": 398614429388275712}, {"text": "I don't know if anything will top Game Of Thrones for me. For a while, it was 'Lost'.", "user": "COTF_1192", "id": 398607866010943488}, {"text": "Game of Thrones!!! Please hurry up season 4!!! I'm Dying!!!!! THE best show of all time, I swear...\u2026 http://t.co/9NL9MedrNV", "user": "BrittanyMaas", "id": 398607047241236480}, {"text": "@JRhodesPianist Oh my..I thought I was the only one who never saw Breaking Bad or Game of Thrones. Mad Men is great though! :)", "user": "debilarge", "id": 398581598821425154}, {"text": ".@Maisie_Williams,Arya Stark on Game of Thrones,picks The Cure's Close To Me for her BBC playlist (30 min in) - http://t.co/N28oCBnDWu", "user": "CraigatCoF", "id": 398580243360792576}, {"text": "What 'Game of Thrones' can teach you about integrated marketing: http://t.co/u8qM6ECUmr", "user": "HOUBizJournal", "id": 398578241918607360}, {"text": "RT @anya_smith: I miss \"Game of Thrones\"", "user": "KaviarDenique", "id": 398565232953802752}, {"text": "ALL I WANT TO DO IS WATCH SEASON 3 OF GAME OF THRONES WHY IS THIS SUCH A DIFFICULT THING TO COMPREHEND PLEASE ANSWER ME THIS", "user": "BrandoLynch", "id": 398565060701720576}, {"text": "Stars of \"Game of Thrones\" to appear at Space City Con http://t.co/747gpjt5Dt", "user": "ChronPreview", "id": 398560336384507905}, {"text": "@TomChivers @ZeeLoveGeeks @dgardner -R You might also consider Game of Thrones(not the card game) or Shogun.", "user": "64ozGames", "id": 398551543810510849}, {"text": "My wife! \"@Zap2it: 'Game of Thrones' Emilia Clarke eyed for 'Terminator 5,' Kit Harington joins 'Spooks' film http://t.co/F3lFpSZU77\"", "user": "80sRebelGirl", "id": 398538511634403328}, {"text": "Mineralblu Photography &amp; Viverra Cosplay as Daenerys Targaryen from Game of Thrones at Oni-Con http://t.co/VRACQylgrd", "user": "mineralblu", "id": 398537993855590400}, {"text": "Stretch Your Mac's SSD, Bluetooth Handsfree, Game of Thrones [Deals] http://t.co/LZIx5bjR7s", "user": "ITSupportTools", "id": 398536644594130944}, {"text": "Stretch Your Mac's SSD, Bluetooth Handsfree, Game of Thrones [Deals] http://t.co/6HcN8xRfSA", "user": "BackupYourData2", "id": 398536632858451968}, {"text": "@UberFacts That's fine. They have Game of Thrones and True Blood, lol", "user": "CarlosP684", "id": 398535534085427200}, {"text": "Stretch Your Mac's SSD, Bluetooth Handsfree, Game of Thrones [Deals] http://t.co/KwHzngSRo0", "user": "CreativeWisdom", "id": 398534104825614336}, {"text": "There. is. a Game of Thrones board game. #thingsINEED", "user": "EviTheGreat", "id": 398533271346106368}, {"text": "Dr. Darbeau just told me we needed to have a Game of Thrones premiere party when the new season starts... So.. There's that.", "user": "helloshylaa", "id": 398533104920707072}, {"text": "RT @L_Lumbley: @andrewjheap When you play the game of thrones, you either win or you die? #GOTquotes", "user": "GoThrones_BOT", "id": 398532907087978496}, {"text": "@andrewjheap When you play the game of thrones, you either win or you die? #GOTquotes", "user": "L_Lumbley", "id": 398532800854241281}, {"text": "@petergd86 peter blink 182 are shit now go watch game of thrones so you can be cool like me", "user": "SimonFacts", "id": 398531468391378945}, {"text": "RT @SewGeekAustin: Game of Thrones House Stark Direwolf $15.00 http://t.co/L8zzuvMQIr", "user": "swissmom8873", "id": 398529917945532416}, {"text": "Game of Thrones House Stark Direwolf $15.00 http://t.co/L8zzuvMQIr", "user": "SewGeekAustin", "id": 398529407520083969}, {"text": "Just a heads up on a deal you may like: A Great Airplay Speaker For $40, PNY StorEDGE, Game Of Thrones [Deals] http://t.co/8RnCOBPNYV", "user": "helpfuladvisor", "id": 398526955039252480}, {"text": "A Great Airplay Speaker For $40, PNY StorEDGE, Game Of Thrones [Deals]:  Even if you've ever just been r... http://t.co/Uly72zMhWi #Tech", "user": "Trinsic", "id": 398525377473024001}, {"text": "'Mr. Men &amp; Little Miss Game Of Thrones' Brings Kids' Lit to Westeros http://t.co/SIQOAoVOWs", "user": "TalkWiseOne", "id": 398517146168619008}, {"text": "RT @Jemma_Isabel: Supernatural keeps referring to game of thrones omg it's amazing because game of thrones", "user": "GoThrones_BOT", "id": 398514827968380928}, {"text": "Supernatural keeps referring to game of thrones omg it's amazing because game of thrones", "user": "Jemma_Isabel", "id": 398514588247162881}, {"text": "How Game of Thrones changed Thor 2's world for the better http://t.co/18m6Z1Zdix", "user": "TheMillipede", "id": 398512003587002368}, {"text": "Game of Thrones House Stark Stocking $15.00 http://t.co/EC1ufcIvCa", "user": "SewGeekAustin", "id": 398504711340720128}, {"text": "'Mr. Men &amp; Little Miss Game Of Thrones' Brings Kids' Lit to Westeros http://t.co/HHRxCh5hzV", "user": "AustinMSlingers", "id": 398503940704460800}, {"text": "X-Mas. Sorted. http://t.co/TV9nS6VjXc", "user": "NOLA_Fredo", "id": 398495333799321600}, {"text": "\"@SpaceCityCon  Did you see?  Hodor is coming! http://t.co/Y2BmwsdhHw\" GAME OF THRONES!! Kristian is a true gamer!!! Winter is coming!", "user": "HoustonGameDev", "id": 398485148712177664}, {"text": "Can Game of Thrones come back on already?", "user": "justin_heath94", "id": 398478773068529664}, {"text": "RT @HoustoniaMag: HODOR! RT @UnDoneRat 'Game of Thrones,' 'Babylon 5' stars to appear at Space City Con http://t.co/YE5CA4oHcu", "user": "GoThrones_BOT", "id": 398476560531197952}, {"text": "HODOR! RT @UnDoneRat 'Game of Thrones,' 'Babylon 5' stars to appear at Space City Con http://t.co/YE5CA4oHcu", "user": "HoustoniaMag", "id": 398476388576948224}, {"text": "RT @RAWRim_frodo: I'm proud of myself because I started reading the game of thrones books before the series came out :)", "user": "GoThrones_BOT", "id": 398471024406462464}, {"text": "Game of Thrones 4D Puzzle | New Arrivals | HBO Shop http://t.co/Yxe4mlVYeD", "user": "gctrader6", "id": 398470961667653632}, {"text": "I'm proud of myself because I started reading the game of thrones books before the series came out :)", "user": "RAWRim_frodo", "id": 398470913404203008}, {"text": "I just voted for Game of Thrones #premiumcabletv #PeoplesChoice. Retweet to vote http://t.co/ZnxzVnutcT via @peopleschoice", "user": "shel_is_awesome", "id": 398466130034954240}, {"text": "#MobCity looks like it will be a good show reminds me of the game LA Noire &amp; The movie Gangster Squad #vintageobessed", "user": "GLAMOf_THRONES", "id": 398464924713615360}, {"text": "Cool!  #GOT 'Game of Thrones,' 'Babylon 5' stars to appear at Space City Con Jan. 3-5 in Galveston http://t.co/8EU2E0Tqat", "user": "CoyW19", "id": 398463106998747136}, {"text": "Taylor is Jon Snow. I am dating Jon Snow. I am in a Game of Thrones book cries", "user": "RealDirkStrider", "id": 398460878632140800}, {"text": "Rewatching Game of Thrones has really taken a toll on my productivity", "user": "sje1192", "id": 398349780029427712}, {"text": "I miss Game of Thrones... #BestShowEver", "user": "Raider_NYK", "id": 398343698682888192}, {"text": "RT @gambieman1: Dammit now my roomate cant stop watching Game of Thrones. Shoulda never told him bout it.", "user": "GoThrones_BOT", "id": 398339740640231424}, {"text": "Dammit now my roomate cant stop watching Game of Thrones. Shoulda never told him bout it.", "user": "gambieman1", "id": 398339493242994688}, {"text": "RT @branclark1992: Got @CuliaJassill hooked on Game of Thrones so there goes my GPA", "user": "GoThrones_BOT", "id": 398335664686899200}, {"text": "Got @CuliaJassill hooked on Game of Thrones so there goes my GPA", "user": "branclark1992", "id": 398335590157910016}, {"text": "I'm pretty much addicted to Game of Thrones now. Why didn't I start sooner!?", "user": "ColourMeFunky", "id": 398324826147782656}, {"text": "lordeddardstark: [gets irrationally annoyed at peoples disinterest in game of thrones] http://t.co/6z6PN17GHy", "user": "dhanicabazos", "id": 398322666949836800}, {"text": "I just want Game of Thrones to start up again. #favoriteshow #tiredofwaiting", "user": "LindseyLulu5", "id": 398320257099513856}, {"text": "No sleep? Again? Game of Thrones marathon? Sure.", "user": "Meaganmichele94", "id": 398315595285790720}, {"text": "Picture George Strait on a Game of Thrones style throne made fully of guitars. #CMAs", "user": "ThatBorenGuy", "id": 398299675704307712}, {"text": "RT @JayOrDan23: Just saw Joffrey from Game of Thrones in Batmam Begins. Same weird head.", "user": "CuckooCacaSara", "id": 398290312340045826}, {"text": "I'm ready for season 4 Game of Thrones to come out.", "user": "Drew_Foster_", "id": 398286867327512576}, {"text": "@Sean_G_M @TheAlexQuintos @McKenzieKelley2 I'm currently studying Game of Thrones.", "user": "BlakekNOTts", "id": 398284243832303616}, {"text": "RT @calebjsaenz: Washington State Aron Baynes was really good as that fat kid on Game of Thrones: http://t.co/pRiXD6Gqt6", "user": "TheMexiGuy", "id": 398270960593141760}, {"text": "Game Of Thrones Characters Drawn in the Style of 'Mr. Men' &amp; 'Little Miss' Children's Books http://t.co/nDHlKUUaAP", "user": "Amandapandaduh", "id": 398261062580965376}, {"text": "Game Of Thrones Inspired Sansa Stark Dragonfly Necklace $30.00 http://t.co/pvVUyV59FS", "user": "SewGeekAustin", "id": 398256672898289664}, {"text": "@wjcanino Agreed! I do love Game of Thrones though \ud83d\udc4d", "user": "RachelEmmaTX", "id": 398245780202348545}, {"text": "@RachelEmmaTX Yeah. Almost everything is just....there and nothing special. Game Of Thrones is pretty awesome though.", "user": "wjcanino", "id": 398245449389191168}, {"text": "More Game of Thrones refs! http://t.co/6z3J13BzTX #GetGlue @CW_SPN", "user": "Kevin_J_Loria", "id": 398243180942217216}, {"text": "Game of Thrones #premiumcabletv #PeoplesChoice http://t.co/wUhn8cekxI", "user": "staciedufour", "id": 398238518398312448}, {"text": "I went to type 'Game of Shadows' and wrote 'Game of Thrones' instead. xD Wonder what show I'm wait for.", "user": "SophiaKenyaw", "id": 398235765705949184}, {"text": "RT @calebjsaenz: Washington State Aron Baynes was really good as that fat kid on Game of Thrones: http://t.co/pRiXD6Gqt6", "user": "Quadkid", "id": 398232793630527488}, {"text": "RT @calebjsaenz: Washington State Aron Baynes was really good as that fat kid on Game of Thrones: http://t.co/pRiXD6Gqt6", "user": "poundingtherock", "id": 398231350336966656}, {"text": "Washington State Aron Baynes was really good as that fat kid on Game of Thrones: http://t.co/pRiXD6Gqt6", "user": "calebjsaenz", "id": 398229151028494336}, {"text": "RT @10Mountaineer: 'Game of Thrones,' 'Babylon 5' stars to appear at Space City Con Jan. 3-5 in Galveston http://t.co/zHGfMyoTa9 r u coming?", "user": "GoThrones_BOT", "id": 398215396895236096}, {"text": "'Game of Thrones,' 'Babylon 5' stars to appear at Space City Con Jan. 3-5 in Galveston http://t.co/zHGfMyoTa9 r u coming?", "user": "10Mountaineer", "id": 398215326535413760}, {"text": "RT @BellaLyra: I just voted for Game of Thrones #premiumcabletv #PeoplesChoice. Retweet to vote http://t.co/hprect1JwA via @peopleschoice", "user": "GoThrones_BOT", "id": 398206407721623552}, {"text": "I just voted for Game of Thrones #premiumcabletv #PeoplesChoice. Retweet to vote http://t.co/hprect1JwA via @peopleschoice", "user": "BellaLyra", "id": 398206271880306688}, {"text": "@Maisie_Williams is doing my playlist on @BBCR1. btw, good song choices and lots of talk about game of thrones.", "user": "_Journal", "id": 398203417182478336}, {"text": "http://t.co/mEFs6KpTWv: Game of Thrones, Babylon 5 casts coming to Space City Con http://t.co/0TdSBZm0B8 @houstonchron", "user": "andreagmooney", "id": 398202945574936576}, {"text": "Debating on if I should catch up on Game of Thrones now or wait til I get to my Dad's house in a few weeks and have a marathon.", "user": "RodneyDylano", "id": 398200839593943040}, {"text": "Game of Thrones, Babylon 5 casts coming to Space City Con \n http://t.co/f8uhGDEoz9", "user": "ChronBreaking", "id": 398196059664809984}, {"text": "Debating on if I should catch up on Game of Thrones now or wait til I get to my Dad's house in a few weeks and have a marathon.", "user": "CodyRandallh", "id": 398189694871035904}, {"text": "@Mr_Taylor07 I love Game of Thrones. And I really wanna watch The Wire!", "user": "RachelEmmaTX", "id": 398186901254844416}, {"text": "Oh my gosh, yeeeees! :D\nI made Game of Thrones friends!", "user": "ZankleNegative1", "id": 398184710670942208}, {"text": "RT @FantasynScifi: Song of Dragons, the bestselling fantasy trilogy, is on SALE for $2.99. For fans of A Game of Thrones, The Lord of......", "user": "DiannTRead", "id": 398179485474127873}, {"text": "Liking a Joffrey on Tinder to simply to tell him how much I hate him on Game of Thrones. Boredom has hit all time high. #DieKingJoffrey", "user": "schnell1", "id": 398179068773797888}, {"text": "Duck dynasty potato heads.. And game of thrones.. LMAO! \nI WANT THOSE SHIRTS! #HEB http://t.co/O0jw5aeXw5", "user": "LDBQueen", "id": 398178855674208256}, {"text": "I'm FINALLY watching the Sunday's Game of Thrones episode! :)", "user": "MaryMarianat", "id": 398160951725150208}, {"text": "I went to type 'Game of Shadows' and wrote 'Game of Thrones' instead. xD Wonder what show I'm wait for.", "user": "GradyDevinb", "id": 398153125279723520}, {"text": "RT @aurora_kent: @jarpad Did you like my \"game of thrones\" innuendo before the episode aired. Haha nice!", "user": "GoThrones_BOT", "id": 398148994695970816}, {"text": "@jarpad Did you like my \"game of thrones\" innuendo before the episode aired. Haha nice!", "user": "aurora_kent", "id": 398148915138011136}, {"text": "Game of Thrones hurts me emotionally \ud83d\ude2a", "user": "Titterly98", "id": 398145667383967744}, {"text": "Game of Thrones is just perfect.", "user": "CCgetoffme", "id": 398145412181544961}, {"text": "This is beyond awesome! -- Game of Thrones - Lindsey Stirling &amp; Peter Hollens: http://t.co/adkRVfPFBq", "user": "tarinbansal", "id": 398141334537515008}, {"text": "The coolest thing about COD ghosts is the castle map. It reminds me of game of thrones.", "user": "JessicaGonzo92", "id": 398138120169734144}, {"text": "RT @TubularTV: Tune In | 11.06.13: A Roots remake, Game of Thrones cast another character, and we look at the season's rating... http://t.c\u2026", "user": "GoThrones_BOT", "id": 398123780327108608}, {"text": "Tune In | 11.06.13: A Roots remake, Game of Thrones cast another character, and we look at the season's rating... http://t.co/9h8xjEjE7M", "user": "TubularTV", "id": 398123711519154176}, {"text": "Debating on if I should catch up on Game of Thrones now or wait til I get to my Dad's house in a few weeks and have a marathon.", "user": "TheodoreWinstou", "id": 398123541914087424}, {"text": "#supernatural last night was hilarious.\nWhat's up with the Game of Thrones references this season????", "user": "TriflerShawn", "id": 398120310471274496}, {"text": "I went to type 'Game of Shadows' and wrote 'Game of Thrones' instead. xD Wonder what show I'm wait for.", "user": "TravonTerrya", "id": 398116008122015744}, {"text": "Sitting in class trying to remember all of the subplots of Game of Thrones and Orange is the New Black. #priorities", "user": "katturn55", "id": 398113758360240128}, {"text": "George Lucas needed to take a Game of Thrones approach. Jar-Jar Binks Dies In A Deleted 'Star Wars' Clip http://t.co/LQuuJXsG33 via @Digg", "user": "AdamDBrower", "id": 398112906971062272}, {"text": "Debating on if I should catch up on Game of Thrones now or wait til I get to my Dad's house in a few weeks and have a marathon.", "user": "JeffersonBlakez", "id": 398106220243873792}, {"text": "whitebum:\n\nI love the Star Wars v\u2019s Game of Thrones comparisons http://t.co/t4TGv9EkAi", "user": "TheMac_ATX", "id": 398100065518362624}, {"text": "Dammit, I missed out a stupidly great deal from Wal Mart for the entire Harry Potter books series and Game of Thrones books for $3 each!", "user": "jcdeleon1", "id": 398096586741280768}, {"text": "Photoset: whitebum: I love the Star Wars v\u2019s Game of Thrones comparisons http://t.co/FjH8PM5IHY", "user": "TheMac_ATX", "id": 398095905033048064}, {"text": "I went to type 'Game of Shadows' and wrote 'Game of Thrones' instead. xD Wonder what show I'm wait for.", "user": "DejaLilyd", "id": 398087305123987457}, {"text": "I'm FINALLY watching the Sunday's Game of Thrones episode! :)", "user": "AmariMeadows", "id": 398086147064086528}, {"text": "I went to type 'Game of Shadows' and wrote 'Game of Thrones' instead. xD Wonder what show I'm wait for.", "user": "NicoleBridgeti", "id": 398082491413569536}, {"text": "I just voted for Game of Thrones #premiumcabletv #PeoplesChoice. Retweet to vote http://t.co/DxmaZHboxz via @peopleschoice", "user": "TVD_MyHeartbeat", "id": 398075082016161792}, {"text": "Game of Thrones theme at fireworks last night #perfect", "user": "TVDBecks", "id": 398062140680306688}]