[{"text": "Boring night tonight. Looks like I'm having a How I Met Your Mother marathon night", "user": "carr2012", "id": 400815614115053568}, {"text": "@brandonconner_ how I met your mother McGee", "user": "coltenbirdsong", "id": 400812488020602880}, {"text": "RT @Gift_YB: How I Met Your Mother, How I Dated Robin For 7 Years Before I Settled For Your Mother, Every Chick I slept with Before I Met Y\u2026", "user": "kristenEjindu", "id": 400812352552968192}, {"text": "This is amazing! 11 Terms Invented by \u2018How I Met Your Mother\u2019 #himym http://t.co/1c8VT9p91Q via @TIMECulture", "user": "jennifer_dubow", "id": 400809099442409472}, {"text": "So someone spoil it for me, who was the mom from How I met your mother?", "user": "Ravioli_Flowers", "id": 400806218018848768}, {"text": "I can't wait till my life long friends and I can just sit in a bar and hang out like the gang in How I Met Your Mother", "user": "GarrettRhoades", "id": 400795059265630208}, {"text": "RT @Gift_YB: How I Met Your Mother, How I Dated Robin For 7 Years Before I Settled For Your Mother, Every Chick I slept with Before I Met Y\u2026", "user": "Rooster_L", "id": 400782694088736768}, {"text": "RT @Gift_YB: How I Met Your Mother, How I Dated Robin For 7 Years Before I Settled For Your Mother, Every Chick I slept with Before I Met Y\u2026", "user": "mutantXIII", "id": 400782569584992256}, {"text": "RT @Gift_YB: How I Met Your Mother, How I Dated Robin For 7 Years Before I Settled For Your Mother, Every Chick I slept with Before I Met Y\u2026", "user": "Cramp_twin", "id": 400782286549180416}, {"text": "How I Met Your Mother, How I Dated Robin For 7 Years Before I Settled For Your Mother, Every Chick I slept with Before I Met Your Mother", "user": "Gift_YB", "id": 400782103031209984}, {"text": "How I Met Your Mother #PeoplesChoice #networktvcomedy", "user": "cieraaamillller", "id": 400781148873162752}, {"text": "I wanna say \"Son of a biiiitch,\" like Lily from How I Met Your Mother.", "user": "NutellaNinja_16", "id": 400768947798028288}, {"text": "\u201c@HonestTitles: How I Met Your Mother http://t.co/JsmxJYJKbr\u201d \ud83d\ude02\ud83d\ude02\ud83d\ude02true", "user": "AlexLulich", "id": 400767889994956800}, {"text": "Just started How I Met Your Mother from the beginning. Goodbye world.", "user": "MeghanVidrine", "id": 400744341162844160}, {"text": "\u201c@itsHIMYMquotes: How I Met Your Mother: Making lives better since 2005.\u201d \n\n#TrueStory", "user": "Teer3691", "id": 400741960899919872}, {"text": "RT @julioochoa17: \u201c@HonestTitles: How I Met Your Mother http://t.co/ctP9m0AzrT\u201d@robles_olivia25", "user": "robles_olivia25", "id": 400723726062190592}, {"text": "\u201c@HonestTitles: How I Met Your Mother http://t.co/ctP9m0AzrT\u201d@robles_olivia25", "user": "julioochoa17", "id": 400723557132406784}, {"text": "I \u2764\ufe0f How I Met Your Mother \ud83d\ude31", "user": "LoveBug_ThaliaM", "id": 400711895507677184}, {"text": "RT @Black_Jesus_jon: I learned a lot form how I met your mother but the best thing is that I learned 2 beavers are better then one", "user": "pmendezzz", "id": 400707004454301696}, {"text": "I learned a lot form how I met your mother but the best thing is that I learned 2 beavers are better then one", "user": "Black_Jesus_jon", "id": 400705307967356928}, {"text": "my obsession with how I met your mother is definitely real.", "user": "verawank", "id": 400699775911088128}, {"text": "Now that I finished how I met your mother on Netflix I don't know what to do with my life", "user": "Mike_Mo8", "id": 400679682292473856}, {"text": "The fact that I have a new episode of The Originals AND How I Met Your Mother waiting for me at home. \ud83d\ude0f\ud83d\ude0a&gt;&gt;&gt;&gt;", "user": "dismuke_kaitlyn", "id": 400667682132881408}, {"text": "Was good to see @BryanCranston in this week's How I Met Your Mother! The guy is such a legend!", "user": "Dallyy21", "id": 400651921138397184}, {"text": "\u00bb http://t.co/l3yCIBXwrT 43 How I Met Your Mother | TV tonight: 'How I Met Your Mother,' 'Bones,' 'JFK'", "user": "sa__ra_h", "id": 400651305091612673}, {"text": "\u00bb http://t.co/RBiMC3uo7z 0 How I Met Your Mother | TV tonight: 'How I Met Your Mother,' 'Bones,' 'JFK'", "user": "sa__ra_h", "id": 400643225507352576}, {"text": "\u2018How I Met Your Mother,\u2019 \u2018Big Bang\u2019 Help CBS Laugh Its Way to Weekly Win http://t.co/P9HNrRroot #music #news", "user": "ShadowLinesDoc", "id": 400629882902052864}, {"text": "\u00bb http://t.co/4Aoqm5JgHh 82 #How #I #Met #Your #Mother | #TV #tonight: #'How #I #Met #Your #Mother,' #'Bones,' #'JFK'", "user": "sa__ra_h", "id": 400592417029894144}, {"text": "and agents of shield and how i met your mother and all the other shows im behind on", "user": "hellotricksterr", "id": 400578845629485056}, {"text": "RT @Brad_stayhoopin: I'm addicted to how I met your mother after just 2 episodes!", "user": "austingene23", "id": 400539122667769857}, {"text": "RT @Brad_stayhoopin: I'm addicted to how I met your mother after just 2 episodes!", "user": "Jonathan_USAFFF", "id": 400537756410998784}, {"text": "Photoset: howibloggedyourmother: dr-canishorriblus: How I Met Your Mother- Reactions to Watching Robin... http://t.co/cAURkZFTJB", "user": "fuqboiixbegso", "id": 400528464677470208}, {"text": "I'm addicted to how I met your mother after just 2 episodes!", "user": "Brad_stayhoopin", "id": 400526195093016576}, {"text": "Great showing. Great showing. It's gonna be sad when How I Met Your Mother ends.....", "user": "JoseDDelBosque", "id": 400498541484707840}, {"text": "RT @Justringfellow: God I love How I Met Your Mother", "user": "DomRoyale", "id": 400497004263927808}, {"text": "New Girl and How I Met Your Mother are the two funniest tv shows out there", "user": "MeauxJeauxMusic", "id": 400496760700674048}, {"text": "God I love How I Met Your Mother", "user": "Justringfellow", "id": 400495833050673152}, {"text": "RT @JoseDDelBosque: I love How I Met Your Mother. It's the perfect show for me.", "user": "alemarcelag", "id": 400495619619295232}, {"text": "I love How I Met Your Mother. It's the perfect show for me.", "user": "JoseDDelBosque", "id": 400494150912442368}, {"text": "RT @Justringfellow: Spend your Sunday morning with me in my bed watching How I Met Your Mother.", "user": "DMysliwski", "id": 400487004938334208}, {"text": "@ReeceMcConnell I'm still working on how I met your mother!", "user": "NicoleDeHav", "id": 400486317433167873}, {"text": "How I met your mother #wooh \ud83d\ude01", "user": "SmileGabeSmile", "id": 400484875330789376}, {"text": "ugh i love how i met your mother so much i just cant", "user": "caseycg315", "id": 400484441820114944}, {"text": "RT @Justringfellow: Spend your Sunday morning with me in my bed watching How I Met Your Mother.", "user": "SamKirk15", "id": 400474293420572672}, {"text": "RT @Justringfellow: Spend your Sunday morning with me in my bed watching How I Met Your Mother.", "user": "jrybry", "id": 400473341628141568}, {"text": "Spend your Sunday morning with me in my bed watching How I Met Your Mother.", "user": "Justringfellow", "id": 400473118671515649}, {"text": "\"How I Met Your Mother\" bar (@ McGee's Pub w/ @urbanbetty @daveiam) http://t.co/n7Fkh8zfxe", "user": "kim_lite", "id": 400471668382253057}, {"text": "How I met your mother is probably the greatest show of all time hands down! Its perfect.", "user": "ErikAlvear", "id": 400464013785452545}, {"text": "@laurenn_flores  how I met your mother!!!! \u2665 get it together lauren it's not on tonight, awkward is!", "user": "hannah_radford", "id": 400460341819084800}, {"text": "Walmart Black Friday 2013, Ed Reed, How I Met Your Mother, ...: Walmart Black Friday 2013\n  Ed Reed\n  How I Met...", "user": "hostgatorcodes", "id": 400443102558560256}, {"text": "I can't wait for our how I met your mother series finale party!", "user": "ryan_delgado4", "id": 400436963620032513}, {"text": "I so love how I met your mother @CobieSmulders @ActuallyNPH @jasonsegel @JoshRadnor @alydenisof", "user": "sexxykidd", "id": 400436912844193792}, {"text": "I liked a @YouTube video http://t.co/5LKvTeDmbd How I Met Your Mother", "user": "ThatzMzFord", "id": 400436421221449728}, {"text": "Or maybe I've just been watching way tooooooo much how I met your mother", "user": "mellamopacoLOL", "id": 400424582516965376}, {"text": "Walmart Black Friday 2013, Ed Reed, How I Met Your Mother, ...: Walmart Black Friday 2013\n  Ed Reed\n  How I Met...", "user": "hostgatorcodes", "id": 400420782217502720}, {"text": "If you don't like how I met your mother then you're a fucking idiot and you don't deserve a tv", "user": "katieeftl", "id": 400417783512825856}, {"text": "yesterday's HIMYM episode was amazing, hasn't been this funny in awhile ... How I Met Your Mother - Platonish  http://t.co/rVrKL8qP40", "user": "dc2000", "id": 400415143323914240}, {"text": "I'm almost done with every episode of how I met your mother..... I...........", "user": "aly_dailey", "id": 400413567913967616}, {"text": "Walmart Black Friday 2013, How I Met Your Mother, Amy Robach, ...: Walmart Black Friday 2013\n  How I Met Your M...", "user": "hostgatorcodes", "id": 400398351838883840}, {"text": "\u201c@itsHIMYMquotes: How I Met Your Mother is the bacon of sitcoms.\u201d\n\nYYYEEESSSS \ud83d\ude0d", "user": "W0ahhm0e", "id": 400390094042832896}, {"text": "I've watched \"Platonish\" (S9 E9) of How I Met Your Mother (via @tvshowtracker)", "user": "quembruk", "id": 400389481724792832}, {"text": "Photoset: howibloggedyourmother: dr-canishorriblus: How I Met Your Mother- Reactions to Watching Robin... http://t.co/TznJ6g8F3Y", "user": "MinaDarling94", "id": 400388636891684864}, {"text": "If you dont watch How I Met Your Mother, I hate you.", "user": "LaciNickoleee", "id": 400386960629321728}, {"text": "How I met your mother is on at the doctor's office. \n\nBest doctor ever\n10/10", "user": "OurAwesomeHindu", "id": 400382017553973248}, {"text": "Omg i love how i met your mother sooo much. I say this every week but it's srsly the best show ever.", "user": "LilWhiteNiggaa", "id": 400369657430831104}, {"text": "What my brother sends me about How I met your mother! \ud83d\ude02 http://t.co/tUdkCPp34h", "user": "delira5", "id": 400367855905931264}, {"text": "\u201c@laurenn_head: I love how I met your mother so much\u201d \ud83d\ude0d me too", "user": "its_annnna", "id": 400364101194366976}, {"text": "Bryan Cranston on How I Met Your Mother. I think I just shit my pants &amp; came my underwear at the same time.", "user": "DaniellasDTF", "id": 400362741610717184}, {"text": "@OMG_ItsLarvenzy lol it's a \"How I met your mother\" phrase, meaning look like like a clone of u", "user": "adeleye92", "id": 400359608969347073}, {"text": "I wish my life was like a how I met your mother episode", "user": "_MichaelaNoelle", "id": 400355920435101696}, {"text": "Walmart Black Friday 2013, How I Met Your Mother, ...: Walmart Black Friday 2013\n  How I Met Your Mother\n  Goog...", "user": "hostgatorcodes", "id": 400353990614855680}, {"text": "How I met your mother is on and I got quite disappointed because its another episode with Zoe. I don't like Zoe", "user": "Hybr1d5oldier", "id": 400346012835143682}, {"text": "#AddBoobsToTvTitles  How I Met Your Mother's Boobs", "user": "Legal_Citizen", "id": 400339984797806594}, {"text": "RT @its_annnna: \u201c@itsHIMYMquotes: There are two types of people in the world, those who think How I Met Your Mother is awesome and idiots.\u201d\u2026", "user": "ItsTheCady", "id": 400336251158413312}, {"text": "Walmart Black Friday 2013, How I Met Your Mother, Amy Robach, ...: Walmart Black Friday 2013\n  How I Met Your M...", "user": "hostgatorcodes", "id": 400330969111998464}, {"text": "RT @its_annnna: \u201c@itsHIMYMquotes: There are two types of people in the world, those who think How I Met Your Mother is awesome and idiots.\u201d\u2026", "user": "ThatWhiteKidd__", "id": 400329943327858688}, {"text": "RT @its_annnna: \u201c@itsHIMYMquotes: There are two types of people in the world, those who think How I Met Your Mother is awesome and idiots.\u201d\u2026", "user": "laurenn_head", "id": 400329812289417216}, {"text": "For @PreviouslyTV my Show-o-Matic of last night's flashbacky, retconny, mother-having \"How I Met Your Mother\" http://t.co/GnlAlj3s9b #HIMYM", "user": "omarg", "id": 400329762867912705}, {"text": "\u201c@itsHIMYMquotes: There are two types of people in the world, those who think How I Met Your Mother is awesome and idiots.\u201d #TRUTH \ud83d\udc4f\ud83d\udc4f", "user": "its_annnna", "id": 400328588341174272}, {"text": "Is \"How I Met Your Mother\" funny?", "user": "Rena_TwatchinU", "id": 400326929980866560}, {"text": "Photoset: yeswaitforit: TV Characters You Didn\u2019t Know Were Married in Real Life The How I Met Your Mother... http://t.co/F3OyBtgPkO", "user": "tigerchica", "id": 400317981294878721}, {"text": "Walmart Black Friday 2013, How I Met Your Mother, ...: Walmart Black Friday 2013\n  How I Met Your Mother\n  Goog...", "user": "hostgatorcodes", "id": 400306901763649536}, {"text": "How I met your mother", "user": "Botlhalemoleko", "id": 400305471476989952}, {"text": "Trauma con how i met your mother \ud83d\udc4c", "user": "HannaMdzLara", "id": 400296942061637632}, {"text": "\u2018How I Met Your Mother\u2019 Recap: Did Barney Meet \u2018The Mother\u2019 First? http://t.co/URC2JpdXds", "user": "JennyBruck", "id": 400296281156755457}, {"text": "Lol this guy sitting in front of me is watching how I met your mother lmao it's a good show so he's okay", "user": "shorty_alma", "id": 400281232371503104}, {"text": "Really?! How I met your mother is taking FOREVER for Ted &amp; the mom to interact.. Maybe the whole thing is a lie?!? #ComeOnCBS @JoshRadnor", "user": "Shannon_ATX", "id": 400278724685225984}, {"text": "Walmart Black Friday 2013, How I Met Your Mother, Amy Robach, ...: Walmart Black Friday 2013\n  How I Met Your M...", "user": "hostgatorcodes", "id": 400277201582440448}, {"text": "Does anyone else hope that How I Met Your Mother spends a LOT more time on Ted's feelings for Robin? Because that never gets old.", "user": "matt_sturges", "id": 400266223352418305}, {"text": "shows i am now behind on: glee, korra, how i met your mother, and after tonight, ravenswood \ud83d\ude14", "user": "darlingkatrina", "id": 400250541546037248}, {"text": "How I Met Your Mother, Google Drive, Amy Robach, The Voice, ...: How I Met Your Mother\n  Google Drive\n  Amy Rob...", "user": "hostgatorcodes", "id": 400232823560212480}, {"text": "Can't sleep, guess I'll watch How I Met your Mother #HIMYM #Netflix", "user": "DH_1904", "id": 400226510759419904}, {"text": "\u00bb http://t.co/2ddAh11OTc 25 How I Met Your Mother | TV tonight: 'How I Met Your Mother,' 'Bones,' 'JFK'", "user": "sa__ra_h", "id": 400206363865120768}, {"text": "How I Met Your Mother, Google Drive, Amy Robach, The Voice, ...: How I Met Your Mother\n  Google Drive\n  Amy Rob...", "user": "hostgatorcodes", "id": 400204371285139456}, {"text": "How I met your mother and passin tf out\ud83d\ude34", "user": "jweel13", "id": 400183811624816640}, {"text": "Freakin love How I Met Your Mother. I'm gna be sad on the last eppy", "user": "hartooon", "id": 400170310252519424}, {"text": "I hate my computer! I can't watch how I met your mother because of you!\ud83d\ude21\ud83d\ude21", "user": "stefan3d5", "id": 400162997399597056}, {"text": "Too much How I Met Your Mother at once \ud83d\ude33", "user": "spurlockkkk", "id": 400158607276130304}, {"text": "#AddBoobsToTvTitles How I Met Your Mother's Boobs XD", "user": "Jess_Ninja97", "id": 400146141678817280}, {"text": "I'm addicted to how I met your mother", "user": "j_dubb50", "id": 400143217527488512}, {"text": "@HannahStocking How I Met Your Mother. Great show.", "user": "AnthonyTappin", "id": 400141752968814592}, {"text": "RT @duranselena: \u201c@MattyBoy_182: #AddBoobsToTvTitles How I Boobies Your Mother #AmIDoingItRight\u201d I think it's How I Met Your Boobs \ud83d\ude0a", "user": "__Firefighter14", "id": 400138068264361984}, {"text": "\u201c@MattyBoy_182: #AddBoobsToTvTitles How I Boobies Your Mother #AmIDoingItRight\u201d I think it's How I Met Your Boobs \ud83d\ude0a", "user": "duranselena", "id": 400137873317326848}, {"text": "After this episode of How i met your mother..", "user": "michyloya", "id": 400134602716483586}, {"text": "Trying to catch up on how i met your mother and my site is down.", "user": "justvictor__", "id": 400133770012925952}, {"text": "@lilt0ni ted from how I met your mother", "user": "GlamSlam2", "id": 400132333564473345}, {"text": "Because idk how to feel about watching how I met your mother", "user": "fuckdamian", "id": 400131713021403136}, {"text": "RT @J_Wamsey25: I want a group of friends like the group in How I Met Your Mother.", "user": "idalysdperez97", "id": 400127515240329218}, {"text": "RT @J_Wamsey25: I want a group of friends like the group in How I Met Your Mother.", "user": "HeySaxxy", "id": 400126452718260224}, {"text": "I still haven't seen any of the new season of how I met your mother", "user": "brxcy", "id": 400125745235623936}, {"text": "RT @J_Wamsey25: I want a group of friends like the group in How I Met Your Mother.", "user": "_eeemely", "id": 400124042713104384}, {"text": "I want a group of friends like the group in How I Met Your Mother.", "user": "J_Wamsey25", "id": 400123795807019008}, {"text": "This season of How I Met Your Mother is so freaking great.", "user": "ryan_johnston_", "id": 400120062071152641}, {"text": "How I Met Your Mother for the rest of the night.", "user": "Nigasian", "id": 400116677037555712}, {"text": "How I Met Your Mother is my favorite TV show and having a daiquiri helps even more! #HIMYM #daiquiri #alcohol #MondayFunday", "user": "TheTylerPatt", "id": 400112406313304064}, {"text": "How I Met Your Mother", "user": "Detola_A", "id": 400111900190453761}, {"text": "How I met your mother funny AF \ud83d\ude04", "user": "iAmRedBeauty", "id": 400109379175088128}, {"text": "Am I the only person who still wants Robyn to be the mother on How I Met Your Mother!!! #BlueFrenchHorn", "user": "L_Lumbley", "id": 400102443834302464}, {"text": "@spenceroconnor9 friday night lights, the office, breaking bad, how I met your mother to name a few", "user": "ngarcia1117", "id": 400094475214929920}, {"text": "\u201c@imaginator1dx: @jessicadiane_x3 how I met your mother, mom, two broke girls,  blacklist, hostages. Thats only Monday lolol.\u201d Rt", "user": "harrys_twerkk", "id": 400093524214816769}, {"text": "How I met your mother be having me laughing and then posted in \" got damn\" moments", "user": "pjmfluckey", "id": 400092600423559168}, {"text": "Photo: I\u2019m watching How I Met Your Mother 2792 others are also watching. How I Met Your Mother on... http://t.co/oFlGd386Z6", "user": "DarwinWho", "id": 400089674339061760}, {"text": "How I met your mother = fantastic", "user": "PerfectHandz", "id": 400088766527725568}, {"text": "RT @smdrtyler: Hickey really know how to play that slow burn. It's like How I Met Your Mother, but funnier. #TXST", "user": "Ish_46", "id": 400087548787040256}, {"text": "The Mother from How I Met Your mother is too cute.. She's perfect", "user": "KameHameHa____", "id": 400081301505470464}, {"text": "Hickey really know how to play that slow burn. It's like How I Met Your Mother, but funnier. #TXST", "user": "smdrtyler", "id": 400079795720974336}, {"text": "How I Met Your Mother makes me wanna die.", "user": "loverocketsjodi", "id": 400078453891821568}, {"text": "RT @jayjonse: How I met your mother just surprises you every time.", "user": "DoBobford", "id": 400075323514974208}, {"text": "RT @jayjonse: How I met your mother just surprises you every time.", "user": "meganloveashley", "id": 400074605760483328}, {"text": "TBH way too emotionally attached to How I Met Your Mother", "user": "olivia_ornelas", "id": 400074382074478592}, {"text": "That episode of How I Met Your Mother was the best yet. Omg.", "user": "cieraaamillller", "id": 400073938547384320}, {"text": "Aweeee, suuuuuch a good episode of How I Met Your Mother! \u2764\ufe0f \ud83d\ude0a", "user": "emilydawnharris", "id": 400073895664836609}, {"text": "How I met your mother just surprises you every time.", "user": "jayjonse", "id": 400073618266157056}, {"text": "Every new episode of How I Met Your Mother makes me wanna cry, in a good way..", "user": "haydenframpton", "id": 400072775789867009}, {"text": "RT @Chuyitomexican7: How I met your mother is getting better and better every week", "user": "BigBootyDonut", "id": 400072691769569280}, {"text": "How I met your mother is getting better and better every week", "user": "Chuyitomexican7", "id": 400072554032799745}, {"text": "The way Barney proposes to Robin was the best moment of how I met your mother. I think it will even be better than when Ted meets his wife.", "user": "altabares", "id": 400072531220000768}, {"text": "How I Met Your Mother's Boobs #AddBoobsToTvTitles", "user": "aggiethall", "id": 400072378996113409}, {"text": "Once again The Mother saved this from being a pretty generic episode of How I Met Your Mother. Even Bryan Cranston couldn't do that. #HIMYM", "user": "DevinTHudson", "id": 400072223886561280}, {"text": "the mother from how I met your mother is the best \ud83d\udc95", "user": "st5phanie", "id": 400070704487350272}, {"text": "#ViggleTV makes watching \"How I Met Your Mother\" even more entertaining!\n\n #HIMYM #viggle", "user": "babygirl191615", "id": 400070232758185985}, {"text": "Crazy twist on how I met your mother right now! \n#holyshit #HIMYM", "user": "JGA_Gamer", "id": 400069672780828672}, {"text": "\"@Lanibuggg: Homework or How I met your mother ?  Hmm\" definitely not a tough choice. How I met your mother for sure \ud83d\udc4c\ud83d\udc4c .", "user": "xo_miselaaa", "id": 400069505650393089}, {"text": "RT @floatinuphigh: \"@LovelyEuphoriaa: HOW I MET YOUR MOTHER IS ON. SHUP UP. DONT SPEAK DONT BREATH DONT LIVE\" shhhh its on", "user": "LovelyEuphoriaa", "id": 400066565892476928}, {"text": "\"@LovelyEuphoriaa: HOW I MET YOUR MOTHER IS ON. SHUP UP. DONT SPEAK DONT BREATH DONT LIVE\" shhhh its on", "user": "floatinuphigh", "id": 400066094460710912}, {"text": "Watching a new episode of How I Met Your Mother #HIMYM #CBS", "user": "jnp16texas", "id": 400066023614738432}, {"text": "I scored 9/10 on @Vulture's Can You Guess Famous How I Met Your Mother Lines From Just a Freeze-Frame?. #BeatThat http://t.co/jM2H1Tm7QE", "user": "rahorne9", "id": 400064609744199680}, {"text": "I'm watching How I Met Your Mother (295 others are watching) http://t.co/v3ZKBUej1Z #GetGlue @HIMYM_CBS", "user": "wickedoll", "id": 400063909492977665}, {"text": "RT @baby_squirrelz: 29 straight hours of college basketball, spurs game, monday night football &amp; how I met your mother tonight \ud83d\ude48\ud83d\udc4d", "user": "celestenicolee3", "id": 400062507823267840}, {"text": "29 straight hours of college basketball, spurs game, monday night football &amp; how I met your mother tonight \ud83d\ude48\ud83d\udc4d", "user": "baby_squirrelz", "id": 400061864547082241}, {"text": "how I met your mother is on, tybg.", "user": "ughpaul_", "id": 400057483516862464}, {"text": "\u201cTHE VIEW\u201d CO-HOST #SHERRISHEPHERD CONTINUES GUEST ROLE IN \u201cHOW I MET YOUR MOTHER\u201d http://t.co/tNpddFjvzT #TheView #TV", "user": "RudyFDF", "id": 400055488983072768}, {"text": "How I met your mother &gt;", "user": "tjJohnson003", "id": 400053625289863168}, {"text": "RT @hannah_radford: \"@laurenn_flores: Uhhhh, can 7 o'clock hurry up caaaause I kinda wanna see #TheVoice already! \ud83d\ude01\" *how I met your mother", "user": "laurenn_flores", "id": 400047002081189888}, {"text": "\"@laurenn_flores: Uhhhh, can 7 o'clock hurry up caaaause I kinda wanna see #TheVoice already! \ud83d\ude01\" *how I met your mother", "user": "hannah_radford", "id": 400046890760163328}, {"text": "Lay in bed with me all day and watch how I met your mother #soiknowitsreal \ud83d\ude0d\ud83d\ude0d", "user": "DylanSolis", "id": 400039739685748736}, {"text": "How I Met Your Mother day.", "user": "luiscraik", "id": 400039411171065856}, {"text": "Barney Stinson From How I Met Your Mother. Is Awesome!!", "user": "nawfsider832", "id": 400023684686962688}, {"text": "Log just chose Reba over how I met your mother, and then called it an awful show", "user": "kelsey_loren", "id": 400015044953784320}, {"text": "\u201cTHE VIEW\u201d CO-HOST #SHERRISHEPHERD CONTINUES GUEST ROLE IN \u201cHOW I MET YOUR MOTHER\u201d http://t.co/FIfOWidOYC #TheView #TV", "user": "tapplaymedia", "id": 400003813899530241}, {"text": "@ChristopherRoyy Was your friend Alec in an episode of how i met your mother? I'm watching and i think i just saw him haha", "user": "veronikacrystal", "id": 399999389654982656}, {"text": "all I want to do ever is watch how I met your mother", "user": "aly_dailey", "id": 399987970604032001}, {"text": "\u201cTHE VIEW\u201d CO-HOST #SHERRISHEPHERD CONTINUES GUEST ROLE IN \u201cHOW I MET YOUR MOTHER\u201d http://t.co/693Q3lbI9n #TheView #TV", "user": "IdeaFS", "id": 399987631502929921}, {"text": "\u201cTHE VIEW\u201d CO-HOST #SHERRISHEPHERD CONTINUES GUEST ROLE IN \u201cHOW I MET YOUR MOTHER\u201d http://t.co/CIGKojcxSi #TheView #TV", "user": "URAppHelp", "id": 399977549356605440}, {"text": "How I met your mother makes me happy (:", "user": "CookiSykes", "id": 399959469238390784}, {"text": "#nw How I met your mother", "user": "YooIvann", "id": 399952500175806464}, {"text": "\u201cTHE VIEW\u201d CO-HOST #SHERRISHEPHERD CONTINUES GUEST ROLE IN \u201cHOW I MET YOUR MOTHER\u201d http://t.co/CvsO5H2W6r #TheView #TV", "user": "smileymoet", "id": 399949808167051265}, {"text": "\u201cTHE VIEW\u201d CO-HOST SHERRI SHEPHERD CONTINUES GUEST ROLE IN \u201cHOW I MET YOUR MOTHER\u201d http://t.co/Uaj1lX2ntg", "user": "FlicksandFood", "id": 399941959672147968}, {"text": "\u201cTHE VIEW\u201d CO-HOST #SHERRISHEPHERD CONTINUES GUEST ROLE IN \u201cHOW I MET YOUR MOTHER\u201d http://t.co/1itoe44Pn1 #TheView #TV", "user": "Idea_Apps_Inc", "id": 399941496293826561}, {"text": "@smith2alexander take care came out the weeknd started watching how I met your mother, dexter and Gary Allan #NWTS", "user": "KingLayneB42", "id": 399933549035282432}, {"text": "Breakfast = Southwestern Style Salad, Redbull and How I Met Your Mother. http://t.co/BPHlKxPcLW", "user": "SidewalkVillain", "id": 399931896177917952}, {"text": "RT @SpamAccount_xx: How I met your mother: HIMYM #networktvcomedy #PeoplesChoice", "user": "pika_zombie", "id": 399922039991320576}, {"text": "32 : 2 broke girls. keeping up with the kardashian. how i met your mother. glee. sam and cat. hart of dixie..", "user": "Mustef_K", "id": 399897843336765440}, {"text": "\"@NSarahMaria: How i met your mother season 9 ! It was awesome! \ud83d\ude02\"", "user": "FadelyZulkifli", "id": 399878499046940672}, {"text": "RT @SpamAccount_xx: How I met your mother: HIMYM #networktvcomedy #PeoplesChoice", "user": "scherbatskypcas", "id": 399873550456074240}, {"text": "RT @SpamAccount_xx: How I met your mother: HIMYM #networktvcomedy #PeoplesChoice", "user": "SmulderingPCA", "id": 399872186204172288}, {"text": "RT @SpamAccount_xx: How I met your mother: HIMYM #networktvcomedy #PeoplesChoice", "user": "pcahimym", "id": 399865349849759744}, {"text": "RT @SpamAccount_xx: How I met your mother: HIMYM #networktvcomedy #PeoplesChoice", "user": "_robinstinson", "id": 399862312003436544}, {"text": "RT @SpamAccount_xx: How I met your mother: HIMYM #networktvcomedy #PeoplesChoice", "user": "MichelleLevitan", "id": 399861921874444288}, {"text": "RT @SpamAccount_xx: How I met your mother: HIMYM #networktvcomedy #PeoplesChoice", "user": "prfvrnaio", "id": 399861520395665409}, {"text": "How I met your mother: HIMYM #networktvcomedy #PeoplesChoice", "user": "SpamAccount_xx", "id": 399861253088509952}, {"text": "Lily from How I Met Your Mother: one TV character I'd like to punch in the face, repeatedly", "user": "lokeshmandvekar", "id": 399803075788955648}, {"text": "Photoset: yeswaitforit: TV Characters You Didn\u2019t Know Were Married in Real Life The How I Met Your Mother... http://t.co/CYRSl21Pzk", "user": "Dashing_Jose_S", "id": 399797797828169728}, {"text": "\"How I met your Mother\" funny AF", "user": "iLackSwagg", "id": 399796553524584448}, {"text": "Really wanted to catch up on New Girl and How I Met Your Mother today, but I was even too lazy to do that.", "user": "Ohhitskaleygee", "id": 399790382411558913}, {"text": "@dDeoxyribo Greys Anatomy. Burn Notice. How I Met Your Mother.", "user": "ZeeDustin", "id": 399786546263371776}, {"text": "RT @tmcdonald11: I don't wanna study I just wanna eat cereal and watch How I Met Your Mother", "user": "Sarahbear234", "id": 399786342789287936}, {"text": "@indyswarmest tell that to How I Met Your Mother.", "user": "TheMisterRogers", "id": 399767088635449344}, {"text": "nooooooooooo!!!!!!!!!!! i just saw the last episode of \"how i met your mother \" on netflix!!!!!!! idk what to do now", "user": "jcastle08", "id": 399766220272324608}, {"text": "Getting cozy with some dogs, How I Met Your Mother and Froot Loops. #recovery", "user": "ginnyking", "id": 399763975912452096}, {"text": "I don't wanna study I just wanna eat cereal and watch How I Met Your Mother", "user": "tmcdonald11", "id": 399761355617492992}, {"text": "#nw how I met your mother", "user": "estradaadiana", "id": 399753575342948352}, {"text": "How I met your mother #TurnUp", "user": "_Jeramiahh", "id": 399752619524370432}, {"text": "I think I'm just going to start re watching How I Met Your Mother until my uterus completes killing itself", "user": "omgstephyy", "id": 399744975388164097}, {"text": "Currently addicted to How I Met Your Mother", "user": "KolbieKruft", "id": 399740360273821696}, {"text": "Watching how I met your mother (:", "user": "MichaelaLynn666", "id": 399736237390434305}, {"text": "Now to end the night with How I Met Your Mother \ud83d\ude0a", "user": "Addrrriianaa", "id": 399732361102757888}, {"text": "They finally put @SHO_Dexter on @netflix. About damn time. Reruns of how I met your mother, breaking bad, and gossip girl were getting old.", "user": "Baby_Lexi10", "id": 399726631331590145}, {"text": "@norwegianbrooke You're the Robin from How I Met Your Mother, huh? Cigar smoking, whiskey loving. All you need is a few guns and boom!", "user": "MedicKCC0", "id": 399725997307600897}, {"text": "5 episodes of how I met your mother on a Sunday night? #thenightisstillyoung", "user": "kate_mully", "id": 399715410435514368}, {"text": "Can't wife @hamsteryabish up until she watches How I met your mother &amp; Star Wars \ud83d\udc81", "user": "C_losMartinez", "id": 399709571612037121}, {"text": "@AndySwift HOW I MET YOUR MOTHER: FAIRYLAND.", "user": "ShaneSSaunders", "id": 399706661402595328}, {"text": "\u201c@hosogo_: officially have nothing to do with my life now that I finished how I met your mother on netflix dang man\u201d start ALL OVER AGAIN!", "user": "C_losMartinez", "id": 399703770575040513}, {"text": "Ah I love How I Met Your Mother", "user": "JohnBonne", "id": 399699525234741249}, {"text": "how I met your mother is forever making me cry #himym #perfection", "user": "melindagonzo", "id": 399699524106457088}, {"text": "I'm watching How I Met Your Mother (63 others are watching) http://t.co/ehdc7tes5r #GetGlue @HIMYM_CBS", "user": "Rhettoric_1", "id": 399697060674678784}, {"text": "How I Met Your Mother is everything.", "user": "Stephanie8123", "id": 399688917957349376}, {"text": "Man how I met your mother is hittin it real hard", "user": "ctdoublec", "id": 399656410122055680}, {"text": "\u201c@Whit_F0x: I encourage and reward myself with how I met your mother breaks during homework\ud83d\ude0f\ud83d\ude02\u201d my life\ud83d\udc4c", "user": "mikaelaclinton", "id": 399654262054989824}, {"text": "Hmm. Lost or How I Met Your Mother?", "user": "kylegonzales", "id": 399625393646227457}, {"text": "I'm hungover and watching \"How I Met Your Mother\" for the first time and its blowing my mind.", "user": "WhitmanBand", "id": 399571846699294720}, {"text": "RT @DaRickterScale: Waking up to How I Met Your Mother means good day", "user": "ChaseEmbrey", "id": 399558807207944192}, {"text": "Waking up to How I Met Your Mother means good day", "user": "DaRickterScale", "id": 399558651402153984}, {"text": "How I met your mother to the rescue!", "user": "j_dubb50", "id": 399435670944350208}, {"text": "Re-watching old how I met your mother episodes&gt;&gt;&gt;", "user": "Halllyyyyyy", "id": 399424340447338496}, {"text": "How I Met Your Mother is hilarious!!", "user": "jasonfbarrett", "id": 399411877836382208}, {"text": "I've been watching how I met your mother for 4 and a half hours . I regret nothing and I shall continue", "user": "deeeeeexo", "id": 399406353464049664}, {"text": "Casein and catching up on How I Met Your Mother til I'm schleep. #goodnight", "user": "Bayou_Nerd", "id": 399406172530147331}, {"text": "RT @HolcombNate: How I met your mother\ud83d\ude0d", "user": "juliaa319", "id": 399392799470010368}, {"text": "How I met your mother with my roommate and her twin", "user": "Little_Marie850", "id": 399390684269928448}, {"text": "Catching up on how I met your mother", "user": "Allison_Baggett", "id": 399382155681218561}, {"text": "I can't be the only one who thinks How I Met Your Mother jumped the shark long before Robin and Barney got together.", "user": "mmabry2071", "id": 399377765381992448}, {"text": "How I met your mother\ud83d\ude0d", "user": "HolcombNate", "id": 399377221254512640}, {"text": "How i met your mother &gt; life itself", "user": "Mariah_Cruz_oo", "id": 399337727633547264}, {"text": "how i met your mother has stopped working.\n\nwtf am i supposed to do now.", "user": "ReeganBrown", "id": 399336185958387713}, {"text": "How I Met Your Mother is ruining my life. Guess there are worse ways to have your life ruined.", "user": "abussing5", "id": 399314356342513664}, {"text": "Im caught up to date on The Walking Dead and How I Met Your Mother... What else is there to watch?", "user": "SoccerBro96", "id": 399275949906071552}, {"text": "How I met your Mother never ever gets old!", "user": "margorogers_", "id": 399207595153436673}, {"text": "The trick to making the perfect scrambled eggs? Watch and learn: http://t.co/ASxcWz6SMl #breakfast @BPlantico #himym", "user": "cpaloo", "id": 399192639733370880}, {"text": "Lol I love how I met your mother.", "user": "_jenniferstarr", "id": 399188181360197632}, {"text": "@ApizzAnuar how i met your mother", "user": "FadelyZulkifli", "id": 399156339219238913}, {"text": "Oh yeah, while I'm still awake: find out if a girl watches How I Met Your Mother before telling her she looks like Robin from HIMYM #welp", "user": "travis_banks", "id": 399097406727274496}, {"text": "@_jessicahhhh the office and how I met your mother didn't help lol", "user": "BenJ2909", "id": 399066371080060928}, {"text": "@podicat1 Oh, yeah. I need to watch How I Met Your Mother from Monday.  Thanks.", "user": "davrains", "id": 399034271966298112}, {"text": "@wicked_lady05 exactly!! I need to find a channel with that same marathon of how I met your mother. That'd be heaven lol", "user": "ack0060", "id": 399019323026456577}, {"text": "OMG! How I Met Your Mother is amazing!", "user": "HausOfTammyChu", "id": 398979862331133952}, {"text": "OMG! For all the How I Met Your Mother Fans, I can't believe this was real. The infamous Stovinkerator! http://t.co/WwX3r6dOu0", "user": "EPOGaming", "id": 398978269451911168}, {"text": "@HIMYM_CBS soo excited to see @BryanCranston on #platonish, can't wait for Monday's ep! preview: http://t.co/gpr9WRvlGF", "user": "pranavi926", "id": 398950277799088128}, {"text": "I'm watching How I Met Your Mother (76 others are watching) http://t.co/ehdc7tes5r #GetGlue @HIMYM_CBS", "user": "Rhettoric_1", "id": 398939239800643585}, {"text": "I'm watching How I Met Your Mother (74 others are watching) http://t.co/ehdc7tes5r #GetGlue @HIMYM_CBS", "user": "Rhettoric_1", "id": 398939226265640960}, {"text": "Like 20 'How I Met Your Mother' eps recorded...that will do for tomorrow", "user": "laurentaylor_15", "id": 398924329187942400}, {"text": "@Byrdman915 30 Rock, How I Met Your Mother, American Horror Story! I'm sure there's more but I'm not in front of my Netflix queue.", "user": "aaronscottg", "id": 398918648263221250}, {"text": "@JNanny sorry, I'm binge watching how I met your mother before I have to go back to work", "user": "colbytimberlake", "id": 398916711350419456}, {"text": "\u201c@whynottosmile: How I Met Your Mother will be over soon\u201d OMG STIMMT JA ICH WEINE", "user": "nadupenner", "id": 398902099934998529}, {"text": "Crying at how I met your mother on a friday night, hahahahaha fab", "user": "ionabecca", "id": 398866836424785920}, {"text": "If you watch how I met your mother, you're already cool in my book.", "user": "AbstractBeautee", "id": 398865786322034688}, {"text": "RT @Emmapaige13: @JosephMorgasm_ Klaroline, Swarkles ( how I met your mother) )", "user": "JosephMorgasm_", "id": 398832158326145024}, {"text": "@JosephMorgasm_ Klaroline, Swarkles ( how I met your mother) )", "user": "Emmapaige13", "id": 398831675456905216}, {"text": "RT @2lost2befound: Sdds quando passavam o house a toda a hora, how i met your mother, bones, etc.", "user": "LavaTLasManos", "id": 398813301146398720}, {"text": "Sdds quando passavam o house a toda a hora, how i met your mother, bones, etc.", "user": "2lost2befound", "id": 398793079031078912}, {"text": "I love \"how I met your mother\" \ud83d\ude0d", "user": "jaydeezy11", "id": 398716931919728640}, {"text": "\"@sammwichh: I need something on Netflix that isn't How I Met Your Mother.  Something scary please.  Ready set go.\"the final is okay", "user": "StevenBijou504", "id": 398692752289837056}, {"text": "RT @jackiesflyy1: watching how I met your mother makes my day \ud83d\ude0a", "user": "gabriellagalvan", "id": 398689803568287744}, {"text": "RT @jackiesflyy1: watching how I met your mother makes my day \ud83d\ude0a", "user": "BamSam_", "id": 398681406353985536}, {"text": "watching how I met your mother makes my day \ud83d\ude0a", "user": "jackiesflyy1", "id": 398680870313132033}, {"text": "A cup of joe, some snacks and how I met your mother or a relaxing night.", "user": "Shane_AKA_Swain", "id": 398666402292191232}, {"text": "I love how I met your mother lol", "user": "MiftauGang", "id": 398641606255194112}, {"text": "Big Bang Theory or How I Met Your Mother? #ToughChoice #LoveCBS", "user": "KorinnaKorinna", "id": 398635789623369729}, {"text": "\"...you know, honestly we always thought you were gay.\" - The two kids from  How I Met Your Mother", "user": "SteveintheKT", "id": 398612343602434048}, {"text": "@izziem How I Met Your Mother.", "user": "BigMikeInAustin", "id": 398605877701120000}, {"text": "How I Met Your Mother! #RoommateBonding", "user": "elevillegas32", "id": 398594832429363200}, {"text": "@holliencampbell I didn't quit! I just need something to occupy my time between when Revenge and How I Met Your Mother air on Mondays :)", "user": "emilylayne18", "id": 398575072316624896}, {"text": "Mondays how I met your mother was real. Good shit. Good shit indeed", "user": "pjmfluckey", "id": 398569105097101312}, {"text": "How I Met Your Mother \ud83d\ude04\ud83d\ude04\ud83d\ude04", "user": "Kathyyarce", "id": 398565148098437120}, {"text": "I guess I'll watch how I met your mother from it's very first season \ud83d\ude4a\ud83d\ude48", "user": "QueenJenaa", "id": 398539688471842816}, {"text": "@LacyMarie15 @Frasier66 I may tackle that next.I finished How I met Your Mother and Sons of Arnachy.Also Hart of Dixie.Now its week to week", "user": "Texdale", "id": 398532638316584960}, {"text": "how I met your mother aha I love this show one day ill be just like barn", "user": "murumuru0oPalmi", "id": 398525420145885184}, {"text": "How I Met Your Mother in class #college #doingitright #HIMYM http://t.co/eEpdmO7jsO", "user": "sethbobeth", "id": 398524322505306112}, {"text": "Good friends and How I Met Your Mother. My evening was better than yours.", "user": "TheRealDeeej", "id": 398349025113812992}, {"text": "RT @Yany06: Un avance del regreso de Bryan Cranston a \u2018How I met your mother\u2019 http://t.co/dE3bFwiDK8 / OMG OMG OMG", "user": "leftdance", "id": 398321309673070592}, {"text": "Un avance del regreso de Bryan Cranston a \u2018How I met your mother\u2019 http://t.co/dE3bFwiDK8 / OMG OMG OMG", "user": "Yany06", "id": 398314073382588416}, {"text": "RT @Jawwwwwwsh: How I Met Your Mother is my stuff!!!", "user": "_vandenbranden_", "id": 398301464038092800}, {"text": "How I Met Your Mother is my stuff!!!", "user": "Jawwwwwwsh", "id": 398301375148212224}, {"text": "How I met your mother.", "user": "Velasco_Pickles", "id": 398288456612188160}, {"text": "RT @omgg_v: WHEN BARNEY PROPOSES TO ROBIN &gt; \ud83d\ude2d\ud83d\ude2d\ud83d\ude2d\ud83d\ude2d\ud83d\ude2d that is the most beautiful moment of How I Met Your Mother \ud83d\udc95", "user": "Marisa_Kristine", "id": 398284523349082113}, {"text": "WHEN BARNEY PROPOSES TO ROBIN &gt; \ud83d\ude2d\ud83d\ude2d\ud83d\ude2d\ud83d\ude2d\ud83d\ude2d that is the most beautiful moment of How I Met Your Mother \ud83d\udc95", "user": "omgg_v", "id": 398284134704902145}, {"text": "Video: How I Met Your Mother - 9x11: Bedtime Stories - Teaser Promo \u00a0 This is the episode that is going to... http://t.co/RWa7nWJUTG", "user": "Telytubisavalas", "id": 398247457244844032}, {"text": "At the end of last nights episode of \nhow I met your mother episode &lt;3", "user": "BigSexyNick", "id": 398226431357906944}, {"text": "Hearing the How I Met Your Mother theme song never fails to make me smile \ud83d\ude0a", "user": "itsrocici", "id": 398223670448902145}, {"text": "@caitlynecarter would be so proud of me! Finally watching how I met your mother \ud83d\ude02", "user": "julie_paulson", "id": 398217264677527552}, {"text": "This week's How I Met Your Mother seems a little less sweet after learning about the ending conspiracy theories. But still. That last scene.", "user": "katherinemccoy", "id": 398212894191398912}, {"text": "@Dr_Sus_ how I met your mother?", "user": "MichaelNewShoes", "id": 398210954657165312}, {"text": "RT @DaRickterScale: How I Met Your Mother with my puppies", "user": "_JoshMazariegos", "id": 398186220301201408}, {"text": "How I Met Your Mother with my puppies", "user": "DaRickterScale", "id": 398186171269804032}, {"text": "\u201c@Cynthia_Alarcon: Now that I've finished How I Met Your Mother...I moved onto GOSSIP GIRL!!!\u201d\ud83d\udc4e\ud83d\udc4e\ud83d\udc4e\ud83d\udc4e\ud83d\udc4e\ud83d\udc4e\ud83d\udc4e\ud83d\udc4e\ud83d\udc4e\ud83d\udc4e\ud83d\udc4e\ud83d\udc4e\ud83d\udc4e\ud83d\udc4e\ud83d\udc4e\ud83d\udc4e\ud83d\udc4e\ud83d\udc4e\ud83d\udc4e\ud83d\udc4e\ud83d\udc4e\ud83d\udc4e\ud83d\udc4e\ud83d\udc4e\ud83d\udc4e\ud83d\udc4e\ud83d\udc4e\ud83d\udc4e\ud83d\udc4e\ud83d\udc4e\ud83d\udc4e\ud83d\udc4e\ud83d\udc4e\ud83d\udc4e\ud83d\udc4e\ud83d\udc4e\ud83d\udc4e\ud83d\udc4e\ud83d\udc4e\ud83d\udc4e\ud83d\udc4e\ud83d\udc4e\ud83d\udc4e\ud83d\udc4e\ud83d\udc4d\ud83d\udc4d", "user": "GarrettKing9", "id": 398182964581789696}, {"text": "How I Met Your Mother is the best show ever\ud83d\ude02", "user": "MissEmilieJane", "id": 398179094539821056}, {"text": "How could I have missed the  new How I Met Your Mother Episode last night???!?!? WHYYY \ud83d\ude2d\ud83d\udd2b", "user": "_karinamanda", "id": 398173729747791872}, {"text": "How i met your mother\ud83d\udc4d\ud83d\udc4c\ud83d\ude4c\ud83d\udc4f", "user": "AlliasEnriquez", "id": 398168870210375681}, {"text": "Watched How I Met Your Mother in religion #onlyatBaylor", "user": "rachaellynne13", "id": 398154704456122368}, {"text": "What me &amp; my best friend talk about before bed ahaha. Just like How I Met Your Mother we have back up\u2026 http://t.co/N68y2m1UxL", "user": "Lace_Face_09", "id": 398152578225405952}, {"text": "how I met your mother is a terrible show", "user": "azharbballer23", "id": 398138917842460672}, {"text": "How I Met Your mother does to me what Drake supposedly does to y'all", "user": "MalcolmXCrazy", "id": 398137945493762049}, {"text": "OH MY GOD HOW I MET YOUR MOTHER HOW DO YOU GET ME CRYING EVERY TIME???? #season9 #somanyemotions", "user": "cstolb", "id": 398130809648861184}, {"text": "Year 2030 Son: Dad how did you meet mom? Dad: ah son, I met your mother by hitting the following button on Twitter,", "user": "carolina_jatim", "id": 398116177882271744}, {"text": "RT @TheAtticFloor: I'm pretty ready for How I Met Your Mother to move along from the whole 10 episode wedding arc. Fucks sake.", "user": "_ponyboy", "id": 398059274284580864}]