[{"text": "@sleepingslothy on Masters of Sex, the wife calls her husband \"Daddy\" &amp; they have NO kids O.O squicks me out!!", "user": "Moflo19", "id": 400811600338116608}, {"text": "Masters of sex is really good. Can't stop thinking about it.", "user": "akinchloe", "id": 400648361180545024}, {"text": "I missed masters of sex \ud83d\ude14", "user": "kturner09", "id": 400441984415850497}, {"text": "#NW MASTERS OF SEX", "user": "Amelieciouss", "id": 400313565803839489}, {"text": "RT @NicolaWinston: Masters of Sex also just keeps getting better and more intense. Best new show I've seen in awhile.", "user": "RobExiled", "id": 400146813530828800}, {"text": "Masters of Sex also just keeps getting better and more intense. Best new show I've seen in awhile.", "user": "NicolaWinston", "id": 400135541486002176}, {"text": "Masters of Sex&gt;.", "user": "jourdanbabyyy", "id": 400095380701863936}, {"text": "\"Is there some sex in this series, or they just want us to watch it because of the title? :p\" a propos de Masters of Sex", "user": "Joaquimm_", "id": 400026628606017536}, {"text": "My Sunday shows watch order: Masters of Sex, Eastbound &amp; Down, Hello Ladies, Boardwalk Empire, Walking Dead and then Homeland.", "user": "BaronVonGrant", "id": 399982802214854656}, {"text": "Johnny - I really like Masters of Sex, but something isn't gel-ing overall for me.  Anyone else feel that way?", "user": "tvdudes", "id": 399966522426535936}, {"text": "Masters of Sex is pushing to be my favorite show currently. Lizzy Caplan CM definitely help.", "user": "airelav2", "id": 399889568876351488}, {"text": "@ParisHilton Lost Girl, Masters of Sex &amp; Justified.", "user": "LuckyG7", "id": 399811919659298817}, {"text": "Masters of Sex is seriously my favorite show right now!! I can't help it but I love me some @michaelsheen !!! #MastersofSex #michaelsheen", "user": "JessiHessing", "id": 399801680683745280}, {"text": "@kimgasparshian Tf is the masters of sex?!?!", "user": "_TCWorldwide_1", "id": 399779136010338304}, {"text": "My mom thinks I watch porn when I watch masters of sex", "user": "rebeccatravis14", "id": 399767045413146624}, {"text": "Oh look a new masters of sex episode was uploaded :-)", "user": "Exc7n", "id": 399766933564030977}, {"text": "RT @KimNosleeves_22: Masters of sex \ud83d\ude01\ud83d\ude01\ud83d\ude01", "user": "ReyASunshineeee", "id": 399766680827469825}, {"text": "\"Masters of Sex\" is my most favorite television series right now. I'm in love with it!", "user": "hope_nadine3", "id": 399764344885346304}, {"text": "Photo: I\u2019m watching Masters of Sex 4085 others are also watching. Masters of Sex on http://t.co/UEVzoLKMyo http://t.co/B6IbwTjjWW", "user": "docinaustin", "id": 399750794192617472}, {"text": "Photo: I just unlocked the Masters of Sex: All Together Now sticker on GetGlue 3352 others have also... http://t.co/XLB0AHlOcO", "user": "docinaustin", "id": 399750793286676480}, {"text": "I AM LUSTING AFTER THESE 1950s BRAS! (Still Masters of Sex) @kalmia", "user": "sapphy_hime", "id": 399747508923944961}, {"text": "Watching Masters of Sex with my insane parents continues to be a cavalcade of crazy.", "user": "sapphy_hime", "id": 399743342851801088}, {"text": "Masters of sex \ud83d\ude01\ud83d\ude01\ud83d\ude01", "user": "KimNosleeves_22", "id": 399734977362796544}, {"text": "Masters of sex is my new favorite show.", "user": "Miranda_Camille", "id": 399734405305860097}, {"text": "Masters of sex! #favorite #show #ever", "user": "rebeccatravis14", "id": 399732910028513280}, {"text": "I'm watching Masters of Sex (1103 others are watching) http://t.co/SQqkybaBrr #GetGlue @sho_masters", "user": "Rhettoric_1", "id": 399720293343965184}, {"text": "Masters of Sex.....GREAT show!!! Well done Showtime.....", "user": "starlight0418", "id": 399716184074878977}, {"text": "Just a bad sports day. Not even going to watch the Cowboys tonight. Masters of Sex then straight to bed.", "user": "bigtotoro", "id": 399689426713866240}, {"text": "Too much on TV tonight. Suns game, Killing Kennedy, Walking Dead, Masters of Sex, Cowboys game. Think I'll need tomorrow off to recuperate.", "user": "tristineaton", "id": 399675454476398592}, {"text": "I can't wait to see when the Masters Of Sex gets to the episode covering Dierdorf doing Ravens broadcasts.", "user": "rights_of_bill", "id": 399628629623066624}, {"text": "@melguzz you would watch something called masters of sex. http://t.co/eocCnF9jBI", "user": "Carofffine", "id": 399584462939648000}, {"text": "Longing for the good old days? Watch Showtime's \"Masters of Sex.\"    \n\nYou'll get over it. \n\n#delusion", "user": "UFOGnostic", "id": 399291378745606144}, {"text": "Masters of sex is honestly a badass show", "user": "tsupremeg", "id": 399083024442462208}, {"text": "@KARLA72578 have you been watching masters of sex on Showtime", "user": "De_Rex86", "id": 399024127639441408}, {"text": "@SciaccaTweets Oh, and Masters of Sex is pretty amazing too. Not just for the naked people. Really dramatic.", "user": "NicolaWinston", "id": 398605126208073728}, {"text": "A great look into the show Masters of Sex, definitely worth a watch #MastersOfSexVG http://t.co/k5oQYbnYJe #AD", "user": "beingawordsmith", "id": 398594467285835777}, {"text": "@MrScottMurray For me it's Sleepy Hollow, Masters of Sex, and Brooklyn Nine Nine.", "user": "DerfelMacklin", "id": 398580620894294016}, {"text": "Oh God and that MASTERS OF SEX \"Peyton Place\" sequence is just about the swooniest thing I've seen on television this year.", "user": "thefilmgoer", "id": 398335526966550528}, {"text": "The look on Allison Janney's face during  her bridge partner's shoe size analogy on Sunday's MASTERS OF SEX is why I'm so in love with it.", "user": "thefilmgoer", "id": 398327089482305536}, {"text": "\"Ugh, women are so stupid. I hate them. Us, I mean. I hate us.\" http://t.co/wFGbtiOKbX #MastersOfSex #Recap", "user": "jacobtwop", "id": 398263512733986816}, {"text": "A great look into the show Masters of Sex, definitely worth a watch #MastersOfSexVG http://t.co/cQcgoBQsJE #AD", "user": "summerflood", "id": 398096981563686912}]