[{"text": "Modern family!", "user": "_TeamNina", "id": 400830314341089280}, {"text": "Time for Modern Family!!! #dvr", "user": "kelz514", "id": 400828482441072640}, {"text": "RT @turn_up_tabie: I love modern family", "user": "PattyJuX2", "id": 400827406745083904}, {"text": "RT @hannahlaineee: I dont even have time to watch modern family anymore :'(", "user": "RachelmBurger", "id": 400826812617752576}, {"text": "RT @KSagThuggin: \"I'm the Hester Prynne of freshman football.\" This is why I love Modern Family\ud83d\ude02", "user": "T_Swizzle10", "id": 400825630448578560}, {"text": "RT @SabrinaFreire13: Modern Family is life \ud83d\ude0d", "user": "CManweiler", "id": 400825016264454144}, {"text": "The modern family structure can get complicated. While \u201cfamily\u201d can make good material for divorce courts and... http://t.co/KArA1T9y53", "user": "mcnairlawgroup", "id": 400824480102363136}, {"text": "Tonight my homework consists of watching Modern Family and relating the parenting styles in the show to material in class. College is hard?", "user": "MoonWalkin_", "id": 400823623625080832}, {"text": "Photo: I just unlocked the Modern Family: A Fair to Remember sticker on GetGlue 2271 others have also... http://t.co/0DWgLHVzwV", "user": "docinaustin", "id": 400823270150512640}, {"text": "Dad, Dalton, and myself just cried laughing for literally five minutes at Modern Family.", "user": "ChanceDiez", "id": 400822584733757440}, {"text": "\"I'm the Hester Prynne of freshman football.\" This is why I love Modern Family\ud83d\ude02", "user": "KSagThuggin", "id": 400822099356299264}, {"text": "The Asian girl in Modern Family is a terrible actress.", "user": "steveggerken", "id": 400816914907549698}, {"text": "RT @SabrinaFreire13: Modern Family is life \ud83d\ude0d", "user": "dordan_21", "id": 400816330686754816}, {"text": "RT @SabrinaFreire13: Modern Family is life \ud83d\ude0d", "user": "GlenneyMegan", "id": 400813455449399296}, {"text": "Modern Family is life \ud83d\ude0d", "user": "SabrinaFreire13", "id": 400813243972599808}, {"text": "I could watch Modern Family all day lol. #NewFavoriteComedy @SofiaVergara", "user": "TxRomeo85", "id": 400813166860333056}, {"text": "RT @Christina2224: Modern family always has the ability to make my heart so warm\ud83d\udc95\ud83d\udc95\u2764\ufe0f great episode! #Happy20thPhilandClaire", "user": "SidecastrPicks", "id": 400812452499427329}, {"text": "Modern family always has the ability to make my heart so warm\ud83d\udc95\ud83d\udc95\u2764\ufe0f great episode! #Happy20thPhilandClaire", "user": "Christina2224", "id": 400812331115872256}, {"text": "RT @ssaenzzy: I could watch Modern Family for hours", "user": "SidecastrPicks", "id": 400811307508981760}, {"text": "I could watch Modern Family for hours", "user": "ssaenzzy", "id": 400811282065944576}, {"text": "Watching my favorite show modern family", "user": "toyam790", "id": 400811198792228864}, {"text": "Haley is looking good on modern family tonight", "user": "BravesRedDirtFn", "id": 400810997692116992}, {"text": "OHMYGOD, the little brother Luke is all grown up and weird on Modern Family, aghhhhhhh", "user": "jhawk6229", "id": 400810613716160512}, {"text": "RT @Calico_Jmo: Modern Family go hard too", "user": "KallinMeLuna", "id": 400810427460096000}, {"text": "Photo: I just unlocked the Modern Family: A Fair to Remember sticker on GetGlue 3342 others have also... http://t.co/1w9Y8K8v4H", "user": "MzzEccentriK", "id": 400809889154756608}, {"text": "I love Wednesday nights. Modern Family, Super Fun Night, and American Horror Story Coven", "user": "juscallmesizzle", "id": 400809593225240577}, {"text": "I just love Modern Family #Happy20thPhilandClaire", "user": "BrockLPrice", "id": 400809472106311680}, {"text": "RT @Calico_Jmo: Modern Family go hard too", "user": "FckYeahASHLEIGH", "id": 400809465772900352}, {"text": "RT @Calico_Jmo: Modern Family go hard too", "user": "Fkn_Gorgeous", "id": 400809360500064256}, {"text": "@dbacktaylor1987 modern family", "user": "steveprofota", "id": 400809159861366784}, {"text": "If Modern Family was just about the Dunphys, it would be infinitely better.", "user": "clintosaurus", "id": 400808852792164352}, {"text": "This girl on modern family is fione", "user": "FlyingOstrich", "id": 400808358438912000}, {"text": "RT @chauntecchee: The Middle &amp; Modern Family make me laugh", "user": "krenee_xo", "id": 400808304152027137}, {"text": "I really need a \"Modern Family\" marathon in my life...", "user": "SeegarsLu", "id": 400807857605451776}, {"text": "I love modern family", "user": "turn_up_tabie", "id": 400807278850240513}, {"text": "Anyone a fan of Modern Family?", "user": "steveprofota", "id": 400807019654828033}, {"text": "Modern family is cheering me up", "user": "lostlyrics96", "id": 400806860690698240}, {"text": "How do I make \"Modern Family\" even better? I Viggle It! TV loves you back with #ViggleTV\n\n #ModernFamily #viggle", "user": "delarosapaula", "id": 400806622617804800}, {"text": "Milk shake gone. Pants off. Modern Family on. THE life.", "user": "Lkdavis4", "id": 400806352034856960}, {"text": "Workaholics bro on Modern Family", "user": "ZacHAttach7", "id": 400806252064014336}, {"text": "Modern Family needs to stop being so funny. I almost die choking once a week because of it.", "user": "Meaganmichele94", "id": 400805891982622720}, {"text": "The Middle &amp; Modern Family make me laugh", "user": "chauntecchee", "id": 400805675783053312}, {"text": "The girl on modern family got some tig bitties.", "user": "Tithus_Flow", "id": 400805545432469504}, {"text": "I'm watching Modern Family (2063 others are watching) http://t.co/2PYDVAidEE #GetGlue @ModernFam", "user": "BeeGeeXD", "id": 400805230893608960}, {"text": "Modern Family Time!", "user": "Christina2224", "id": 400805062772932608}, {"text": "Quality family home in The Renaissance. Kitchen features \"modern cottage\" style  $524,900: San Antonio, TX -- ... http://t.co/U2ctyDGVUx", "user": "emilio96", "id": 400804831125729280}, {"text": "Quality family home in The Renaissance. Kitchen features \"modern cottage\" style  $524,900: San Antonio, TX -- ... http://t.co/G5CVnxYdq4", "user": "emilio96", "id": 400804244573274112}, {"text": "I dont even have time to watch modern family anymore :'(", "user": "hannahlaineee", "id": 400804046279565312}, {"text": "RTRT\"@duffflee: I could watch Modern Family all day! #toofunny \ud83d\ude02\ud83d\ude02\ud83d\ude02\ud83d\ude02\"", "user": "alaneyyyyy", "id": 400802364510048256}, {"text": "Modern Family cracks me up. @matthewrbeal", "user": "OKCTA23", "id": 400802363830587392}, {"text": "Why have I never watched Modern Family?! \ud83d\ude02\ud83d\ude02", "user": "terrellmorelock", "id": 400802284449193984}, {"text": "Bruh, modern family funny af!!", "user": "Mr_GoldDraws", "id": 400801331650494465}, {"text": "I love Modern Family.", "user": "brittany_lamas", "id": 400799772199489536}, {"text": "I'm watching Modern Family (1007 others are watching) http://t.co/VZTL0Mv4XQ #GetGlue @ModernFam", "user": "Rhettoric_1", "id": 400794724447293440}, {"text": "Modern Family is seriously my favorite show\ud83d\ude02", "user": "alexaneal22", "id": 400794096853188608}, {"text": "Wednesdays are my favorite because modern family", "user": "courtneyisaboss", "id": 400791600927735809}, {"text": "My two favorite shows modern family and the fosters", "user": "Andrew_Miles99", "id": 400787810187096064}, {"text": "@iAmSPell nah Modern family will keep my tired ass up n i need to be sleep. your smart ass father didnt call me either", "user": "ton_nursejackie", "id": 400785721281089536}, {"text": "RT @sorangelll: My sister friend said that I look like the girl in modern family and my sister said no she's prettier. Aww isn't she so swe\u2026", "user": "guerrav25", "id": 400784614517530624}, {"text": "My sister friend said that I look like the girl in modern family and my sister said no she's prettier. Aww isn't she so sweet?\ud83d\ude11", "user": "sorangelll", "id": 400784517826224128}, {"text": "There was a llama on modern family.", "user": "llamaface594", "id": 400783665430401024}, {"text": "i love everyone on modern family they are all adorable", "user": "mikeswagowski", "id": 400770271084167169}, {"text": "luke from modern family is adorable", "user": "mikeswagowski", "id": 400769375646384128}, {"text": "RT @mikeswagowski: gloria from modern family is my idol", "user": "DoctorPendragon", "id": 400761866567553024}, {"text": "gloria from modern family is my idol", "user": "mikeswagowski", "id": 400761183390543872}, {"text": "My #wcw is most definitely @MadisonMcLaughs, who is going to rock it on Modern Family tonight. JUST SAYING.", "user": "TaissaFarmiguh", "id": 400742806932574209}, {"text": "@CourtneyCarole SAME! Thank god it's not just me! And full house does too! And most of the modern family episodes!!", "user": "OliviaDugas", "id": 400740946289369088}, {"text": "@nerdist How do you feel about the creator of \"Modern Family\" stealing your name #DocBrown", "user": "JoshPhosphatase", "id": 400722515799994368}, {"text": "\u201c@jessetyler: New Modern Family Tonight! \ud83d\udc6f\ud83d\udc6f\ud83d\ude4b\ud83d\udc6f\u201d  finally!! I thought my DVR was out with the flu", "user": "tommygstar", "id": 400651584188583936}, {"text": "\u201c@jessetyler: New Modern Family Tonight! \ud83d\udc6f\ud83d\udc6f\ud83d\ude4b\ud83d\udc6f\u201d\ud83d\udc4d\ud83d\udc4d\ud83d\udc4d", "user": "lrichards510", "id": 400651224376414208}, {"text": "Why should I buy Rooms To Go furniture from the big titty lady on Modern Family?", "user": "AGirlNamedSuz", "id": 400620489967558659}, {"text": "Modern Family is secondhan embarrassment sitcom style. (I think it's classified as a sitcom?)", "user": "imnotbrucelee", "id": 400510970725814272}, {"text": "\u201c@DJmattmart01: I hate modern family\u201d \ud83d\ude31wut", "user": "SuzeeeyQ", "id": 400510193840435200}, {"text": "Thank you for Modern Family USA!", "user": "ArcticFiend", "id": 400485810211803136}, {"text": "Modern family is sooooooo funny lol", "user": "tanyaacontreras", "id": 400483591173332992}, {"text": "Modern Family is slaying me right now.", "user": "angie_goodwood", "id": 400482580291538944}, {"text": "Modern family might be the best show on TV", "user": "CWKey", "id": 400481874633449472}, {"text": "RT @AMBBBEEERRRRR: I love Modern Family \ud83d\ude02", "user": "JessicaWeiner73", "id": 400472348102377472}, {"text": "Hot bath, hot tea, and Modern Family. \ud83d\ude0a", "user": "nydiagzaa", "id": 400471826477772800}, {"text": "I love Modern Family \ud83d\ude02", "user": "AMBBBEEERRRRR", "id": 400471440899596288}, {"text": "Finally watching Modern Family, this show is supa dupa funny!!!!", "user": "NettaBsexy", "id": 400470725359714304}, {"text": "Modern Family \ue056", "user": "7GDomingo", "id": 400469274449301504}, {"text": "I've got a bio test I haven't studied for tomorrow and I'm sitting here watching modern family #whatislife", "user": "nathanception", "id": 400466533237145601}, {"text": "Coincidentally, Ty Burell from Modern Family is also a 40 year old man with a child's body. Except the child is dead.", "user": "CobramanMustang", "id": 400466071229960192}, {"text": "According to @jsciar1 I am the female Phil  Dunphy from Modern Family.", "user": "jillysciarilly", "id": 400465995380166656}, {"text": "Rico Rodriguez from Modern Family is the Gary Coleman of our generation, in that he's a 40 year old man with a child's body.", "user": "CobramanMustang", "id": 400465625182502912}, {"text": "why have I never watched modern family before tonight. thanks to @_TheRealJT for introducing me, I am now up 27 minutes past my bedtime", "user": "karlmuellerrr", "id": 400464908707303425}, {"text": "It's def an early night in bed with a glass of wine and modern family", "user": "lnalbro", "id": 400460177050046464}, {"text": "If you don't watch Modern Family, I'm judging you.", "user": "ericconstancio", "id": 400459128797016064}, {"text": "RT @chavorillo: @Andrethegreat66 you're like Cameron from modern family", "user": "arianaedith", "id": 400457863652319232}, {"text": "Are you watching 'Modern Family'??  Get ready to win that Honey-B-Ham! Be the first to post the correct word-of-the-day on our contest...", "user": "FOX29LC", "id": 400456803521409024}, {"text": "@CowDefender @ManicMinxy Aw, I just love it. And modern family too", "user": "jhawk6229", "id": 400456607454097408}, {"text": "Modern Family marathon. Why isn't my family interesting and funny?", "user": "itsrocici", "id": 400451535525511168}, {"text": "@Andrethegreat66 you're like Cameron from modern family", "user": "chavorillo", "id": 400450710552055808}, {"text": "@Ovnio I'm 2 episodes behind Walking Dead and could give a shit :) I'm enjoying the hell out of Modern Family though. Almost done with S1", "user": "dbizzle69", "id": 400444022767882240}, {"text": "Why have I never gotten into Modern Family?! #hilarious \ud83d\ude02\ud83d\ude02\ud83d\ude02", "user": "jenna_comer", "id": 400441260697059329}, {"text": "Lmfao @ Modern Family", "user": "AyeeYoKells_", "id": 400438422680002561}, {"text": "Modern family!", "user": "PresidentPerea", "id": 400437722826805248}, {"text": "Manny cracks me up in Modern family, can't deal", "user": "sweetheartkaro", "id": 400436270280622080}, {"text": "Modern family is too good", "user": "andrenator4", "id": 400434530018160640}, {"text": "RT @Linnlondon1: RT @drkwarlord:  Watch, \"How The Rothschild Family controlled the Modern World\",   http://t.co/YUus2kMWuG    #OpRothschild", "user": "stratton31", "id": 400431525332025344}, {"text": "RT @MuffyDoodle: I love Phil from modern family. Want my husband to be like that", "user": "_YeseniaGarcia1", "id": 400430543663153152}, {"text": "@Sid_daKid1 modern family on USA tonight..going to be a good night", "user": "66JakeMartin", "id": 400429039044677633}, {"text": "Modern family is a funny show", "user": "That_girl_crazy", "id": 400428769187348481}, {"text": "@mijo4president is definitely a phil from modern family", "user": "shelbirc", "id": 400428581639032833}, {"text": "I love Phil from modern family. Want my husband to be like that", "user": "MuffyDoodle", "id": 400428515201277952}, {"text": "RT @Linnlondon1: RT @drkwarlord:  Watch, \"How The Rothschild Family controlled the Modern World\",   http://t.co/YUus2kMWuG    #OpRothschild", "user": "imaginesaibaba", "id": 400427174953369600}, {"text": "\u201cModern Family\u2019s \u2018What\u2019s the plan, Phil?\u2019 Tuesday starts next\u201d\n\nyes pls", "user": "MissMoniRose", "id": 400425951873355776}, {"text": "Modern family \u2665", "user": "dulce_flores97", "id": 400414631287476224}, {"text": "\"No my god\ud83d\ude31\" -modern family", "user": "janeskay", "id": 400411174443167744}, {"text": "Modern Day Apostle. \u2764 the Lall family. http://t.co/xxgLZpiK6T", "user": "JaneListon", "id": 400397580166627328}, {"text": "I can't wait to Christmas break so I can watch Modern Family all day every day.", "user": "HanGoesHAM16", "id": 400383382322171905}, {"text": "RT @RitaAustin_: Modern family cracks me up\ud83d\ude02\ud83d\ude02\ud83d\ude02\ud83d\ude02", "user": "ms_banigo", "id": 400297494384738304}, {"text": "RT @RitaAustin_: Modern family cracks me up\ud83d\ude02\ud83d\ude02\ud83d\ude02\ud83d\ude02", "user": "glahmiie", "id": 400296582417227777}, {"text": "\u201c@Bailzz_: This babe reply me na! \"@RitaAustin_: Modern family cracks me up\ud83d\ude02\ud83d\ude02\ud83d\ude02\ud83d\ude02\"\u201d reply what??", "user": "RitaAustin_", "id": 400294939051188224}, {"text": "RT @RitaAustin_: Modern family cracks me up\ud83d\ude02\ud83d\ude02\ud83d\ude02\ud83d\ude02", "user": "Fayo_funmi", "id": 400294672306012160}, {"text": "RT @RitaAustin_: Modern family cracks me up\ud83d\ude02\ud83d\ude02\ud83d\ude02\ud83d\ude02", "user": "reece_efole", "id": 400294280759353344}, {"text": "\u201c@cypher_HD: Ikr!! Especially Sofia Vagara and her kid..@RitaAustin_: Modern family cracks me up\ud83d\ude02\ud83d\ude02\ud83d\ude02\ud83d\ude02\"\u201d and her accent", "user": "RitaAustin_", "id": 400294275252236288}, {"text": "RT @RitaAustin_: Modern family cracks me up\ud83d\ude02\ud83d\ude02\ud83d\ude02\ud83d\ude02", "user": "Raaymondd_", "id": 400293566230310912}, {"text": "Modern family cracks me up\ud83d\ude02\ud83d\ude02\ud83d\ude02\ud83d\ude02", "user": "RitaAustin_", "id": 400292659052679168}, {"text": "I like modern family. It makes me laugh \u2764\ufe0f\ud83d\ude01", "user": "katelin_jaynee", "id": 400117758949457921}, {"text": "Modern Family Season 1 complete", "user": "HimmadK", "id": 400105339569569792}, {"text": "Hamming it up - with Modern Family on FOX29 http://t.co/7tmaqby5vt", "user": "loveydovey55", "id": 400099963377438720}, {"text": "Modern Family Services #RacistSitComs", "user": "akaPRock", "id": 400093504480636928}, {"text": "What did you watch on TV yesterday? \u2014 i think Modern Family http://t.co/CI7MTmVGt0", "user": "bubblecynthia7", "id": 400089953646161920}, {"text": "No one throws up until I dance! Modern Family....Hahaha!", "user": "GoldenDesignGrp", "id": 400088589452603392}, {"text": "Does @hulu have modern family? #hulu #modernfamily", "user": "Juliemt22", "id": 400085795278569472}, {"text": "Modern family with the family \ud83d\udc81\ud83d\udc6a #BestShowEver", "user": "ThumbelinA815", "id": 400074447203213312}, {"text": "Niggas talkin bout watchin modern family yet they was suppose to be doin they project. Smh.", "user": "Johnte_Citrine", "id": 400066158101291008}, {"text": "Modern Family. \ud83d\ude2c", "user": "rbkhmrtnz", "id": 400059719340945408}, {"text": "http://t.co/anPL8UanfX    just entered contest for Modern Family read and 5k", "user": "marywor1", "id": 400058811508989952}, {"text": "I've got nowhere to be. and the kid is waving a net around on Modern Family. I don't watch this usually.", "user": "OkTykester", "id": 400058531442733056}, {"text": "Watching ' modern family '", "user": "ObeySunshine", "id": 400058525168054273}, {"text": "@KenzieNL hahahaha I think I'm watching Modern Family..with fine ass Sofia Vergara \ud83d\udc4c", "user": "Aacosta323", "id": 400055411060912128}, {"text": "Modern Family talking about kids walking in during that special adult time.", "user": "OkTykester", "id": 400053900583006208}, {"text": "fishsticks, macaroni &amp; modern family? i think yes.", "user": "stoormsknowbest", "id": 400053418225451009}, {"text": "I literally only watch modern family just to hear @SofiaVergara 's accent \ud83d\ude0d\ud83d\ude02", "user": "hashtagimtheish", "id": 400051595817148416}, {"text": "\u201c@king459: Who watch modern family lol??\u201d Meeeee I love that show. Why ? \ud83d\ude11", "user": "Treasurreeee", "id": 400050347416502272}, {"text": "Oh and more recently Modern Family", "user": "_DonReefa", "id": 400027344313675777}, {"text": "Watching 'Modern Family' during work hours-- BIG MISTAKE!", "user": "fafinetteXO_", "id": 399999737296089089}, {"text": "@zrau Alabama treats those years the way Family Guy says modern Germany treated the WWII years.", "user": "crabshire1901", "id": 399958016222453760}, {"text": "I just voted for Modern Family #networktvcomedy #PeoplesChoice. Retweet to vote http://t.co/IFCXwVRfxJ via @peopleschoice", "user": "DecemberM", "id": 399829750178271232}, {"text": "Time to watch some Modern Family", "user": "abarlas34", "id": 399778914819526656}, {"text": "#TheGoodWife gets great mileage out of Nathan Lane's character. Wish MODERN FAMILY would take note.", "user": "ShaneSSaunders", "id": 399768104214884352}, {"text": "My mom is addicted to modern family", "user": "AliDanial16", "id": 399754948675530752}, {"text": "I spent all weekend watching modern family...that show is soo funny", "user": "MyHorridLife", "id": 399743608158314496}, {"text": "Modern Family is on frick yea \ud83d\ude0e", "user": "Assailants_", "id": 399734166532526081}, {"text": "I like watching Modern Family", "user": "KillTheBitch11", "id": 399711654629232640}, {"text": "Just worked from 7:30-5:00 on a SUNDAY!!!! Now back to my 45th episode of Modern Family. Got 7 more to go and... http://t.co/VLR0rbyYT8", "user": "DivoStar89", "id": 399672351312191488}, {"text": "\ud83d\ude29\ud83d\ude29new family guy... Just did modern family I'm crying", "user": "natalia_essien", "id": 399659214916055040}, {"text": "RT @rfenter: Finding Hope in Jesus' Last Words: 4th Word: Modern Family by Randy Fenter. HighPoint Fellowship, Cedar Park TX http://t.co/2Z\u2026", "user": "hpfellowship", "id": 399546795895689216}, {"text": "Finding Hope in Jesus' Last Words: 4th Word: Modern Family by Randy Fenter. HighPoint Fellowship, Cedar Park TX http://t.co/2ZJmAKQpMA", "user": "rfenter", "id": 399536497340055552}, {"text": "Modern Family", "user": "nutech_onyx", "id": 399481184323108864}, {"text": "I just voted for Modern Family #networktvcomedy #PeoplesChoice. Retweet to vote http://t.co/pjRsHUTcOD via @peopleschoice", "user": "shaylakay84", "id": 399467119303077888}, {"text": "Modern Family \ud83d\udc4c", "user": "lottiiee_", "id": 399465386933882881}, {"text": "Cam and Mitchell are my favorite people on modern family. Phil and Clair too I guess", "user": "rocha_nyk", "id": 399458873506930688}, {"text": "RT @IanJohnsonIsMe: I'm never going to give modern family a chance, same goes with the Big Bang theory I don't laugh at awkward desperate h\u2026", "user": "Marc_Dolph", "id": 399426253783986176}, {"text": "I'm never going to give modern family a chance, same goes with the Big Bang theory I don't laugh at awkward desperate house wives comedy", "user": "IanJohnsonIsMe", "id": 399426164311064576}, {"text": "RT @WorkingIgnatius: I do not support the current Pope. He does not at all fit my concept of a good, authoritarian Pope. http://t.co/4HTO4d\u2026", "user": "JacobiteRelic", "id": 399399812543442944}, {"text": "\"I'm gonna start my homework tonight\" = I'm gonna read the title page then watch 6 hours of Modern family", "user": "g_wissink", "id": 399398045080510464}, {"text": "RT @Emoneyy21: Modern family is hilarious", "user": "kim21bailey", "id": 399393994192322562}, {"text": "Modern family \ud83d\ude02", "user": "andreaaraiza5", "id": 399383955658375168}, {"text": "How do I make \"Modern Family\" even better? I Viggle It! TV loves you back with #ViggleTV\n\n #ModernFamily #viggle", "user": "TESSAZIAN", "id": 399381292757704704}, {"text": "I Don't Know What Button I Just Pressed BUT That Was AMAZING!!---Modern Family-- ;-)", "user": "KlovisBurnZ", "id": 399380488366088193}, {"text": "I\u2019m now watching Modern Family. Because SPORTS SUCK.", "user": "LJRotter", "id": 399375980256444416}, {"text": "RT @Emoneyy21: Modern family is hilarious", "user": "AfamNweke", "id": 399371902655143936}, {"text": "Modern family is hilarious", "user": "Emoneyy21", "id": 399367454305955840}, {"text": "RT @cameeeroon: love watching modern family", "user": "andreea_210", "id": 399365780854149123}, {"text": "love watching modern family", "user": "cameeeroon", "id": 399365658225283072}, {"text": "Modern Family", "user": "JordanRussell16", "id": 399358605209513986}, {"text": "RT @AnaEvelena: Modern family always makes me laugh", "user": "brooke_wilcox23", "id": 399355331379077120}, {"text": "@rashivats great please let me know what time so I can record it so I can show it to my family &amp; students", "user": "Modern_Liaison", "id": 399355107185545217}, {"text": "Modern family always makes me laugh", "user": "AnaEvelena", "id": 399354302486949888}, {"text": "my mom makes me come home and all we do is sit in the same room while she watches modern family and i laugh at things on the internet", "user": "anna_futch", "id": 399351269636063232}, {"text": "RT @bubblecynthia7: Modern Family is seriously my best show, Gloria and her accent pretty much complete it", "user": "CallieGurl97", "id": 399342333713334272}, {"text": "Modern Family is seriously my best show, Gloria and her accent pretty much complete it", "user": "bubblecynthia7", "id": 399341727162851328}, {"text": "Modern Family is actually pretty good.", "user": "FalonBasic", "id": 399341403165429760}, {"text": "Gotta figure out how to Rock and also write for Modern Family. At the same time.", "user": "AEDaltonius", "id": 399340524965875712}, {"text": "Modern family is too funny \ud83d\ude02", "user": "adri_rod12", "id": 399338063647621120}, {"text": "Modern Family is my fav", "user": "_erikaaa10", "id": 399336405924474880}, {"text": "I love Modern Family #sohilarious", "user": "whit_neybel", "id": 399331431345688576}, {"text": "@marzopan girl same! Best way to describe my family is modern family, w/ some of the middle splashed in, &amp; the occasional kardashian moment", "user": "Nialler_Styler", "id": 399310988643545088}, {"text": "Homeland's Claire Danes, Breaking Bad and Modern Family Casts Show Off Emmys in Glam New Pics! http://t.co/hGyNXSsd9Q via @eonline", "user": "RealWildboy2008", "id": 399299097204514816}, {"text": "This Miss Venezuela looks a bit like Gloria from Modern Family.", "user": "tarinbansal", "id": 399258950396157952}, {"text": "I just voted for Modern Family #networktvcomedy #PeoplesChoice. Retweet to vote http://t.co/CM0gLMhkLb via @peopleschoice", "user": "NaudiaCarreon", "id": 399253930997080064}, {"text": "Starting to like Modern Family", "user": "_LoveBabyCup", "id": 399226217028526080}, {"text": "Modern family is so funny\ud83d\ude02\ud83d\ude0d", "user": "KayleighKay15", "id": 399223488650571776}, {"text": "My family is a strange combination of Modern Family, Duck Dynasty, and Horders.", "user": "DuncDunc13", "id": 399214764745715713}, {"text": "Modern Family is my life..\n#mofy", "user": "DylanFaires", "id": 399044051854319616}, {"text": "RT @ezamoraaa: Let's see what Modern Family is all about.", "user": "christencastro", "id": 399038743316680704}, {"text": "RT @ezamoraaa: Modern Family!! (:", "user": "christencastro", "id": 399038257867915264}, {"text": "Why is Modern Family SO funny.", "user": "juliamcgowen", "id": 399037145391697921}, {"text": "I love modern family :)", "user": "adrianR0719", "id": 399034290467790848}, {"text": "Hubs complained when I started watching Modern Family. Now he's in love w/Sophia Vergara &amp; keeps threatening to keel me", "user": "kinseyholley", "id": 399032840127410177}, {"text": "Modern family kind of night? Eww I'm such a grandma", "user": "HolaImCeleste", "id": 399031765773201408}, {"text": "\u201c@savvyykay: Modern family is hilarious\u201d", "user": "LexKardashian", "id": 399029863387901952}, {"text": "Checking out Modern Family and its really a good show.#Shocked", "user": "AudricBent", "id": 399028173234786304}, {"text": "Modern Family makes my heart happy.", "user": "jacilynn3", "id": 399027863380193280}, {"text": "Watching modern family #TGIMF", "user": "blazedancer42", "id": 399024705903943680}, {"text": "Wtf -  Watching modern family - do gays actually fn work #dogayswork", "user": "Maddattittall", "id": 399021168079806464}, {"text": "Are you watching MODERN FAMILY on FOX29? Find out the winner of the $300 gift certificate!! Go to: http://t.co/X1IwpoRIfV for more...", "user": "FOX29LC", "id": 399012441587462144}, {"text": "Watching Modern Family.\nThe Mom: \"Oh good, no one's dead!\"\nLuke: \"Or we're all dead...\" \nHa that was me as a kid...", "user": "JorrdanMichelle", "id": 399011240824934400}, {"text": "Friday night = Modern Family night:)", "user": "CooperLFoster", "id": 399008629560733696}, {"text": "My friday night is watching Modern Family while my baby sleeps, waiting for my honey to come home. Lol", "user": "aliciamotax3", "id": 399008395937603584}, {"text": "RT @TaliaChristian: Modern Family and popcorn\ud83d\udc4c #thelife @EmilyQualia", "user": "EmilyQualia", "id": 399007703399292928}, {"text": "On Friday nights we work on design projects and watch Modern Family. #TGIMF", "user": "cambroslice_", "id": 399007374666895360}, {"text": "Nothing like modern family #TGIMF", "user": "crazyjayjay15", "id": 399006989943967744}, {"text": "\"Modern Family\" is so oddly paralleled with my family it's almost unreal.", "user": "janeybird22", "id": 399004801310023680}, {"text": "Someone Is Screaming Outside And Like Stfu And Let Me Watch modern Family Shieeet.", "user": "Boo_YouWhore254", "id": 399004183862341632}, {"text": "I am loving all this Modern Family on USA!  #TGIMF", "user": "smonica2", "id": 399004123267223552}, {"text": "modern family", "user": "_tiaaaaxx", "id": 399000903241310208}, {"text": "Can't get enough modern family!!! #TGIMF", "user": "AshleatTease", "id": 398998744089104384}, {"text": "Modern family is on \ud83d\udc4f\ud83d\udc4f\ud83d\ude4c\ud83d\ude4c #TGIMF", "user": "Ms_Logical_", "id": 398998113098027008}, {"text": "RT @becks_primee: Omg where the hell have I been since Modern Family came out?! \ud83d\ude02\ud83d\ude02\ud83d\ude02", "user": "Sharebear25", "id": 398996550237421569}, {"text": "How am I just getting into Modern Family? I love this show!! #TGIMF", "user": "brithoova", "id": 398996338395709440}, {"text": "Modern Family and popcorn\ud83d\udc4c #thelife @EmilyQualia", "user": "TaliaChristian", "id": 398995994714468353}, {"text": "Modern Family marathon like every night in my house", "user": "DuncDunc13", "id": 398995353296306177}, {"text": "\"Why do you have to throw a wet blanket on my dreams??\" - Cam on modern family", "user": "kalynmichele", "id": 398994472324710400}, {"text": "Wine and Modern Family, Friday night paaaaarty! :/", "user": "Betamax_ftw", "id": 398994311871623169}, {"text": "@MOFYNation I love Modern Family. I wish it could go on forever!", "user": "maaikevdam", "id": 398992712172437504}, {"text": "Guess what day it is?! Friday!..No, it's Modern Family day! Best show #TGIMF", "user": "fernieangel", "id": 398991884846002177}, {"text": "Ok, I know I'm late, but I just started watching Modern Family &amp; I CAN NOT STOP laughing", "user": "rdotgordon", "id": 398989592298139648}, {"text": "Modern family is hilarious", "user": "savvyykay", "id": 398988637917810688}, {"text": "Gloria from modern family is my fav.", "user": "ThatGirlMarisa0", "id": 398986304588767233}, {"text": "Gosh I Love Modern Family! \nBest Show Ever!!!! \n#TGIMF #MOFY", "user": "JuaniniBoo", "id": 398986124221108224}, {"text": "\"@TamiRoman: Ok, I know I'm late, but I just started watching Modern Family &amp;amp; I CAN NOT STOP laughing - love the gay couple!!!!\" Me too", "user": "One_Dope_Chef", "id": 398984240768884736}, {"text": "MODERN FAMILY!!! #TGIF", "user": "Crazzy_JazmineO", "id": 398984053191217152}, {"text": "Omg where the hell have I been since Modern Family came out?! \ud83d\ude02\ud83d\ude02\ud83d\ude02", "user": "becks_primee", "id": 398982552293085184}, {"text": "all I care about is modern family right now.", "user": "____kg", "id": 398982004475432960}, {"text": "Watching the parenting style of Phil from Modern Family is like a time machine for how I'm going to be as a father...", "user": "JosephSciaraffa", "id": 398980128648077312}, {"text": "I think i'ma start watching modern family", "user": "_tiaaaaxx", "id": 398979524538273793}, {"text": "Modern Family is my favorite. Is there a show greater? No. No there is not.", "user": "AllieCat_x", "id": 398979250713542657}, {"text": "I've been waiting all day for some Modern Family! #TGIMF", "user": "bigmikesbeard89", "id": 398978863193014272}, {"text": "my dad is addicted to modern family.", "user": "spintry", "id": 398972115346399233}, {"text": "Modern Family is hilarious", "user": "CrrrrrrystalM", "id": 398971244403363840}, {"text": "Modern Family always makes me lmbo! \ud83d\ude02", "user": "Rubyforia", "id": 398969625553031168}, {"text": "Bitch I'm jtfo at modern family lmao", "user": "One_Dope_Chef", "id": 398968864312000512}, {"text": "Watch 'Modern Family' TONIGHT at 9pm on FOX29 to see who won a $300 gift certificate!!! If you want a chance to win a daily ham or the...", "user": "FOX29LC", "id": 398956084159086592}, {"text": "Modern family is so funny", "user": "lilmamachelss", "id": 398946576107700224}, {"text": "RT @ricklgodwin: The greatest mistake of Modern Christianity is the pursuit of the comfortable Christian life? No such thing! #livebold", "user": "family_rtbk", "id": 398899809035505664}, {"text": "I just saw a guy that looked just like Cam from Modern Family.  I immediately wanted to be friends with him. #mofy", "user": "Ally_Stovall", "id": 398886375597961216}, {"text": "@morganlefake Do you watch Modern Family?  My favorite look is Diana Ross.", "user": "sabvintagehome", "id": 398874881330143232}, {"text": "I just voted for Modern Family #networktvcomedy #PeoplesChoice. Retweet to vote http://t.co/nAENPenbU1 via @peopleschoice Definitely a MOFY!", "user": "kgayleauthor", "id": 398866624754630656}, {"text": "Watchin modern family in choir haha", "user": "sunshinekk12", "id": 398862013704577024}, {"text": "Watch 'Modern Family' TONIGHT at 9pm on FOX29 to see who won a $300 gift certificate!!! If you want a chance to win a daily ham or the...", "user": "FOX29LC", "id": 398844915326930944}, {"text": "Watch 'Modern Family' weeknights at 9pm on FOX29 for a change to win a daily ham or a $300 gift certificate on Friday!!! #hamitup...", "user": "FOX29LC", "id": 398843117232979968}, {"text": "Watch 'Modern Family' weeknights at 9pm on FOX29 for a change to win a daily ham or a $300 gift certificate on Friday!!! #hamitup...", "user": "CWLakeCharles", "id": 398842898135150592}, {"text": "I just entered to win two passes to an exclusive Table Read with the cast of Modern Family and $5k cash. Enter too: http://t.co/hjq02xIOhO", "user": "TheJudge63", "id": 398769045995937792}, {"text": "Uh...Modern Family any time soon? What is going on? #ModernFamily", "user": "TellyTweeter", "id": 398648140577783808}, {"text": "Modern family is my entire life", "user": "mikeswagowski", "id": 398625650959196160}, {"text": "can't wait to cuddle with Modern Family, Grey's, and Scandal tonight...Thursday nights are always great for introducing my weekends", "user": "luchimayne", "id": 398621558203117570}, {"text": "#youtube night!! done with home work and about to watch some modern family and other stuff...lol", "user": "spongej182", "id": 398618233772580864}, {"text": "Modern Family a fool wit it!", "user": "JMar_ReaperEnt", "id": 398607224932556800}, {"text": "I just voted for Modern Family #networktvcomedy #PeoplesChoice. Retweet to vote http://t.co/F6v5ZNvf4k via @peopleschoice", "user": "EmerzonSpears", "id": 398606022224252928}, {"text": "Are we sure the guy from Modern Family isn't Archie Bunker?", "user": "elyana", "id": 398605948165451776}, {"text": "Luke from modern family is me", "user": "mikeswagowski", "id": 398600600830873600}, {"text": "lol @ modern family", "user": "tscrant_716", "id": 398589086912360449}, {"text": "Had to watch Modern Family for my communications class.", "user": "Numbahwon", "id": 398580958565109761}, {"text": "I seriously am convinced one of the attorneys here is in the closet lol he reminds me of Mitch from Modern Family\ud83d\ude0a", "user": "jayysamm16", "id": 398567028555935744}, {"text": "@thatcrai YES! Modern Family is the best. Who's your favourite character?", "user": "amny114", "id": 398564476535853056}, {"text": "@TanyaBurr Breaking Bad, America Horror Story Coven, New Girl, Modern Family, and just watched Twin Peaks from the 90s...all great!", "user": "lindsaypaul", "id": 398547741262901249}, {"text": "RT @WorkingIgnatius: I do not support the current Pope. He does not at all fit my concept of a good, authoritarian Pope. http://t.co/4HTO4d\u2026", "user": "BobSantamaria", "id": 398524508757188609}, {"text": "Since modern family doesn't come on tonight I can get some work done lol", "user": "ton_nursejackie", "id": 398523545690832897}, {"text": "I do not support the current Pope. He does not at all fit my concept of a good, authoritarian Pope. http://t.co/4HTO4d7N7R", "user": "WorkingIgnatius", "id": 398517068405809152}, {"text": "Our menu is an unexpected take on French fare with a modern twist! There is something for everyone in the family. http://t.co/0V97EAwZrt", "user": "EatAtAllo", "id": 398497546823557121}, {"text": "Excited for my dear friend, Sue Pistone whose 2 beautiful grandkids will be on Modern Family next Wednesday. http://t.co/wmCmUj8Ilc", "user": "CoachOch", "id": 398446587623796736}, {"text": "I just voted for Modern Family #networktvcomedy #PeoplesChoice. Retweet to vote http://t.co/ZGXoHRpnRF via @peopleschoice", "user": "htkeller", "id": 398442813785767937}, {"text": "\u201c@rbrandonc16: Modern Family is so fuckin funny\u201d \nYou always end up loving all the shows I make you watch with me \ud83d\ude18", "user": "sammyjg3", "id": 398389989462900736}, {"text": "Modern Family!", "user": "nwahs086", "id": 398352248180191232}, {"text": "Modern Family is my shit.", "user": "SuaveKoolJay", "id": 398330886225014784}, {"text": "Modern Family #networktvcomedy #PeoplesChoice http://t.co/je3Q7m4BKI", "user": "FabricioJara", "id": 398328175928700928}, {"text": "Every episode of full house, boy meets world, and modern family leave me teary eyed. I guess that's a sign of good television?", "user": "OliviaDugas", "id": 398321040914661376}, {"text": "@ericstonestreet is the funniest man on television right now! Huge fan of you and @jessetyler and the rest of the modern family crew!", "user": "WreckItRalph3", "id": 398318911222845441}, {"text": "Studying but modern family.....\ud83d\ude2c", "user": "its_emmmy", "id": 398316070936653824}, {"text": "RT @attaboygio: I could watch Modern Family every single day", "user": "jacklowrance", "id": 398309667274629120}, {"text": "Soooo hard to concentrate on hw when modern family's playing on tv", "user": "Jessarezee", "id": 398309066423808001}, {"text": "RT @attaboygio: I could watch Modern Family every single day", "user": "spmast", "id": 398307377499213824}, {"text": "I could watch Modern Family every single day", "user": "attaboygio", "id": 398307164629913600}, {"text": "Modern Family marathon all night while doing homework=making my day 1000x better", "user": "ashleytoscano", "id": 398307008148819969}, {"text": "Modern family is freaking hilarious!", "user": "joannacabana_", "id": 398303940195799040}, {"text": "\u201c@Ner714: Wife has me hooked on Modern Family. #notashamed\u201d \n\n#MOFY", "user": "kaphrrrin", "id": 398301565749972992}, {"text": "I canNOT. Modern Family has me CRYING.", "user": "ton_nursejackie", "id": 398298686104432641}, {"text": "RT @darcihalll: Modern Family is like one of the funniest shows.", "user": "annasoph16", "id": 398294821120385024}, {"text": "Modern Family is like one of the funniest shows.", "user": "darcihalll", "id": 398294400653991936}, {"text": "is it just me or is Modern Family not as funny as it used to be?", "user": "SayAyeYoJay", "id": 398293066701762560}, {"text": "I can hear my roommate watching Modern Family as I sit in my room studying. #IHateSchool", "user": "cjgarcia4", "id": 398291789959811072}, {"text": "Duck Dynasty,  Modern Family,  Or Big Bang Theory. \nHard Choices In Life xD\n#WhatToWatch", "user": "JuaniniBoo", "id": 398290070823632896}, {"text": "Modern Family is the greatest \u263a\ufe0f", "user": "tabithakearns", "id": 398288150621335552}, {"text": "@triatmojo yeah I knew it from Modern Family :)))", "user": "_marialuz_", "id": 398287017055764480}, {"text": "Phil is EVERYTHING to Modern Family I LOVE HIM. @MOFYNation", "user": "ton_nursejackie", "id": 398286389433106432}, {"text": "Been watching modern family with my grandfather for the past 2 hours", "user": "mothertucker95", "id": 398282876535336961}, {"text": "\u201c@TovarBriana: I love modern family\u201d plz tell me Mina don't work Sunday \ud83d\ude29", "user": "cruzfreddy_", "id": 398281283165380608}, {"text": "Shows to watch tonight:\nSHIELD \nNew Girl \nBrooklyn Nine Nine \nTrophy Wife \nSleepy Hollow \nWalking Dead \nModern Family", "user": "nwahs086", "id": 398281183785517057}, {"text": "I love modern family", "user": "TovarBriana", "id": 398280937382744066}, {"text": "RT @BamBriaan: I enjoy watching Modern Family", "user": "Vivalaeve", "id": 398280566111346688}, {"text": "I enjoy watching Modern Family", "user": "BamBriaan", "id": 398279911036563456}, {"text": "Modern family", "user": "IaMe_LaShe", "id": 398279855201988608}, {"text": "Omfg modern family is freaking HILARIOUS! \ud83d\ude02\ud83d\ude02\ud83d\ude02\ud83d\ude02", "user": "LisetteOchoa", "id": 398279532546760705}, {"text": "@radioryanchase Just saw an episode of Modern Family that didn't open with Mitchell and Cameron.  The 1st picture was Manny's dad.", "user": "NinjaHooker", "id": 398277565703806976}, {"text": "My parents honestly think Modern Family is just as funny as Seinfeld. Is there any hope for them?", "user": "KeikakuKat", "id": 398276136431394816}, {"text": "Watching Modern Family with @iAmSPell via txt \ud83d\ude02\ud83d\ude02\ud83d\ude02\ud83d\ude02\ud83d\ude02", "user": "ton_nursejackie", "id": 398275688136187904}, {"text": "Modern Family is funny heh", "user": "Shitfacealyssa", "id": 398275339744329728}, {"text": "I have seen all of these Modern Family episodes and I still love them", "user": "MsSoOverdressed", "id": 398273497765801984}, {"text": "RT @yes_paul: I love Modern Family", "user": "texaschristian_", "id": 398271826851135488}, {"text": "RT @yes_paul: I love Modern Family", "user": "desnicolexxx", "id": 398271806752034816}, {"text": "Thanks USA for giving me my Modern Family fix tonight since ABC dropped the ball!! \ud83d\udc97 #MOFY", "user": "krystles12", "id": 398270671454617601}, {"text": "I'm too frazzled and frustrated to study. I hope that makes it okay to just watch Modern Family instead", "user": "jessalcoser", "id": 398270485261066242}, {"text": "Yall modern family is sooo funny yo", "user": "KS2_NARCOTICS", "id": 398270302716579840}, {"text": "I love Modern Family", "user": "yes_paul", "id": 398269994477166592}, {"text": "Looked forward to Modern Family all day. Get home &amp; CMA's are on. Dynamo nowhere to be found on my tv. #notwinning", "user": "Rgraves04", "id": 398264455898730497}, {"text": "\"So dumb guys go for dumb girls,and smart guys go for dumb girls?What do the smart girls get?\" \n\"Cats, mostly.\" Damnit I love Modern Family\ud83d\ude02", "user": "KatieLauren_B", "id": 398263276322054144}, {"text": "@mallow610 watching modern family. :-) I never use my g+", "user": "seanacker2", "id": 398258575434211329}, {"text": "RT @Coach_Hightower: Can't beat Modern Family reruns on USA", "user": "devidrobinson15", "id": 398258574746341376}, {"text": "\u201c@Blwi95: Life = Eggs, Modern Family and Law and Order.\u201d", "user": "NawafAlHowaish", "id": 398258546468335617}, {"text": "RT @Coach_Hightower: Can't beat Modern Family reruns on USA", "user": "DetroitSalem", "id": 398258204594802688}, {"text": "Life = Eggs, Modern Family and Law and Order.", "user": "Blwi95", "id": 398258148156268544}, {"text": "Watching Modern Family for the first time. Decent.\ud83d\ude01", "user": "AteYourHeartOut", "id": 398257912499302400}, {"text": "RT @Coach_Hightower: Can't beat Modern Family reruns on USA", "user": "shann_i_yam", "id": 398257571578273792}, {"text": "RT @Coach_Hightower: Can't beat Modern Family reruns on USA", "user": "MOFYNation", "id": 398257077950631937}, {"text": "Can't beat Modern Family reruns on USA", "user": "Coach_Hightower", "id": 398256923318812673}, {"text": "Modern Family \ud83d\udc95", "user": "HottShott8", "id": 398255220783710208}, {"text": "Why is modern family so funny? \ud83d\ude02\ud83d\ude2d\ud83d\ude02\ud83d\ude2d\ud83d\ude2d\ud83d\ude02\ud83d\ude2d", "user": "Trisha_lyn", "id": 398254937559564289}, {"text": "I really like the show Modern Family they crazy af", "user": "UPTOWNkeys", "id": 398251957116096512}, {"text": "I just entered to win two passes to an exclusive Table Read with the cast of Modern Family and $5k cash. Enter too: http://t.co/ghSEDeIdmb", "user": "Tene_F_BaeBee", "id": 398245642096504832}, {"text": "So happy that I'm watching modern family, I needed a break yoooooo", "user": "awk_turtle4673", "id": 398245449062039552}, {"text": "@officialDannyT just saw a rerun of Modern Family. Trejo \"one dance with me and you'll forget your married!\" Hahaha", "user": "yidisnana", "id": 398242295637504000}, {"text": "Modern family is my new addiction. \ud83d\ude02", "user": "tmv192", "id": 398241741246984192}, {"text": "\"@sabnammustafa: modern family\" hate that show", "user": "emotionul", "id": 398239539816583168}, {"text": "I have to get really high before Modern Family starts #ChallengeAccepted", "user": "JosueVasquezzz", "id": 398230174619009025}, {"text": "Wait! Modern family's new season started already????", "user": "ton_nursejackie", "id": 398229491069104128}, {"text": "Eric Stonestreet (Cam from 'Modern Family') was a PIKE at Kansas State. Lolz", "user": "alexgibert", "id": 398206424896901120}, {"text": "@TheMobileBroker @Tomthunkit shut the front door...it's a real Modern Family \u2665\u2665", "user": "hangglidded", "id": 398205582701641728}, {"text": "RT @Steph_Sanchh: \u201c@Miranda4646: Modern family and protein shake \ud83d\udc4c\ud83d\ude0b\u201d life", "user": "Miranda4646", "id": 398191460182261760}, {"text": "\u201c@Miranda4646: Modern family and protein shake \ud83d\udc4c\ud83d\ude0b\u201d life", "user": "Steph_Sanchh", "id": 398191374660415488}, {"text": "Modern Family Season 1 Episode 1", "user": "HimmadK", "id": 398190949060206593}, {"text": "@ModernFam @_kirstenkuchen the fact that modern family is taking a knee for country music is so upsetting.", "user": "peyton_marie", "id": 398166431663419393}, {"text": "RT @Dads_Secret: which one of the kids from Modern Family is going to get busted for drugs first?", "user": "habaker91", "id": 398160215109275648}, {"text": "Visit http://t.co/WT3uSdmaJW  to find out more about how you can watch 'Modern Family' on FOX29 and win a ham or $300 gift certificate!!!!", "user": "FOX29LC", "id": 398151564709597184}, {"text": "Pope Francis' latest surprise: a survey on the modern family - World News http://t.co/ti9KqJDD49", "user": "jphil33", "id": 398119348671619072}, {"text": "Pope Francis\u2019 latest surprise: a survey on the modern family http://t.co/wVaa3HdtMW  via @NBCNewsWorld", "user": "agd2001", "id": 398089976274882561}, {"text": "Interesting. RT @TODAYshow: Pope Francis' latest surprise: a survey on the modern family: http://t.co/wT0JCmrpmp", "user": "delisiaraceli", "id": 398069949907734528}, {"text": "\"I've never seen such a loving family. They are absolutely the symbol of the future modern family.\" - Lady Gaga on Elton John's kids", "user": "iGagasHeart", "id": 398067903884296194}]