[{"text": "\"@tbrick2: Spinoff checkup: How #TheOriginals,  #ouatwonderland and #Ravenswood are faring: http://t.co/5cvoRnHjVX\"", "user": "80sRebelGirl", "id": 400402067124011008}, {"text": "I think I'm gonna start watching once upon a time in wonderland", "user": "JackieBriseno", "id": 399438948952326144}, {"text": "\u2018Once Upon a Time in Wonderland,\u2019 \u2018Serpent\u2019 Recap: Jafar Has Bad Intentions, Good Hair http://t.co/oMZtDeuOLP", "user": "Club7radio", "id": 398674139961393152}, {"text": "Photo: I just unlocked the Once Upon a Time in Wonderland: The Serpent sticker on GetGlue 4350 others have... http://t.co/IXCNGiOcPw", "user": "amedievalgenius", "id": 398657432169488384}, {"text": "Photo: I\u2019m watching Once Upon a Time in Wonderland 8365 others are also watching. Once Upon a Time in... http://t.co/gg56F6WsU2", "user": "amedievalgenius", "id": 398657432119177216}, {"text": "Photo: I just unlocked the Once Upon a Time in Wonderland: The Serpent sticker on GetGlue 9635 others have... http://t.co/JAn3y3JEhA", "user": "MafiosoTees", "id": 398656734321205248}, {"text": "I'm watching Once Upon a Time in Wonderland (8118 others are watching) http://t.co/v6BjGu049K #GetGlue @WonderlandOUAT", "user": "BeeGeeXD", "id": 398642769834819584}, {"text": "Once Upon a Time in Wonderland - The Serpent http://t.co/kIoycyg8eM", "user": "AshleyEpidemic", "id": 398631565682814976}, {"text": "Once Upon A Time in Wonderland just got real!!", "user": "HannahNCowart", "id": 398629073296957440}, {"text": "I'm watching Once Upon a Time in Wonderland (5525 others are watching) http://t.co/Pj5Nu9wklk #GetGlue @WonderlandOUAT", "user": "wickedoll", "id": 398627156471066624}, {"text": "I'm watching Once Upon a Time in Wonderland (5472 others are watching) http://t.co/H0ZmAEXhrP #GetGlue @WonderlandOUAT", "user": "stone209", "id": 398626776366477312}, {"text": "Bored! Watching\"Once Upon a Time in Wonderland\" yee Haw (@ Chateux De Donnie T) http://t.co/XnX5DYsU2S", "user": "DonnieT69", "id": 398624384715603968}, {"text": "@TheeRealGemini lmao I'm doing the same thing except I'm watching Once Upon a Time In Wonderland", "user": "islandbreed__", "id": 398624153671974912}, {"text": "I'm watching Once Upon a Time in Wonderland (4779 others are watching) http://t.co/7vyNFmXzgn #GetGlue @WonderlandOUAT", "user": "SteveJax", "id": 398623270821699584}, {"text": "I just really love Once Upon a Time in Wonderland.", "user": "Kyndal1717", "id": 398622703982084096}, {"text": "Photo: I just unlocked the Once Upon a Time in Wonderland: The Serpent sticker on GetGlue 3871 others have... http://t.co/VRx6SVdVkc", "user": "MzzEccentriK", "id": 398618848339173376}, {"text": "Photo: I just unlocked the Once Upon a Time in Wonderland: The Serpent sticker on GetGlue 2399 others have... http://t.co/D0zrs4zfsn", "user": "JadedKitty", "id": 398616646254071808}, {"text": "Photo: I\u2019m watching Once Upon a Time in Wonderland 2966 others are also watching. Once Upon a Time in... http://t.co/C5oF5opgqg", "user": "JadedKitty", "id": 398616645746561024}, {"text": "Once upon a time in wonderland!! \ud83d\ude0d\ud83d\ude0d", "user": "OhHaiItsTiffany", "id": 398615985055215616}, {"text": "I'm watching Once Upon a Time in Wonderland (291 others are watching) http://t.co/kR6SqYgS9G #GetGlue @WonderlandOUAT", "user": "Rhettoric_1", "id": 398601444125052928}, {"text": "It's Thursday which means I get to watch @Michaelsocha on Once Upon a Time in Wonderland. \ud83d\ude0d\ud83d\ude0d\ud83d\ude0d", "user": "brittanydeeee", "id": 398439271826067456}]