[{"text": "@JacobD_Lawrence I hear Pretty little liars is pretty good... \ud83d\ude03", "user": "valerierosee12", "id": 400808948392931329}, {"text": "IVE MISSED PRETTY LITTLE LIARS FOR THE PAST 3 WEEKS", "user": "kellaaystockk", "id": 400783422013980672}, {"text": "Pretty Little liars driving me.  All these games is un-called for.", "user": "_majordeeva", "id": 400774361231396864}, {"text": "@__lakira I am.  Pretty little liars ain't doing nothing for me.", "user": "_majordeeva", "id": 400763426269839360}, {"text": "Finna watch Pretty Little Liars.", "user": "_majordeeva", "id": 400758908866027521}, {"text": "Pretty Little Liars' Ashley Benson Spills Ravenswood Secrets, The Future of Haleb and More! http://t.co/mQ4vnxM76l @StarStruck014", "user": "danacutliff", "id": 400749532947808257}, {"text": "watching all the pretty little liars episodes on On-Demand .", "user": "daeladae_", "id": 400733739258355712}, {"text": "@NayaRivera do you watch pretty little liars??? xo", "user": "leamichelexo", "id": 400680069372211200}, {"text": "I just want pretty little liars to come back on", "user": "JaceyKathryn", "id": 400677005621882880}, {"text": "Pretty little liars is actually unreal", "user": "TadgBrah", "id": 400655338644729856}, {"text": "Never Thought I'd Find Myself So Interested In Pretty Little Liars. I Had Nothing Else To Watch On Netflix. Lol", "user": "LiveLoveLyssss", "id": 400634779290189824}, {"text": "Pretty little liars! Hannah and spencer \u263a\ufe0f #celebday #hcweek http://t.co/yPWb87I0Zf", "user": "shaleighperkins", "id": 400634300988936192}, {"text": "If you don't watch Pretty Little Liars, I'm judging you.", "user": "callmemargorie9", "id": 400595666512015361}, {"text": "So excited I can't wait till January for the new season of pretty little liars !!!", "user": "mariah_elliot", "id": 400563163935940608}, {"text": "\u201c@aechildres: I don't know what's better than a guy liking pretty little liars \ud83d\ude01\u201d obvi nothing because I'm every girl's dream guy (not rly)", "user": "surfrunner23", "id": 400536293651644416}, {"text": "RT @CXXIV_: I'm finally all caught up on Pretty Little Liars and Switched At Birth.. ready for the winter premieres now!", "user": "xboiak47", "id": 400506358187180032}, {"text": "New episodes of pretty little liars!!!", "user": "Only1Princezz", "id": 400502614413934593}, {"text": "I'm finally all caught up on Pretty Little Liars and Switched At Birth.. ready for the winter premieres now!", "user": "CXXIV_", "id": 400494908147904513}, {"text": "Pretty Little Liars &amp; American Horror Story \u2764\ufe0f &gt;&gt;&gt; life", "user": "aundriaaaaa", "id": 400478930752122880}, {"text": "Pretty Little Liars the most predictable show in TV history of the world.", "user": "unclefreakie", "id": 400470558116036608}, {"text": "They are playing \"ride\" by Lana in Pretty Little Liars \ud83d\udc4c", "user": "Serlanderos", "id": 400445401783758849}, {"text": "@PolkaDotsPearls I saw a preview during the last pretty little liars and the creep factor was a bit high for me.", "user": "mavsmom", "id": 400439219992428544}, {"text": "I feel like I'm the only person who doesn't watch Pretty Little Liars but that's okay! I'll just stick to #TheOriginals &amp; #Reign #CW", "user": "MissIlseMerari", "id": 400438736644612097}, {"text": "American Horror Story &amp; Pretty Little Liars \ud83d\udc4c", "user": "Serlanderos", "id": 400433779866488832}, {"text": "I take that back... Ravenswood reminds me of pretty little liars.\nTheres a lot of secrecy.\nExcept pretty little liars was better.", "user": "lovelyayeee", "id": 400429524845752320}, {"text": "Off work time to watch pretty little liars", "user": "BowenDillon", "id": 400412431358255105}, {"text": "\u201c@nutellashire: QUOTE THIS WITH WHICH ROAD YOU'D TAKE OMG http://t.co/ewkm2ISLtA\u201d Pretty Little liars \ud83c\udf88\ud83d\udc95\ud83d\udd2b", "user": "ArianasPerry", "id": 400411481151242240}, {"text": "If there was a new episode of Pretty Little Liars, Ravenswood, Awkward, and Girl Code everyday I would never leave the house !", "user": "__sheMAJOR", "id": 400404470456401920}, {"text": "I think the only reason I am addicted to ravenswood is because pretty little liars isn't on. the show sucks.", "user": "arichhhh", "id": 400327681713008641}, {"text": "@QuizUp there needs to be a pretty little liars category. ASAP!", "user": "CaseyyCollier", "id": 400300704243281921}, {"text": "Photoset: Pretty Little Liars + Dark Blue http://t.co/qLQjsAdApv", "user": "smoIderhoIic", "id": 400287871191773184}, {"text": "Yesterday 4 episodes of The Originals &amp; 6 episodes of Pretty Little Liars.", "user": "phangmayling", "id": 400263666727010304}, {"text": "I like Pretty Little Liars. But omg the acting is terrible most of the time, it makes me so sad.", "user": "suzettexx", "id": 400139084481327104}, {"text": "I could do my homework, but.....I could also watch Pretty Little Liars #lifechoices #gradschool", "user": "whatupKFK", "id": 400133434057584640}, {"text": "I hope pope sloth replies to my Snapchat if not I'll end it I'll end Pretty Little Liars.", "user": "dubstepranger", "id": 400101884952064000}, {"text": "\u201c@NotChIoe: \"pretty little liars isn't that good\" http://t.co/E4lpL5VCBR\u201d @saruhhoney \ud83d\ude02\ud83d\ude02\ud83d\ude02", "user": "cayleyadams", "id": 400086909965201408}, {"text": "RT @D_McCoy_Era: Revolution is seriously the best show after Pretty Little Liars! #hooked", "user": "MarissaD606", "id": 400081732633772032}, {"text": "PRETTY LITTLE LIARS | PARODY | AUDIO: http://t.co/OEn9gLbbGa via @YouTube", "user": "DrewCarterHart", "id": 400077221705961472}, {"text": "Revolution is seriously the best show after Pretty Little Liars! #hooked", "user": "D_McCoy_Era", "id": 400072338143584256}, {"text": "my tuesdays feel so empty without 'pretty little liars', #TeensDoThiss", "user": "Thi0Dominga", "id": 400071679805624320}, {"text": "Moze was so suspect in Ned's Declassified. She was a hella tomboy. But if you see in Pretty Little Liars, she dates Emily.", "user": "fredayyyy", "id": 400046691241705472}, {"text": "RT @AdayrShewmaker: Pretty Little Liars is back in January, how about that?", "user": "KenlyMadisonS", "id": 400039590385287168}, {"text": "Pretty Little Liars is back in January, how about that?", "user": "AdayrShewmaker", "id": 400034073537568768}, {"text": "I'm actually excited to watch Pretty Little Liars #MonaIsBack", "user": "AthenaHazelu", "id": 399994563428765696}, {"text": "Can Lauren not text me when everything big thing happens in Pretty Little Liars", "user": "GretaDiamondd", "id": 399965557241294848}, {"text": "RT @yusuffahim_: somebody is sooo addicted to pretty little liars.. haha", "user": "fatiiinTRD", "id": 399932141078720512}, {"text": "somebody is sooo addicted to pretty little liars.. haha", "user": "yusuffahim_", "id": 399927698274807808}, {"text": "RT @Ale_0796: #Nw Pretty little liars", "user": "Stephh02017", "id": 399827318115274752}, {"text": "#Nw Pretty little liars", "user": "Ale_0796", "id": 399827209960964096}, {"text": "RT @MrKeezyK: Just cant understand how grown men watch fake wrestling lol. I stopped watching when i was 13. Might as well watch Pretty Lit\u2026", "user": "Tengo_Calor", "id": 399756716742422528}, {"text": "@senia95__ stfu ur not even reading ur watching pretty little.liars", "user": "_ilovejazmin", "id": 399754051396464640}, {"text": "Boys, If you tweet about The Walking Dead, then I can tweet about pretty little liars. It's only fair.", "user": "PaigeChurch_", "id": 399753169955074049}, {"text": "I'm watching The Originals &amp; Pretty Little Liars now while my other classmates are having fun in the well organized class trip...", "user": "phangmayling", "id": 399751744063684609}, {"text": "Just cant understand how grown men watch fake wrestling lol. I stopped watching when i was 13. Might as well watch Pretty Little Liars.", "user": "MrKeezyK", "id": 399751127668760577}, {"text": "RT @andreaigonzalez: Chocolate, wine and Pretty Little Liars #perfectsunday @ValeOjeda @GeraLAquinoM", "user": "GeraLAquinoM", "id": 399738976463904769}, {"text": "Chocolate, wine and Pretty Little Liars #perfectsunday @ValeOjeda @GeraLAquinoM", "user": "andreaigonzalez", "id": 399738909644443649}, {"text": "Fine, no one answer me back. I'll just eat my cake, watch Pretty Little Liars, and then go to sleep wayyy early.", "user": "hannaheshows", "id": 399732941632184320}, {"text": "Time to watch Pretty Little Liars &amp; drink a latte\u2615\ufe0f", "user": "lexirae94", "id": 399711943847448578}, {"text": "My view for the night: Math homework and Pretty Little Liars \ud83d\ude0f http://t.co/l6O0ojDtHU", "user": "hayleyschoppa", "id": 399686864715538432}, {"text": "@MaddyVitela Aria like pretty little liars?lol And I love the name Lily.", "user": "SammiWammi210", "id": 399680514614755328}, {"text": "RT @_snmv: This ain't no pretty little liars", "user": "JaylinAzarae", "id": 399669291504521217}, {"text": "RT @_snmv: This ain't no pretty little liars", "user": "leilaaaani", "id": 399663334800125952}, {"text": "RT @_snmv: This ain't no pretty little liars", "user": "AriazMariah", "id": 399661751962054656}, {"text": "RT @_snmv: This ain't no pretty little liars", "user": "Giselllll_", "id": 399661437561237504}, {"text": "This ain't no pretty little liars", "user": "_snmv", "id": 399661320045215744}, {"text": "None of my texting buddies wanna talk about Pretty Little Liars wwaaah#iHateWhenPeopleExpectMeTo always be there for the", "user": "NanceeGg", "id": 399597838768046080}, {"text": "Pretty Little Liars &amp; Gossip Girl has given me a false sense of men in today's society. #WheresMyChuckBass #FindMeAnEzra \ud83d\udc4c\ud83d\udc91", "user": "SamanthaLynn_x3", "id": 399594634461982721}, {"text": "\u201c@AllThingsPLL: Ravenswood Season 1 Is Now Available on iTunes! http://t.co/OZBr9p7lJZ\u201d", "user": "sashiresnik", "id": 399592218933329921}, {"text": "Bout to watch Pretty Little Liars all day.", "user": "ARisingLeo", "id": 399577530857844736}, {"text": "Pretty little liars \ud83d\ude4a", "user": "shorty4546", "id": 399408904083210240}, {"text": "Living with three guys next year, good bye pretty little liars and say yes to the dress.", "user": "thunt_13", "id": 399388408310550528}, {"text": "Patiently waiting for pretty little liars to start again #pll @ABCFpll #A http://t.co/si3X25l20B", "user": "DangMegan_", "id": 399379085110943744}, {"text": "Check out my hot single w/ @KenshinTravis Pretty Little Liars http://t.co/rakYFCBYXZ", "user": "trill_sinatra", "id": 399359494863347712}, {"text": "Can't wait til the new season of Pretty Little Liars (:", "user": "Natalie_Rosas23", "id": 399346445804785665}, {"text": "@Andrew30815888 pretty little liars (:", "user": "rosie_posie18", "id": 399337680980291584}, {"text": "Pretty Little Liars. #PLL #cabletvdrama #PeoplesChoice", "user": "ForeverMusic_15", "id": 399332233393102848}, {"text": "Why's that guy from Pretty Little Liars now on another ABC Family show? Now I have no idea what show I'm watching commercials for!", "user": "eeburris", "id": 399311534972620800}, {"text": "Watching Pretty Little Liars from the very beginning \ud83d\ude0d", "user": "Daisy_May16", "id": 399307476304015360}, {"text": "Oh, Pretty Little Liars was on tonight, Everyone should tweet and go ovsaiyan space pod and becomes a saiyan nuff said,", "user": "Robin_3884", "id": 399251199851261952}, {"text": "Watching the first episode of Pretty Little Liars and got excited that Piper from Charmed is on it! lol #ifeellikeadork", "user": "Saraya727", "id": 399213991890669568}, {"text": "RT @future_ex_hubby: Pretty little liars.. Dey don't only exist on abc", "user": "Charnell_Dino", "id": 399059783077990400}, {"text": "Pretty little liars.. Dey don't only exist on abc", "user": "future_ex_hubby", "id": 399057335962046464}, {"text": "Addicted to Pretty Little Liars. Just now watching the 1st season.", "user": "JandyLou", "id": 399053569501843456}, {"text": "So, on my sisters insistence I watched the Pilot episode of 'Pretty Little Liars'.", "user": "saad_ahmed_10", "id": 399043783679303680}, {"text": "What is your favourite TV show? \u2014 pretty little liars . http://t.co/6ql3g5RZ8M", "user": "Forever_Jason", "id": 399024984913616897}, {"text": "Pretty little liars for now till i figure out what to do \ud83d\ude14", "user": "cheyenn43", "id": 399007681987346432}, {"text": "\"Do you know Gossip Girl is?\" \"Isn't it some guy names Ezra?\" \"No.\" \"Wait is that the wrong show?\" \"Shal that's pretty little liars!\" #lol", "user": "Sara__Cera", "id": 398981544640905216}, {"text": "\u201c@chloefromvine: \"pretty little liars isn't that good\" http://t.co/j8AAyRM1Ww\u201d", "user": "kellifadays", "id": 398980344642146304}, {"text": "Catching up on pretty little liars", "user": "_ItsCEELOOBroo", "id": 398968823736328192}, {"text": "Let me guess: she's on Pretty Little Liars? Lmao I just got a ton of tweets. I don't watch that show.", "user": "Your_Illusi0n", "id": 398965927649107971}, {"text": "@Pinup6_2 considering I dunno who she is (I don't watch Pretty Little Liars), I will not be following her, Hanson fan or not lol.", "user": "Your_Illusi0n", "id": 398965486706106370}, {"text": "Pretty Little Liars isn't so much about them being pretty &amp; lying as it is about them overreacting to life events #waitwhyamiwatchingthis", "user": "meganmillsm", "id": 398964908877811712}, {"text": "@lucyhale OH. MY. GOD\n\nYOU'RE THAT GIRL FROM PRETTY LITTLE LIARS. OH MY GOD\n\nI'M A", "user": "loisuperstar", "id": 398796003689504768}, {"text": "@ChuckNorriz___ Kmsl she like A off of pretty little liars that bitxh be all over an know everything \ud83d\ude02\ud83d\ude02\ud83d\ude02\ud83d\ude02", "user": "iF3mm3_FaTal3", "id": 398695368604401665}, {"text": "RT @MandaaaGonzalez: Can pretty little liars get here faster \ud83d\ude14", "user": "alyssardz", "id": 398689676795461632}, {"text": "I just want January to be here so I can watch pretty little liars on Tuesday's.", "user": "xx_Thugish_xx", "id": 398684693119250432}, {"text": "On Season 2 of Pretty Little Liars &amp; clearly Alison is still alive.", "user": "Chillin_iSwear", "id": 398683570929414144}, {"text": "Can pretty little liars get here faster \ud83d\ude14", "user": "MandaaaGonzalez", "id": 398680047009021952}, {"text": "I can't deal with the lesbian scenes in pretty little liars...", "user": "carrlatorres", "id": 398677055040020481}, {"text": "Just watching the first season of Pretty Little Liars and cuddling with Fancy \ud83d\ude18", "user": "JandyLou", "id": 398675853912985600}, {"text": "\u201c@OhHeWantsTheP: pretty little liars fans deserve an award for being the most patient fans on earth.\u201d", "user": "RDemzee", "id": 398628538762276864}, {"text": "has pretty little liars come on lately ?", "user": "kellikathleen_", "id": 398620690313527297}, {"text": "\"@OhHeWantsTheP: pretty little liars fans deserve an award for being the most patient fans on earth.\" Try telling that to the Sherlock fans.", "user": "MissPaigeE103", "id": 398618886959935489}, {"text": "\u201c@PLLTruth: I\nNeed\nPretty\nlittle\nLiars\u201d", "user": "federsarah", "id": 398613379499061248}, {"text": "So when are they going put more pretty little liars, supernatural and teen wolf on netflix? I have nothing to do with my life", "user": "TaiTriChung", "id": 398604347455442944}, {"text": "hey its hannah from pretty little liars http://t.co/50ZqsVrX0i", "user": "emmaitaliano", "id": 398602837288296448}, {"text": "Does anyone know when pretty little liars come back on?", "user": "ohh_kimberlyy", "id": 398596214997782528}, {"text": "Perfect. Watching Pretty Little Liars episodes while drinking a Starbucks  \ud83d\udc4c\u2764\ufe0f", "user": "aleemora_", "id": 398581582912442368}, {"text": "Secrets don't keep us close they tear us apart.. Those pretty little liars they're so smart lol", "user": "stellabella1122", "id": 398573500312850432}, {"text": "\"@CHLOEFROMVlNE: \"pretty little liars isn't that good\" http://t.co/NtantoTF9I\"", "user": "AlexHidalgo23", "id": 398572286204063744}, {"text": "Pretty Little Liars Crossover Episodes: When Will Hanna Arrive in Ravenswood? http://t.co/ARcvwZ07cH", "user": "eaf6701", "id": 398559130387881984}, {"text": "WOW THEY BETTER SPOIL PRETTY LITTLE LIARS ON DANCING WITH THE STARS!!!!", "user": "dtpettigrew", "id": 398558528819838976}, {"text": "I am full obsessed with ravenswood. It's an amazing show. Just like pretty little liars. \u263a\ufe0f #Ravenswood", "user": "shaibailey12", "id": 398545250236387328}, {"text": "Pretty little liars in Bri's room until my 4 o'clock", "user": "BossLadyVonn", "id": 398544802200817664}, {"text": "January is going to be the best month ever...Being Mary Jane season premieres, Pretty Little Liars starts again, and my 20th birthday...", "user": "Art_Of_LaShae", "id": 398518608990441472}, {"text": "RT @tropicxlsheeran: am i the only girl who doesnt watch pretty little liars omg", "user": "aliciaorange99", "id": 398348718833143808}, {"text": "\u201c@Kockenlocker: First Look: Pretty Little Liars Goes Noir http://t.co/ObjEPcgYzv via @tvguide\u201d @MariahCopley check it", "user": "TiahPP", "id": 398339891022401537}, {"text": "Luv u lucy ur amazing love u on pretty little liars @lucyhale", "user": "LilRed1635", "id": 398338455245041664}, {"text": "RT @tropicxlsheeran: am i the only girl who doesnt watch pretty little liars omg", "user": "LenoraSheeran", "id": 398335059226157058}, {"text": "RT @tropicxlsheeran: am i the only girl who doesnt watch pretty little liars omg", "user": "lisasheerio", "id": 398334770348052480}, {"text": "am i the only girl who doesnt watch pretty little liars omg", "user": "tropicxlsheeran", "id": 398334375836012544}, {"text": "\"@Kockenlocker: First Look: Pretty Little Liars Goes Noir http://t.co/NnfP3Arl81 via @tvguide\"", "user": "80sRebelGirl", "id": 398327380970070016}, {"text": "Watching Pretty Little Liars makes me want coffee. and I don't like coffee lol", "user": "Itsactuallyjose", "id": 398317861804187648}, {"text": "Great night cuddling, watching pretty little liars, and back massages \ud83d\udc4c\ud83d\udc95", "user": "M_A_DoubleD_I", "id": 398298962383212545}, {"text": "i swear pretty little liars is just a bunch of girls hushing everyone and \"A\" doing a bunch of shit. i dont get it", "user": "MaddyxMignardi", "id": 398289170688258048}, {"text": "@BrandonCyrus @samanthacmoore haha, but srsly... Wuts pretty little liars?", "user": "zeke_buck", "id": 398279772662284288}, {"text": "@bailzhartmang you don't appreciate Pretty Little Liars. So it's fair.", "user": "iseebrooke", "id": 398269691367407616}, {"text": "RT @aleemora_: Can january the 7 be here already! I wanna watch PRETTY LITTLE LIARS \ud83c\udd70", "user": "Itsaliciamariee", "id": 398248061245202433}, {"text": "Can january the 7 be here already! I wanna watch PRETTY LITTLE LIARS \ud83c\udd70", "user": "aleemora_", "id": 398247722198650880}, {"text": "\u201c@PalomoJazmine: \u201c@PLLBook: I\nNeed\nPretty\nlittle\nLiars\u201d\u201d", "user": "ebaaafeeee", "id": 398244655319773184}, {"text": "I'm actually excited to watch Pretty Little Liars #MonaIsBack", "user": "JusticeJettp", "id": 398240645258543104}, {"text": "Lauren gets too excited about Pretty Little Liars", "user": "IyanaMiaf", "id": 398228672089305088}, {"text": "Watching Pretty Little Liars \ud83d\udc60\ud83d\udc44\ud83d\udc46\ud83d\udc84 shhhhhhh #obsessed", "user": "tessam00", "id": 398225483550044160}, {"text": "Lauren gets too excited about Pretty Little Liars", "user": "BethanyShirleyi", "id": 398223830327369728}, {"text": "Catching up on Pretty Little Liars with my baby laying next to me. Today is good. http://t.co/iXdXmi1PYG", "user": "shannynrose", "id": 398215762009407488}, {"text": "Catching up on Pretty Little Liars, already on the Halloween episode.", "user": "barbiexbarbz", "id": 398209015584284672}, {"text": "@camilacabello97 THATS WHAT HAPPENED TO ME W/ THE VAMPIRE DIARIES AND PRETTY LITTLE LIARS", "user": "Zayna_Lioness", "id": 398205795600707584}, {"text": "Why is Lauren making me watch Pretty Little Liars", "user": "SoniaCeciliai", "id": 398202046953693184}, {"text": "I'm actually excited to watch Pretty Little Liars #MonaIsBack", "user": "RodneyDylano", "id": 398200852885688320}, {"text": "Can Lauren not text me when everything big thing happens in Pretty Little Liars", "user": "IsabellaSalmag", "id": 398191976471724032}, {"text": "Why is Lauren making me watch Pretty Little Liars", "user": "KatherineAshtoz", "id": 398189286442283008}, {"text": "Lauren gets too excited about Pretty Little Liars", "user": "AnnaHeatherp", "id": 398184240757497856}, {"text": "Can Lauren not text me when everything big thing happens in Pretty Little Liars", "user": "JerryAndonk", "id": 398181263569207296}, {"text": "Can Lauren not text me when everything big thing happens in Pretty Little Liars", "user": "LeeJoshuaw", "id": 398176947487768576}, {"text": "Why is Lauren making me watch Pretty Little Liars", "user": "HarmonyLilyj", "id": 398156359754973184}, {"text": "Can Lauren not text me when everything big thing happens in Pretty Little Liars", "user": "ElijahGrahamm", "id": 398155208833761280}, {"text": "It's Pretty Little Liars weather outside today. Just gotta wear a black dress and heels and I'll be set. @MsMonica143 @sarahrandall56", "user": "AmyGastauer", "id": 398143684145078272}, {"text": "I ready for season 4b of pretty little liars \ud83d\ude2d\ud83d\ude2d\ud83d\ude2d this gone be the best season", "user": "BadAsssNikki", "id": 398141254002688000}, {"text": "I wanna watch: Pretty Little Liars , Switched at Birth, Design by Jane, BET, Disney channel, Syfy, Teen Wolf :) &amp; bookoo other stuff !", "user": "Beauty_InMyEye", "id": 398125156721516544}, {"text": "Can Lauren not text me when everything big thing happens in Pretty Little Liars", "user": "MakaylaLucian", "id": 398124597020610560}, {"text": "Trying to catch up on Greys Anatomy and I can't stop thinking about Pretty Little Liars!! #goddammit", "user": "sophiescarff", "id": 398114863807201280}, {"text": "&lt;&lt;&lt;&lt;&lt;is ready for the new season of Pretty Little Liars to start...", "user": "BrainzNBoobiez", "id": 398112921710243840}]