[{"text": "I have gotten Jerald into so many girl shows. #TheVampireDiaries #Awkward #GirlCode #PPL and #Ravenswood but just a bit. \ud83d\ude02", "user": "CupcakeCrys", "id": 400840236025905152}, {"text": "Got my two English quizzes out of the way, now tine for Ravenswood!", "user": "kelvab", "id": 400838352074997761}, {"text": "Ravenswood is actually a really good show... \ud83d\ude0a", "user": "ArielleTan", "id": 400836795249606656}, {"text": "So today chase Keng was ranting on and on to me about how \"good\" the show RavensWood is... should I be concerned?!", "user": "ona_linton", "id": 400815235004899328}, {"text": "Don't know how I'm going to make it through the whole season of Ravenswood. DEAD. BIRDS. EVERYWHERE. \ud83d\ude16\ud83d\ude31\ud83d\ude2d", "user": "caroline_faye", "id": 400806646324023296}, {"text": "So I'm Officially A Full Fan Of #Ravenswood, \ud83d\udcfa\ud83d\ude4c", "user": "iMinajWithNicki", "id": 400798682301222912}, {"text": "Catching up on #Ravenswood !!!", "user": "qtyarimar", "id": 400796732285407232}, {"text": "Idk if I like the show Ravenswood or not. \ud83d\ude15", "user": "Allsmiles713", "id": 400791126312886272}, {"text": "ok time to catch up on ravenswood\nim gonna cry because it's scary", "user": "nadia_khalfe", "id": 400760976825671680}, {"text": "This Tuesday at 8/7c is the last ALL NEW Ravenswood of the year! This is the ONE. YOU. DON\u2019T. DARE. MISS.  \u2026 http://t.co/m9LcUaQVxL", "user": "jannadrescher", "id": 400753500986310657}, {"text": "Pretty Little Liars' Ashley Benson Spills Ravenswood Secrets, The Future of Haleb and More! http://t.co/mQ4vnxM76l @StarStruck014", "user": "danacutliff", "id": 400749532947808257}, {"text": "Missed #ravenswood last night, but glad I didn't watch it at night! Goosebumps! So scary! @RavenswoodABCF", "user": "em__benavides", "id": 400746349294936064}, {"text": "The mortician on Ravenswood always dresses all nice.", "user": "steph_182", "id": 400737360440479744}, {"text": "RT @Courtney_Lether: @Brettdier and @lukebenward are kicking ass on the set of #Ravenswood today. It's pretty epic.", "user": "gallant112", "id": 400731744623939584}, {"text": "@Brettdier and @lukebenward are kicking ass on the set of #Ravenswood today. It's pretty epic.", "user": "Courtney_Lether", "id": 400714333237157888}, {"text": "Why is Ravenswood having their last episode of the year next Tuesday?! It just started! I'm upset about this.", "user": "haleighjae", "id": 400706679701909505}, {"text": "RT @jacobtwop: #HoneyRoastedPenis trended last night.\n#Ravenswood is awesome.", "user": "lafergs", "id": 400697590485766144}, {"text": "Ravenswood!", "user": "lilli_tarver", "id": 400695014600495104}, {"text": "Sure Brittany, you can watch Ravenswood instead of studying... \ud83d\ude12", "user": "bamerson94", "id": 400654862729240576}, {"text": "\"@taylorbreann: I get freaked out watching Ravenswood.\" Me too! Seances freak me out. I skipped it. When that burnt girl popped up.. #NO", "user": "MorganSuzanne94", "id": 400653297863761920}, {"text": "RT @jacobtwop: #HoneyRoastedPenis trended last night.\n#Ravenswood is awesome.", "user": "HannahluvsTV", "id": 400648032066473984}, {"text": "TV shows I missed last night and need to watch ASAP...#SonsofAnarchy and #Ravenswood.", "user": "80sRebelGirl", "id": 400641278985007104}, {"text": "RT @jacobtwop: #HoneyRoastedPenis trended last night.\n#Ravenswood is awesome.", "user": "MaggieTrundles", "id": 400635489641721857}, {"text": "#HoneyRoastedPenis trended last night.\n#Ravenswood is awesome.", "user": "jacobtwop", "id": 400630544771203072}, {"text": "Insomnia has driven me to watching the new episode of Ravenswood. They are doing the play Our Town. Yay for @_stephmichelle and @SiglerKati", "user": "MitziMeowMeow", "id": 400569788037996544}, {"text": "@5SOSFeels I know! Ravenswood is creepier than PLL tbh", "user": "_dreamycalum", "id": 400546462271930368}, {"text": "Love it #Ravenswood #GetGlue http://t.co/TnDVF4ONZb", "user": "mandymparis", "id": 400527800656220160}, {"text": "RT @YungEbby_: \u201c@ItsJustModern: #Ravenswood just started....how is it already the finale?\u201d because it didn't needa start to begin with!", "user": "ItsJustModern", "id": 400525430949572608}, {"text": "\u201c@ItsJustModern: #Ravenswood just started....how is it already the finale?\u201d because it didn't needa start to begin with!", "user": "YungEbby_", "id": 400525374750470144}, {"text": "RT @surfrunner23: It's okay that Caleb moved to Ravenswood because that just gives me some more quality time with my Hanna Banana Marin \ud83d\udc9b\ud83c\udf4c", "user": "AnthonyDaWinner", "id": 400523646151565312}, {"text": "It's okay that Caleb moved to Ravenswood because that just gives me some more quality time with my Hanna Banana Marin \ud83d\udc9b\ud83c\udf4c", "user": "surfrunner23", "id": 400521357168889856}, {"text": "@5SOSFeels ravenswood? Love it!", "user": "_dreamycalum", "id": 400517490725224448}, {"text": "OMgshhh.. woah.. 1. Miranda got out of her uncle's place. 2. I finally saw @AshleyRHolliday.. playing M's mother.. haa #Ravenswood", "user": "HermioneDuh", "id": 400516774241636352}, {"text": "I'm so scared &amp; I don't understand.. keeping locks of hair of dead people?  WTC, yo? #Ravenswood", "user": "HermioneDuh", "id": 400515491535392768}, {"text": "\"You must know what you're up against\"?? what in the worrrld? #Ravenswood", "user": "HermioneDuh", "id": 400513742107987968}, {"text": "I'm obsessed with Luke on Ravenswood. #marryme", "user": "koolmayne", "id": 400513515510697984}, {"text": "#Ravenswood freaking blood illusion coming out of the water line? D: SO creepy.. &amp; the hands marking through the plastic in the ground. WTH?", "user": "HermioneDuh", "id": 400511059032678400}, {"text": "Watching ravenswood!", "user": "zay_TheBest", "id": 400508973721202688}, {"text": "I was goung to bed.. but then Ravenswood came on and now I'm not sleeping #everagain", "user": "Ruthonkulous", "id": 400508880645390336}, {"text": "Time for some Ravenswood! \ud83d\ude01", "user": "Sarilii19", "id": 400503524368207872}, {"text": "Omg! Someone update me on RavensWood. How did Miranda die?", "user": "AnnaMsNicole", "id": 400499481721851905}, {"text": "OK.. about to go downstairs &amp; do stuff in the kitchen like make my dad's salad. #Ravenswood encore is coming up in 20 mins. :D", "user": "HermioneDuh", "id": 400498630810812417}, {"text": "Ravenswood or sleepp?", "user": "bbbiancaaa_", "id": 400498405014659072}, {"text": "I wanna watch the new ravenswood but im a chicken shit and end up sleeping with all the lights on", "user": "bbbiancaaa_", "id": 400496053230657536}, {"text": "New Ravenswood tonight \ud83d\udc81", "user": "Diana_Gonzalezx", "id": 400493407966998528}, {"text": "This show is so creepy! #Ravenswood", "user": "bethanywardlow", "id": 400492826057641985}, {"text": "Just got this limited #Ravenswood sticker. Get yours now #GetGlue http://t.co/hJVPfZ1tX0 #Ravenswood", "user": "Sarahloou", "id": 400487220978909184}, {"text": "\u2018Ravenswood\u2019 Recap: Caleb Makes A Family Connection http://t.co/1cT1LBueC2", "user": "JennyBruck", "id": 400485528492994560}, {"text": "Uncle Collins from Ravenswood is too hot.", "user": "ThatsSoMariel", "id": 400484406889963520}, {"text": "Why does Ravenswood have to end next week? #disappointed", "user": "CheyenneTaylorB", "id": 400482334320779265}, {"text": "\u2018Ravenswood\u2019 \u2018The Devil Has a Face\u2019 Recap: Old Relationships Shatter as New Ones Begin http://t.co/FYqIDvhsOn", "user": "Club7radio", "id": 400481571171737600}, {"text": "Just got today's #Ravenswood sticker. Get yours in the next 0h:29m. #GetGlue http://t.co/pJ5lVQTFLj #Ravenswood", "user": "Ness0226", "id": 400480681190768640}, {"text": ":) http://t.co/3mQwMOkj12 #GetGlue @RavenswoodABCF", "user": "Ness0226", "id": 400480614698467328}, {"text": "@Yan1ofaKind I did, last night. I don't watch Ravenswood. Do you?", "user": "SimplyMie_", "id": 400480117082034176}, {"text": "Ravenswood got me like \ud83d\ude48", "user": "madisongoolsby", "id": 400476687843872768}, {"text": "I want to watch ravenswood but I'm too lazy so I'll watch it tomorrow", "user": "Leah_tacobell", "id": 400474718521675776}, {"text": "Gonna stay up to watch #Ravenswood since I missed it earlier. That show is sooo interesting and I love it.", "user": "Miss_Melanie21", "id": 400474519195746304}, {"text": "Ravenswood is going to be exactly like PLL. Just when you think you might have something figured out.... Nope! Confused again.", "user": "kylyngraves", "id": 400473729425088512}, {"text": "@1DOkMeetUp @delirryousme @amaziamstyles Watching Ravenswood\u270c\ufe0f", "user": "Hewillbenandoss", "id": 400473287433535488}, {"text": "Oh an I also caught up in my Vampire Diaries and things are getting crazy! XD Also caught upon Ravenswood and I lovz it~ #CaughtUp #TV", "user": "LazyMusician10", "id": 400472718048366592}, {"text": "Just got today's #Ravenswood sticker. Get yours in the next 1h:2m. #GetGlue http://t.co/xrQVCvFOGQ #Ravenswood", "user": "gonewiththeword", "id": 400472518890643456}, {"text": "Anyone else as freaked out about Ravenswood as I am? Creeeepy", "user": "Sar2012_Fitness", "id": 400469005397278720}, {"text": "Am i the only one that cant watch #ravenswood with out the light being on! This show freaks me out!", "user": "Alesha_sb26", "id": 400466164045733888}, {"text": "Lots of conversation about #Ravenswood on #GetGlue http://t.co/lFH0SqXDxu", "user": "Michelle04974", "id": 400465810030075904}, {"text": "Just got this limited #Ravenswood sticker. Get yours now #GetGlue http://t.co/TPOKfuXYSx #Ravenswood", "user": "Michelle04974", "id": 400465807005999105}, {"text": "Ravenswood time\ud83d\ude0d\ud83d\ude48", "user": "Danii_Giirl", "id": 400463236866125824}, {"text": "I was so excited to watch Ravenswood when it came out and I have yet to watch a single episode. #ohwhale", "user": "KaleneeeR", "id": 400462419396661248}, {"text": "If anyone needs me, I'll be swathed in layers of clothing/blankets on my couch watching Ravenswood.", "user": "Kari_LeeAnn", "id": 400461047531708416}, {"text": "Just got today's #Ravenswood sticker. Get yours in the next 1h:56m. #GetGlue http://t.co/jVY97o1KdG #Ravenswood", "user": "xAngelWing312x", "id": 400458787758538753}, {"text": "Recorded .. #Ravenswood #GetGlue http://t.co/OMEA2qlaXK", "user": "xAngelWing312x", "id": 400458787141984256}, {"text": "RT @Courtney_Lether: @Brettdier @BritneOldford #ravenswood How much do you love these two!?!! The best! @LeahVautrot @SherriBHamilton http:\u2026", "user": "bieber_goldfish", "id": 400457256367828992}, {"text": "wow #ravenswood", "user": "_KianaRose_", "id": 400456367305027584}, {"text": "RT @ArianasPerry: I swear Ravenswood is gonna give me nightmares.", "user": "x0taylormarie", "id": 400456105383706624}, {"text": "I swear Ravenswood is gonna give me nightmares.", "user": "ArianasPerry", "id": 400456036047265793}, {"text": "Happy #ravenswood day!!!!!! We have some more exciting news about the show coming your way from #valmonthall !!!!!!", "user": "TheKaraMann", "id": 400455784385236992}, {"text": "#Ravenswood is super creepy and weird, but I'm totally hooked...", "user": "emilydawnharris", "id": 400452920266588160}, {"text": "Photo: I just unlocked the Ravenswood: The Devil Has a Face sticker on GetGlue 5371 others have also... http://t.co/6P7e2nqGxc", "user": "TheGlamKitty", "id": 400451228607721472}, {"text": "Photo: I\u2019m watching Ravenswood 5807 others are also watching. Ravenswood on http://t.co/EAVaTTARfD http://t.co/m8MMqqOJmM", "user": "TheGlamKitty", "id": 400451225193549824}, {"text": "I'm watching #Ravenswood with 5807 other fans on #GetGlue http://t.co/znPyOlqwdU", "user": "TheGlamKitty", "id": 400451224132407297}, {"text": "Just got this limited #Ravenswood sticker. Get yours now #GetGlue http://t.co/QJhYiaH9hv #Ravenswood", "user": "TheGlamKitty", "id": 400451220625973248}, {"text": "Ima give this whole Ravenswood thing a chance", "user": "krisnevils", "id": 400450405965889536}, {"text": "Ravenswood is fuggin crazy holy muff", "user": "claire_Lanclos", "id": 400448250873802752}, {"text": "Lets talk about this week's #Ravenswood on #GetGlue http://t.co/QqnlNr5wbg", "user": "GadiBear", "id": 400447483228483585}, {"text": "Just got today's #Ravenswood sticker. Get yours in the next 2h:41m. #GetGlue http://t.co/PiDMeBponb #Ravenswood", "user": "GadiBear", "id": 400447480653164544}, {"text": "Time for warm jammies, wrapping Christmas presents, watching Originals/Supernatural/Ravenswood :)", "user": "miss_brandiii47", "id": 400447296749309952}, {"text": "#Ravenswood is a good show !! :D", "user": "_jazelleperez", "id": 400446595092979712}, {"text": "I just got a RT from a Ravenswood star! Oh yeah", "user": "whoisjayflowers", "id": 400445669820747776}, {"text": "RT @Mkaiser55: Ravenswood is creepy", "user": "lovenelleee_", "id": 400445113958400000}, {"text": "Ravenswood is so gooood", "user": "mariejessica19", "id": 400445038800277505}, {"text": "@rachelrameyy last Ravenswood of the year is next week", "user": "erinmac_24", "id": 400444992771981312}, {"text": "Holy crap! What is in the box and why is there just 1 more episode this year??Stupid hiatuses!! I need the next episode now!!  #Ravenswood", "user": "txangelwolf", "id": 400444139847700480}, {"text": "Fan of #Ravenswood? Join me &amp; 4885 other fans now on #GetGlue http://t.co/kRGNzYjTMh", "user": "TwilightPhreak", "id": 400443756803293184}, {"text": "Ravenswood is getting so good \ud83d\udc4f\ud83d\ude0d", "user": "jillyyin", "id": 400443454628839425}, {"text": "Ravenswood is creepy", "user": "Mkaiser55", "id": 400443403910930432}, {"text": "\u201c@TheKStell: The uncle from ravenswood is creepingly  hot.\u201d creepingly", "user": "_amiller60", "id": 400443235329265664}, {"text": "Last new #Ravenswood of the year next week :( Can't wait!", "user": "TarahPLLWWE", "id": 400443127221071872}, {"text": "last Ravenswood is next week?! whattttt", "user": "erinmac_24", "id": 400443007544991745}, {"text": "Ravenswood is such a good show but it honestly scares me.", "user": "kaymichy", "id": 400443000402501632}, {"text": "MIRANDA DONT YOU DARE LEAVE!!! RAVENSWOOD SCARES ME TBH! but I love it!", "user": "niamandnosh1", "id": 400442959700570112}, {"text": "What did Caleb find???? Where is Miranda going???? OMG, NOOOOO!! #Ravenswood #RavenswoodChat", "user": "TarahPLLWWE", "id": 400442930608889857}, {"text": "Miranda's uncle on Ravenswood is freaking creepy. I feel bad for Remy, Caleb, Luke, and Olivia. They seem so confused and tortured", "user": "niamandnosh1", "id": 400442793375461376}, {"text": "How dare you break her heart line that. NO. #Ravenswood", "user": "kellifadays", "id": 400442321071644672}, {"text": "Luke Tells Remy!!!! #Honest #Confused #Ravenswood", "user": "TarahPLLWWE", "id": 400442082357043201}, {"text": "I love Ravenswood.", "user": "myendingdreams", "id": 400441865280823296}, {"text": "Ravenswood is honestly too creepy for me", "user": "Doolaaayy", "id": 400441659193704449}, {"text": "Why is #Ravenswood so creepy!! #abouttoscream #jumpingoutofmyskin", "user": "LyndaGail", "id": 400441524883701760}, {"text": "RT @BreAnneSmith80: ravenswood is so fucking creepy.", "user": "alexa_anne14", "id": 400441165595836416}, {"text": "RT @BreAnneSmith80: ravenswood is so fucking creepy.", "user": "hayleyrenee26", "id": 400441145156595713}, {"text": "RT @BreAnneSmith80: ravenswood is so fucking creepy.", "user": "BreElizabeth98", "id": 400441039104004096}, {"text": "I'm bawling. #Ravenswood", "user": "kellifadays", "id": 400440738653024256}, {"text": "RT @BreAnneSmith80: ravenswood is so fucking creepy.", "user": "WebreBaylee", "id": 400440613625028608}, {"text": "RT @BreAnneSmith80: ravenswood is so fucking creepy.", "user": "hashtagaddie", "id": 400440249392062464}, {"text": "Do not jump scare me. I swear to go. #ravenswood", "user": "kellifadays", "id": 400440181372633089}, {"text": "ravenswood is so fucking creepy.", "user": "BreAnneSmith80", "id": 400440156026839040}, {"text": "y'all watching ravenswood?", "user": "_inkmeUP", "id": 400440096513474560}, {"text": "This just keeps getting creepier!! I love it! #Ravenswood", "user": "txangelwolf", "id": 400439690332889088}, {"text": "\u201c@KimiWinterton: I forgot all about Ravenswood \ud83d\ude14\u201d\n\nSame like every week", "user": "OshaneVEVO", "id": 400439619017539584}, {"text": "@tylerjblackburn Ravenswood is such a good show! Caleb rocks :) #RavenswoodChat", "user": "Priscilla_89", "id": 400439443443564544}, {"text": "Hair...Hair?? Ewwww! #MrCollins #Creepy #Ravenswood", "user": "TarahPLLWWE", "id": 400439295300743168}, {"text": "Omg! Luke, No! Quit kissing her!! #Ravenswood", "user": "TarahPLLWWE", "id": 400439041834754049}, {"text": "#Ravenswood is getting weird..", "user": "kaitlynmccreary", "id": 400438972746190848}, {"text": "Flipping back and forth to ravenswood, &amp; the originals!!:)", "user": "Amber_Ragusa", "id": 400438449871654912}, {"text": "#Ravenswood", "user": "CrazyGorgeous_", "id": 400438105288605696}, {"text": "I'm watching #Ravenswood with 4178 other fans on #GetGlue http://t.co/OxeCXOMReJ", "user": "SookieBillXOXO", "id": 400438046229008384}, {"text": "Just got today's #Ravenswood sticker. Get yours in the next 3h:19m. #GetGlue http://t.co/DgxCNGwm2N #Ravenswood", "user": "SookieBillXOXO", "id": 400438042991013888}, {"text": "It's nice of A to leave Caleb alone while he's in Ravenswood", "user": "laprincessessa", "id": 400437531646631936}, {"text": "Ravenswood is.so.spooky", "user": "mandie17mahomie", "id": 400437432400637952}, {"text": "The episode of #Ravenswood that I'm in is on NOW! Try and spot me! This show is awesome! Cc: #ravenswoodchat", "user": "blakely232", "id": 400437389438746624}, {"text": "Just got this limited #Ravenswood sticker. Get yours now #GetGlue http://t.co/2wh9guDxNX #Ravenswood", "user": "PhobiaPhreak91", "id": 400437204159561728}, {"text": "But really though I'm obsessed with @merrittpattrsn. I love everything about her &amp; her character in #Ravenswood \ud83d\ude0d\ud83d\ude0d\ud83d\ude0d\ud83d\udc57\ud83d\udc62#ClassyPrep #WannaBeHer", "user": "RAE_sayywhhattt", "id": 400437147758387200}, {"text": "RT @allmyyloving: Awe I don't blame Miranda for falling in love with Caleb \u2661 #Ravenswood", "user": "Itsimmortality1", "id": 400437125763854336}, {"text": "Ravenswood is so creepy and I love it!", "user": "Courtney_Dixson", "id": 400436971287232512}, {"text": "Awe I don't blame Miranda for falling in love with Caleb \u2661 #Ravenswood", "user": "allmyyloving", "id": 400436863535554560}, {"text": "Caleb and Miranda do have a \"thing\"!! Love Haleb, but they are adorable :) #Ravenswood", "user": "TarahPLLWWE", "id": 400436803250827264}, {"text": "Ravenswood is ok I'm kind of losing interest.", "user": "Tarryyynnn", "id": 400436777883680768}, {"text": "\"@mariaakellyy: I LOVE Caleb and Hanna....but I also kinda like the idea of Caleb and Miranda \ud83d\ude33 #Ravenswood\" hahahahaah NO", "user": "Tarryyynnn", "id": 400436326220066816}, {"text": "We\u2019re so ready for an all new episode of Ravenswood tonight at 8/7c on ABC Family!  \u2026 http://t.co/d6sFFA7rDw", "user": "jannadrescher", "id": 400436007415599104}, {"text": "I really wish people knew all the lore on ravens. Like then people would understand all the symbolism in #Ravenswood  #Nevermore", "user": "RAE_sayywhhattt", "id": 400435562844155904}, {"text": "Can't wait to see you back in Rosewood! But you're amazing in Ravenswood! You belong there to!!!! @tylerjblackburn #RavenswoodChat", "user": "TarahPLLWWE", "id": 400435537862877184}, {"text": "#Ravenswood is getting so good!!", "user": "danilikescake", "id": 400435375107084288}, {"text": "RT @jaderade4144: I need everyone to calm down. Miranda is DEAD. She can't be with Caleb.  #ravenswood", "user": "Darlene_Baybee", "id": 400435236963889152}, {"text": "I'm freakin crying right now. #Ravenswood", "user": "kellifadays", "id": 400435084827705344}, {"text": "Poor Miranda :( @RavenswoodABCF I feel so bad for her! #Ravenswood", "user": "TarahPLLWWE", "id": 400435084030787584}, {"text": "RT @brown_macey: Ravenswood is sooo creepy.", "user": "DBM79", "id": 400434654572216320}, {"text": "I need everyone to calm down. Miranda is DEAD. She can't be with Caleb.  #ravenswood", "user": "jaderade4144", "id": 400434525760937984}, {"text": "RT @brown_macey: Ravenswood is sooo creepy.", "user": "_baileejordan", "id": 400434136948559873}, {"text": "Ravenswood is sooo creepy.", "user": "brown_macey", "id": 400434095068442624}, {"text": "#WhatIsCollinsHiding Ravenswood is so far good", "user": "ForeverMusic_15", "id": 400433873059713024}, {"text": "Just got this limited #Ravenswood sticker. Get yours now #GetGlue http://t.co/jxAExmw7x8 #Ravenswood", "user": "cap1corn9", "id": 400433813396152320}, {"text": "Too late. #Ravenswood", "user": "jaderade4144", "id": 400433408150896640}, {"text": "Girl, run away #Ravenswood", "user": "jaderade4144", "id": 400433357840216064}, {"text": "Will the PLLs crossover into Ravenswood again? #RavenswoodChat @tylerjblackburn", "user": "_Kailaaa_", "id": 400432384232808448}, {"text": "Ravenswood is good but scary a'f! \ud83d\ude2e", "user": "JasmineRenae_T", "id": 400431398739128320}, {"text": "Just got this limited #Ravenswood sticker. Get yours now #GetGlue http://t.co/I45JewZZpQ #Ravenswood", "user": "AshanteScorpio", "id": 400430855065464832}, {"text": "so that seance was a little crazy pants...but now we know that what killed luke and olivia's ... #Ravenswood #GetGlue http://t.co/e1ES5RgqDQ", "user": "AshanteScorpio", "id": 400430854025252864}, {"text": "Photo: I just unlocked the Ravenswood: The Devil Has a Face sticker on GetGlue 2482 others have also... http://t.co/exYNu6sRnA", "user": "HermioneDuh", "id": 400430351530868736}, {"text": "Just got today's #Ravenswood sticker. Get yours in the next 3h:49m. #GetGlue http://t.co/4uJRga55xM #Ravenswood", "user": "HermioneDuh", "id": 400430337870024704}, {"text": "SO creepy, but I want to know more #Ravenswood #GetGlue http://t.co/PhSwtLwOM0", "user": "HermioneDuh", "id": 400430337714819072}, {"text": "#KillerRaven #RavenswoodChat #Ravenswood", "user": "nairitello", "id": 400430250984603648}, {"text": "RAVENSWOOD IS SO CREEPY IM GONNA SHART", "user": "KonysAsshole", "id": 400430110848724992}, {"text": "Fan of #Ravenswood? Join me &amp; 2687 other fans now on #GetGlue http://t.co/9IsliBNkmg", "user": "Lalapureangel", "id": 400430047196368896}, {"text": "Just got this limited #Ravenswood sticker. Get yours now #GetGlue http://t.co/lHRcdajnZ9 #Ravenswood", "user": "Lalapureangel", "id": 400430044411334656}, {"text": "Actually watching \"Ravenswood\" w daughter...but #Eggnog", "user": "texbarb", "id": 400430033040195584}, {"text": "I'm watching #Ravenswood with 2601 other fans on #GetGlue http://t.co/EQKJsoip5N", "user": "iAMjustTORI", "id": 400429715657605120}, {"text": "Just got today's #Ravenswood sticker. Get yours in the next 3h:52m. #GetGlue http://t.co/ACSwYeRyPO #Ravenswood", "user": "iAMjustTORI", "id": 400429713396858881}, {"text": "ravenswood is so creepy I love it\ud83d\ude0d", "user": "JuanitaMJ21", "id": 400429564599361536}, {"text": "Ravenswood is kind of a little too weird for me", "user": "London16H", "id": 400429550267408384}, {"text": "Ravenswood", "user": "_DxCartae__", "id": 400429526288568320}, {"text": "I take that back... Ravenswood reminds me of pretty little liars.\nTheres a lot of secrecy.\nExcept pretty little liars was better.", "user": "lovelyayeee", "id": 400429524845752320}, {"text": "#Ravenswood then T25", "user": "jenlea1718", "id": 400429504159432704}, {"text": "Just got this limited #Ravenswood sticker. Get yours now #GetGlue http://t.co/aR8pL5LIGx #Ravenswood", "user": "demonclrgrd", "id": 400429429308293120}, {"text": "Just got today's #Ravenswood sticker. Get yours in the next 3h:54m. #GetGlue http://t.co/1RQFfAoQ6e #Ravenswood", "user": "alamoaries64", "id": 400429232792567808}, {"text": "#Ravenswood ! \ud83d\udc7b\ud83c\udf11", "user": "elida_camacho03", "id": 400429173061087232}, {"text": "#Ravenswood is weird... idk its just not what i was thinking it was gonna be.  \ud83d\ude12", "user": "lovelyayeee", "id": 400428700417531904}, {"text": "Oh hi shirtless caleb. #Ravenswood", "user": "whoisjayflowers", "id": 400428556708102144}, {"text": "Ravenswood is so creepy\ud83d\ude10", "user": "iMM1CK3Y", "id": 400428540543238144}, {"text": "Lets talk about this week's #Ravenswood on #GetGlue http://t.co/WuXXNb28oc", "user": "BreeArielCooper", "id": 400428480745455616}, {"text": "Just got this limited #Ravenswood sticker. Get yours now #GetGlue http://t.co/KnFJKCfsTI #Ravenswood", "user": "ItsChristinaW", "id": 400428478098849792}, {"text": "Just got today's #Ravenswood sticker. Get yours in the next 3h:57m. #GetGlue http://t.co/lM472JCnFI #Ravenswood", "user": "BreeArielCooper", "id": 400428476249149440}, {"text": "Ravenswood =)", "user": "mandie17mahomie", "id": 400428346808348672}, {"text": "#Ravenswood \u2764\ufe0f", "user": "kaitlynmccreary", "id": 400428302294614016}, {"text": "ravenswood \ud83d\ude0d", "user": "clarkpayton2", "id": 400428185545760768}, {"text": "Watching Ravenswood.", "user": "est_062392", "id": 400428152557936640}, {"text": "\u201c@HarrysHoar: Ravenswood is the only reason I look forward to Tuesdays\u201d", "user": "ChelsyWarren", "id": 400428120273977344}, {"text": "Ravenswood \ud83d\udc4c", "user": "JuanitaGranado1", "id": 400428107066531840}, {"text": "Photo: I just unlocked the Ravenswood: The Devil Has a Face sticker on GetGlue 1634 others have also... http://t.co/AjaYhFweDR", "user": "aimee2621", "id": 400428086485069824}, {"text": "Just got this limited #Ravenswood sticker. Get yours now #GetGlue http://t.co/opAlkAJOjW #Ravenswood", "user": "aimee2621", "id": 400428079312822272}, {"text": "OMFG RAVENSWOOD IS SO CREEPY BUT THAT IS WAT MAKES IT GOOD U KNOW BESIDES THE CUTE GUYS HAHAHAHA", "user": "nairitello", "id": 400428000253997056}, {"text": "Time for #Ravenswood #FivePact ...", "user": "pateesha_ann", "id": 400427990053433344}, {"text": "Ravenswood \ud83d\ude0d", "user": "shanno_17", "id": 400427886630301696}, {"text": "Study break ,  Ravenswood (:", "user": "RozayRed_", "id": 400427838634881024}, {"text": "watching Ravenswood when it comes on... wut is life", "user": "erinmac_24", "id": 400427817021620225}, {"text": "Gonna watch Ravenswood in the dark. I swear if there are jump scares. I'll cry.", "user": "kellifadays", "id": 400427808096129024}, {"text": "Ravenswood time \ud83d\udc7b", "user": "London16H", "id": 400427615103623168}, {"text": "Lots of conversation about #Ravenswood on #GetGlue http://t.co/seDTSkvsHk", "user": "liveforthefight", "id": 400427498900819968}, {"text": "Just got today's #Ravenswood sticker. Get yours in the next 4h:1m. #GetGlue http://t.co/BkQXQicOCq #Ravenswood", "user": "liveforthefight", "id": 400427495830618113}, {"text": "RT @Mkaiser55: Ravenswood is something serious", "user": "LookAtLolly", "id": 400426924284973057}, {"text": "Ravenswood is something serious", "user": "Mkaiser55", "id": 400426627168886785}, {"text": "RT @OhShesAmbitious: But they left us w. RavensWood though.", "user": "Typical_Tee13", "id": 400426619430387712}, {"text": "Watchin #Ravenswood love this show", "user": "Melly_nicole11", "id": 400426569908228096}, {"text": "Just got today's #Ravenswood sticker. Get yours in the next 4h:5m. #GetGlue http://t.co/TzkPDeivtn #Ravenswood", "user": "is_bitchy", "id": 400426495560388608}, {"text": "RT @pausolis1: watching ravenswood by myself is probably not a good idea.\ud83d\ude33\ud83d\udc80", "user": "emmappv", "id": 400426220694667264}, {"text": "Ravenswood too scary for me", "user": "Naesha_", "id": 400426214076067840}, {"text": "watching ravenswood by myself is probably not a good idea.\ud83d\ude33\ud83d\udc80", "user": "pausolis1", "id": 400426091010998272}, {"text": "But Ravenswood is on in 10 minutes. AHHHHH", "user": "kellifadays", "id": 400425501648375809}, {"text": "Ready for the new Ravenswood\ud83d\ude2c", "user": "ChanRichardson_", "id": 400425339790589952}, {"text": "@sophia_nguyenn RAVENSWOOD OMG I LOVE THAT SHOW :D", "user": "nadia_khalfe", "id": 400424206837350400}, {"text": "Just got this limited #Ravenswood sticker. Get yours now #GetGlue http://t.co/sDi5YJ5kXX #Ravenswood", "user": "Rhettoric_1", "id": 400424095814524928}, {"text": "I'm watching Ravenswood (1082 others are watching) http://t.co/VRcINmcnwD #GetGlue @RavenswoodABCF", "user": "Rhettoric_1", "id": 400424078018088961}, {"text": "RT @Courtney_Lether: #Ravenswood Twerk party in the hair and makeup trailer! @tylerjblackburn Where Y'at?!", "user": "KelsiSalzwedel", "id": 400423547749027840}, {"text": "RT @HannahGuillory1: Ravenswood.", "user": "Queen_J_Spivey", "id": 400423433537724416}, {"text": "Fan of #Ravenswood? Join me &amp; 1057 other fans now on #GetGlue http://t.co/yqPasItkRy", "user": "txangelwolf", "id": 400422847656771584}, {"text": "Just got today's #Ravenswood sticker. Get yours in the next 4h:19m. #GetGlue http://t.co/rahzgScpee #Ravenswood", "user": "txangelwolf", "id": 400422844116795392}, {"text": "But they left us w. RavensWood though.", "user": "OhShesAmbitious", "id": 400422406226849792}, {"text": "Just got today's #Ravenswood sticker. Get yours in the next 4h:22m. #GetGlue http://t.co/plsm1WX0KI #Ravenswood", "user": "Androidenne", "id": 400422159073677312}, {"text": "Just finished episode 2 @traci008  where are you on this series??? #Ravenswood", "user": "SamanthaStokes4", "id": 400421940579426305}, {"text": "Just got this limited #Ravenswood sticker. Get yours now #GetGlue http://t.co/tq5CF2u5b6 #Ravenswood", "user": "Fernando_JPerez", "id": 400421395752288256}, {"text": "Ravenswood.", "user": "HannahGuillory1", "id": 400421034127392768}, {"text": "Lol @ how I can't watch Ravenswood tn", "user": "stewart_keeley", "id": 400421030977884160}, {"text": "Ravenswood in a few!!!!", "user": "hoseyrachael", "id": 400420974434058240}, {"text": "Ravenswood is confusing as hell", "user": "kassidyleann81", "id": 400420771744329728}, {"text": "\" are you alone? \"\ngood question .. #Ravenswood \u2764", "user": "ChelsyWarren", "id": 400420248337121280}, {"text": "RT @cammrynmeraz: #Ravenswood", "user": "_ashlynbergeron", "id": 400419162184376320}, {"text": "RT @cammrynmeraz: #Ravenswood", "user": "kissmy_Teely", "id": 400418453116297216}, {"text": "RT @cammrynmeraz: #Ravenswood", "user": "Immunityidols", "id": 400418323420413952}, {"text": "#Ravenswood", "user": "cammrynmeraz", "id": 400418148559499265}, {"text": "Are you watching Ravenswood? http://t.co/oUYcpnfrhW", "user": "_KayyJayy", "id": 400417002495672321}, {"text": "RT @Courtney_Lether: #Ravenswood Twerk party in the hair and makeup trailer! @tylerjblackburn Where Y'at?!", "user": "merrittpattrsn", "id": 400416546184376320}, {"text": "Ravenswood tonight :)", "user": "Tarryyynnn", "id": 400415914845167617}, {"text": "Great... Now @traci008 has me hooked on a show I wasn't even going to watch #Ravenswood", "user": "SamanthaStokes4", "id": 400415261104156672}, {"text": "Can't wait for Ravenswood &amp; the Bad Girls Club tonight. \ud83d\udc4f", "user": "kristengarciaaa", "id": 400414816390492160}, {"text": "RT @Courtney_Lether: #Ravenswood Twerk party in the hair and makeup trailer! @tylerjblackburn Where Y'at?!", "user": "_TweetNicole", "id": 400413836714336256}, {"text": "RT @ChelsyWarren: #Ravenswood \u2764\u2764\u2764", "user": "DearAshley97", "id": 400413639746011136}, {"text": "#Ravenswood \u2764\u2764\u2764", "user": "ChelsyWarren", "id": 400413508455505920}, {"text": "catching up on last weeks episode of Ravenswood", "user": "Naesha_", "id": 400413319594377216}, {"text": "Lots of conversation about #Ravenswood on #GetGlue http://t.co/wcJftMmk96", "user": "BTR_M5Addict", "id": 400413170927677440}, {"text": "ravenswood is on ayee", "user": "p4intyouwings", "id": 400413168045809664}, {"text": "Bout to make a cup of tea and wait for Ravenswood to come on \ud83d\ude2c", "user": "lonelysoul_am", "id": 400412509234274305}, {"text": "Ravenswood Tasting Room\u2026something to read while sipping some Zin\u2026;-) http://t.co/zwsu3BYSPt", "user": "twotablespress", "id": 400412064713170944}, {"text": "ravenswood boutta come oooon", "user": "HeyImAshley_", "id": 400411727868596225}, {"text": "RT @Courtney_Lether: #Ravenswood Twerk party in the hair and makeup trailer! @tylerjblackburn Where Y'at?!", "user": "ale_sedas", "id": 400411413656510464}, {"text": "RT @Courtney_Lether: Best day ever on set with @Brettdier! We are lucky and filled with laughter in #Ravenswood", "user": "Demetre12255355", "id": 400411273814626304}, {"text": "#Ravenswood Twerk party in the hair and makeup trailer! @tylerjblackburn Where Y'at?!", "user": "Courtney_Lether", "id": 400411188921503744}, {"text": "If there was a new episode of Pretty Little Liars, Ravenswood, Awkward, and Girl Code everyday I would never leave the house !", "user": "__sheMAJOR", "id": 400404470456401920}, {"text": "\"@tbrick2: Spinoff checkup: How #TheOriginals,  #ouatwonderland and #Ravenswood are faring: http://t.co/5cvoRnHjVX\"", "user": "80sRebelGirl", "id": 400402067124011008}, {"text": "Ravenswood tonight \ud83d\udc7b", "user": "jessicaaax33_", "id": 400398044149346304}, {"text": "Just wanna go home and watch Ravenswood, the orginals, supernatural and then awkward.", "user": "YooItsMarie", "id": 400393711151902720}, {"text": "RT @ToriLaughland: Ravenswood comes on tonight\ud83d\ude0d\ud83d\ude0d", "user": "ShaylaPalow", "id": 400389451920056320}, {"text": "Ravenswood \ud83d\ude0d\ud83d\ude0d #Ravenswood #ScaryShit #loveit", "user": "paigey17158", "id": 400388332409999360}, {"text": "RT @ToriLaughland: Ravenswood comes on tonight\ud83d\ude0d\ud83d\ude0d", "user": "ShiannPruitt", "id": 400380674445565952}, {"text": "RT @Haley_Reeves: Ravenswood tonight! \ud83d\ude01", "user": "NancyDVargas", "id": 400367454422978560}, {"text": "RT @freakahhlikaa: Ravenswood tonight bitches @Cameron_Bonds  \ud83d\ude0c", "user": "Cameron_Bonds", "id": 400367435984809985}, {"text": "Ravenswood comes on tonight\ud83d\ude0d\ud83d\ude0d", "user": "ToriLaughland", "id": 400367183496114176}, {"text": "RT @OhShesAmbitious: PLL &amp; RavensWood tonight. \ud83d\ude01", "user": "ronshekaaaa_", "id": 400366849134579712}, {"text": "#ravenswood #abcfamily http://t.co/7TS4ZRV0SY", "user": "JuddLormand", "id": 400366622252486656}, {"text": "PLL &amp; RavensWood tonight. \ud83d\ude01", "user": "OhShesAmbitious", "id": 400366546758803456}, {"text": "RT @Haley_Reeves: Ravenswood tonight! \ud83d\ude01", "user": "Lexi_LeBlanc", "id": 400364878302433280}, {"text": "RT @Haley_Reeves: Ravenswood tonight! \ud83d\ude01", "user": "AdrienneBlair16", "id": 400364509719568384}, {"text": "Ravenswood tonight! \ud83d\ude01", "user": "Haley_Reeves", "id": 400364342975021056}, {"text": "Ravenswood tonight bitches @Cameron_Bonds  \ud83d\ude0c", "user": "freakahhlikaa", "id": 400361926783275008}, {"text": "RT @Courtney_Lether: @Brettdier @BritneOldford #ravenswood How much do you love these two!?!! The best! @LeahVautrot @SherriBHamilton http:\u2026", "user": "BritneOldford", "id": 400360371996737536}, {"text": "@Brettdier @BritneOldford #ravenswood How much do you love these two!?!! The best! @LeahVautrot @SherriBHamilton http://t.co/zOf78i3zWx", "user": "Courtney_Lether", "id": 400354204146884609}, {"text": "I'm more excited about Ravenswood than I am my own birthday\ud83d\ude33", "user": "paige_greer7", "id": 400336496747483137}, {"text": "This is my life right now. Pepperoni egg omelette leggings and ravenswood! #bejealous lol http://t.co/TwTkOi31vL", "user": "jocdm3211", "id": 400332379736518656}, {"text": "I think the only reason I am addicted to ravenswood is because pretty little liars isn't on. the show sucks.", "user": "arichhhh", "id": 400327681713008641}, {"text": "shows i am now behind on: glee, korra, how i met your mother, and after tonight, ravenswood \ud83d\ude14", "user": "darlingkatrina", "id": 400250541546037248}, {"text": "New, \"Ravenswood\" 1\u00d704 \u2018The Devil Has A Face\u2019 Sneak Peek 2! http://t.co/CqozSnCEr6", "user": "SoTaylorKitsch", "id": 400127690159980544}, {"text": "Ravenswood is some seriously scary crap.", "user": "Hannah213", "id": 400115018831638529}, {"text": "Ravenswood scares the shit out of me.", "user": "MartinezMackenz", "id": 400104699166474240}, {"text": "@enull22 This is why I fell into Ravenswood. I didn't want to have to do it, but it's a desperate situation.", "user": "get_randi", "id": 400102369469272065}, {"text": "Watching Ravenswood. Man I hate the pop ups. I'm gonna have a heart attack.", "user": "ThatGurlVivi", "id": 400093625549193216}, {"text": "Ravenswood is Soooo confusing", "user": "wyomi_aguilar", "id": 400079482771353600}, {"text": "#Ravenswood #PLL #VampireDiariesNT1 #RulesOfEngagement #TeenMom3", "user": "kaya_smiling", "id": 400077782257905664}, {"text": "Ravenswood\ud83d\udc9c", "user": "dancer151112", "id": 400069674257219585}, {"text": "@ABCFamily I look forward to the new #Ravenswood It's scary and I never know what happens next", "user": "ForeverMusic_15", "id": 400059981233270784}, {"text": "Ravenswood got me all trippy", "user": "alli_cat22", "id": 400052175654895616}, {"text": "\u201c@Brettdier: That one guy in Ravenswood who attempts to be creepy but can't. We had to cut him from the show.\u2026 http://t.co/nDGoIN0NhM\u201d", "user": "Helen_Marsh_", "id": 400046673281306624}, {"text": "Does Ravenswood come on tonight? Or tomorrow night?", "user": "Myraiaa", "id": 400046604440567808}, {"text": "If someone would kindly come and hold my hand while I watch the 2nd episode of Ravenswood I'll love you forever. Includes cups of tea", "user": "_Kailaaa_", "id": 400043880940199936}, {"text": "Has anyone been watching ravenswood?", "user": "tastietreatz", "id": 400041111206375426}, {"text": "Well, thanks for the nightmares @imarleneking it's okay, I didn't ever wanna sleep again anyway! #Ravenswood", "user": "_Kailaaa_", "id": 400031167853776897}, {"text": "Took today off. Did some much needed closet cleaning. Catching up on #Ravenswood #creepy", "user": "LoriANavarro", "id": 400030557943242753}, {"text": "RT @Courtney_Lether: Best day ever on set with @Brettdier! We are lucky and filled with laughter in #Ravenswood", "user": "Demetre97917936", "id": 399997110843887616}, {"text": "Ahhhh......Ravenswood comes on tomorrow!!! #Ravenswood", "user": "Yosselin97", "id": 399964801398747137}, {"text": "Fifteen of my photos from ABC Family's Ravenswood Season 1, Episode 4: Eerie photos from \"The Devil Has a Face\"... http://t.co/VKxoMSwQAx", "user": "SkipBolen", "id": 399957350905171968}, {"text": "Fifteen of my photos from ABC Family's Ravenswood Season 1, Episode 4: Eerie photos from \"The Devil Has a Face\"... http://t.co/rwtasA76wB", "user": "SkipBolen", "id": 399957158529228800}, {"text": "Fifteen of my photos from ABC Family's Ravenswood Season 1, Episode 4: Eerie photos from \"The Devil Has a Face\"... http://t.co/1A7Lg1LQKv", "user": "SkipBolen", "id": 399956908104114176}, {"text": "Okay I might stop watching ravenswood, this episode is too scary for me\ud83d\ude48\ud83d\ude28", "user": "nathalyreyess", "id": 399790258411163648}, {"text": "catching up on Ravenswood. so creepy but soo good. \ud83d\ude1b", "user": "Danii_Giirl", "id": 399770742243340290}, {"text": "Watching the rest of Ravenswood then gonna watch Joel Osteen \ud83d\udc98", "user": "victoriablair_", "id": 399762450314055680}, {"text": "Ravenswood is actually really good\ud83d\udc4c\ud83d\ude0c", "user": "victoriablair_", "id": 399757628525404161}, {"text": "heating blanket and Ravenswood to end my night and relax for bed \u263a\ufe0f", "user": "bekkabates", "id": 399751327674155008}, {"text": "Thoughts on Ravenswood?", "user": "noviteee", "id": 399750441627435008}, {"text": "#Ravenswood \ud83d\ude31", "user": "emi1y_r0se", "id": 399749790008750080}, {"text": "\"@toryydanaee22: Just now watching ravenswood\ud83d\ude10\" It's the BEST SHOW EVER!", "user": "tiffani_amber4", "id": 399739124246003712}, {"text": "A few of my ABC Family's Ravenswood photos.. Nicole Gale Anderson &amp; others on E-on-line.... http://t.co/VJJZu3Wgr9", "user": "SkipBolen", "id": 399705772344369152}, {"text": "RT @SkipBolen: A few of my ABC Family's Ravenswood photos.. Nicole Gale Anderson &amp; others on E-on-line.... http://t.co/JLwFFClGRJ", "user": "idapinheiro", "id": 399705552441593856}, {"text": "A few of my ABC Family's Ravenswood photos.. Nicole Gale Anderson &amp; others on E-on-line.... http://t.co/JLwFFClGRJ", "user": "SkipBolen", "id": 399705270999195648}, {"text": "The acting on #Ravenswood makes me want to die. So bad.", "user": "awfuckitsdaniel", "id": 399702911174721537}, {"text": "I was all set for an early night before my urge to watch Ravenswood took over!", "user": "_Kailaaa_", "id": 399688186504282112}, {"text": "Right, I'm gonna give #Ravenswood a go! I may regret watching this alone, in the dark. Especially with a dog that barks at nothing #Creepy", "user": "_Kailaaa_", "id": 399677065072365568}, {"text": "Is #Ravenswood any good? I'm not sure if I wanna watch it or not...", "user": "_Kailaaa_", "id": 399664682786512896}, {"text": "Ravenswood is freaking me out", "user": "OhMyKelsey_", "id": 399638759970316288}, {"text": "Ravenswood is a good ass show", "user": "tavannaaaaah", "id": 399636529154228224}, {"text": "Almost at the 1hr 30 min mark podcasting with @HeroineTV @crissycalhoun STILL SO MUCH TO TALK ABOUT! #awesomesunday #PLL #Ravenswood", "user": "80sRebelGirl", "id": 399619112357621760}, {"text": "Almost time to podcast #PLL and #Ravenswood with @crissycalhoun @HeroineTV", "user": "80sRebelGirl", "id": 399595403890655232}, {"text": "\u201c@AllThingsPLL: Ravenswood Season 1 Is Now Available on iTunes! http://t.co/OZBr9p7lJZ\u201d", "user": "sashiresnik", "id": 399592218933329921}, {"text": "RavensWood is such a great show .", "user": "TheKelseyJ", "id": 399584384195387392}, {"text": "Watching Ravenswood: Death and the Maiden on @hulu http://t.co/YzhdwuWl20", "user": "karenblanchard", "id": 399580791341989889}, {"text": "Someone come watch Grease or Ravenswood with me!", "user": "tatum_jo15", "id": 399420688831766528}, {"text": "#Ravenswood", "user": "Academy_VILN", "id": 399402916793950208}, {"text": "RT @ethelnation: I need to catch up on ravenswood", "user": "UnrealParadisee", "id": 399390873978281985}, {"text": "I need to catch up on ravenswood", "user": "ethelnation", "id": 399388095147036672}, {"text": "Ravenswood is so creepy\ud83d\ude28", "user": "maggiebabineaux", "id": 399385397681074176}, {"text": "RT @_emilyoliver: PLL / ravenswood night with the bff @nyna_michelle  \ud83d\udc8b\ud83d\udc6f we have a lot to catch up on!", "user": "nyna_michelle", "id": 399370019127062528}, {"text": "Ravenswood is the creepiest show ever", "user": "LillianGaribay", "id": 399369172976562177}, {"text": "PLL / ravenswood night with the bff @nyna_michelle  \ud83d\udc8b\ud83d\udc6f we have a lot to catch up on!", "user": "_emilyoliver", "id": 399369071994490880}, {"text": "Omgee #Ravenswood", "user": "Jessicaa_Alaniz", "id": 399344213550067713}, {"text": "Ravenswood is freaky show", "user": "M_0niiiiiiii", "id": 399333005920972801}, {"text": "Ravenswood is really good tbh", "user": "floraldede", "id": 399320549400137728}, {"text": "Ravenswood is my new favorite show \ud83d\ude0a", "user": "r_i_a_h_", "id": 399249305019510784}, {"text": "@crissycalhoun @HeroineTV Talk to you girls tomorrow! #Ravenswood #PLL", "user": "80sRebelGirl", "id": 399228276910329857}, {"text": "Can't watch ravenswood without not watching because it's just so fucking creepy. \ud83d\ude48", "user": "Kittylikestoast", "id": 399221947378466816}, {"text": "RT @Courtney_Lether: Best day ever on set with @Brettdier! We are lucky and filled with laughter in #Ravenswood", "user": "Demetre25956068", "id": 399198786524041216}, {"text": "I need a distraction so I'll stop thinking about #Ravenswood and be able to sleep! #scared \ud83d\ude33", "user": "PrincesssKimmm", "id": 399074714024284160}, {"text": "What the hell?! Why did I decide to watch #Ravenswood right now?! This show is scary af, there is no way I'm sleeping tonight \ud83d\ude33\ud83d\ude31\ud83d\ude48\ud83d\ude45", "user": "PrincesssKimmm", "id": 399069478060691456}, {"text": "Shows i watch:\n\nAwkward\nPLL\nTVD\nThe Originals\nRavenswood\nTwisted\nThe Carrie Diaries\nThe Fosters\nSwitched At Birth", "user": "trustsissue", "id": 399065238240120832}, {"text": "ravenswood scares me, man", "user": "trustsissue", "id": 399064674886381568}, {"text": "Ravenswood is way too creepy with that grudge looking girl!", "user": "AriWritesLove", "id": 399035522657423360}, {"text": "How we watch Ravenswood http://t.co/XujaiK5zhj", "user": "taylor_rafferty", "id": 398982997115809792}, {"text": "RT @Courtney_Lether: Best day ever on set with @Brettdier! We are lucky and filled with laughter in #Ravenswood", "user": "Demetre46194942", "id": 398967135671963649}, {"text": "RT @Courtney_Lether: Best day ever on set with @Brettdier! We are lucky and filled with laughter in #Ravenswood", "user": "Demetre40394849", "id": 398948742994612226}, {"text": "RT @Courtney_Lether: Best day ever on set with @Brettdier! We are lucky and filled with laughter in #Ravenswood", "user": "Demetre61024603", "id": 398946289343545344}, {"text": "RT @Courtney_Lether: #ravenswood Dance Party http://t.co/qb0vmwXjFL", "user": "gallant112", "id": 398897295346790401}, {"text": "#ravenswood Dance Party http://t.co/qb0vmwXjFL", "user": "Courtney_Lether", "id": 398897014773411840}, {"text": "IT WAS A MISTAKE WATCHING RAVENSWOOD", "user": "vaynessa13", "id": 398896327850868736}, {"text": "OMG UM CUBE EM RAVENSWOOD \ud83d\ude31", "user": "ahsataN_N", "id": 398854099858235392}, {"text": "Ravenswood is actually pretty creepy. So much death.", "user": "CourtneyWinski", "id": 398852944889528320}, {"text": "Watching Ravenswood!", "user": "DominiqueSuel", "id": 398833599836729345}, {"text": "\ud83d\udc7b\ud83d\udc7b\ud83d\udc7b picturing the scary ghost girl from ravenswood", "user": "christakalliopi", "id": 398816085614407680}, {"text": "RT @Courtney_Lether: Best day ever on set with @Brettdier! We are lucky and filled with laughter in #Ravenswood", "user": "BrettDLovers", "id": 398791035759120384}, {"text": "Ravenswood is SCARY!'", "user": "randeesights", "id": 398677941900419072}, {"text": "Ravenswood keeps giving me surprises... Like what..", "user": "AlinnaAli", "id": 398667593453936640}, {"text": "omg just watched the latest episode of Ravenswood and O M G . They can all seee Miranda now. ahhh", "user": "1DStylesNation", "id": 398647842509582336}, {"text": "Ok I kinda don't like ravens wood no more...it's freakening scary!! #Ravenswood", "user": "LexiLandry", "id": 398635684421836801}, {"text": "RT @Courtney_Lether: Best day ever on set with @Brettdier! We are lucky and filled with laughter in #Ravenswood", "user": "Demetre79187225", "id": 398631529527906305}, {"text": "@princesslevinee lol omg. im so doneeee . aha . naah i do pll &amp; ravenswood.", "user": "justcallmeruby_", "id": 398630757402288128}, {"text": "RT @Courtney_Lether: Best day ever on set with @Brettdier! We are lucky and filled with laughter in #Ravenswood", "user": "Demetre76821621", "id": 398627966584102912}, {"text": "I give up on Ravenswood, it is way too scary.", "user": "Gentryyyy", "id": 398618710409084928}, {"text": "Ravenswood is a really good show!!!", "user": "BrittanyPerez41", "id": 398595365995180032}, {"text": "RT @Courtney_Lether: Best day ever on set with @Brettdier! We are lucky and filled with laughter in #Ravenswood", "user": "Demetre73389821", "id": 398586296501010433}, {"text": "Loca me voy a volver viendo Ravenswood.", "user": "paolanddrea", "id": 398572674114265089}, {"text": "RT @Courtney_Lether: Best day ever on set with @Brettdier! We are lucky and filled with laughter in #Ravenswood", "user": "Demetre48977801", "id": 398571646690545665}, {"text": "Pretty Little Liars Crossover Episodes: When Will Hanna Arrive in Ravenswood? http://t.co/ARcvwZ07cH", "user": "eaf6701", "id": 398559130387881984}, {"text": "Now time to watch ravenswood \ud83d\ude46", "user": "styleszona", "id": 398556374012919808}, {"text": "RT @Courtney_Lether: Looking for the perfect gift? Go to iTunes and purchase a #Ravenswood season pass! @RavenswoodABCF @imarleneking @Leah\u2026", "user": "loovePLL", "id": 398556190830907392}, {"text": "RT @Courtney_Lether: Best day ever on set with @Brettdier! We are lucky and filled with laughter in #Ravenswood", "user": "Demetre84557612", "id": 398554837060571136}, {"text": "Thanks! MT @HannahluvsTV: @jacobtwop 's #Ravenswood recaps r the best thing on the internet since his TB/gossipgirl recaps...", "user": "jacobtwop", "id": 398550133270249472}, {"text": "I am full obsessed with ravenswood. It's an amazing show. Just like pretty little liars. \u263a\ufe0f #Ravenswood", "user": "shaibailey12", "id": 398545250236387328}, {"text": "This show is too creepy for me #Ravenswood", "user": "ashleysaywhaa", "id": 398512476397920256}, {"text": "Ravenswood is pretty good show.", "user": "kare_keri", "id": 398503820147183616}, {"text": "RT @Courtney_Lether: Looking for the perfect gift? Go to iTunes and purchase a #Ravenswood season pass! @RavenswoodABCF @imarleneking @Leah\u2026", "user": "LeahVautrot", "id": 398498880104325120}, {"text": "RT @Courtney_Lether: Looking for the perfect gift? Go to iTunes and purchase a #Ravenswood season pass! @RavenswoodABCF @imarleneking @Leah\u2026", "user": "CaseyMoore", "id": 398498747761823744}, {"text": "Looking for the perfect gift? Go to iTunes and purchase a #Ravenswood season pass! @RavenswoodABCF @imarleneking @LeahVautrot #Ravenswood", "user": "Courtney_Lether", "id": 398498477283360768}, {"text": "Catching up on awkward, ravenswood and girl code\ud83d\ude0c", "user": "loganfalconn", "id": 398497432109338624}, {"text": "RT @Courtney_Lether: Best day ever on set with @Brettdier! We are lucky and filled with laughter in #Ravenswood", "user": "Brettdier", "id": 398493038328033282}, {"text": "Ravenswood is a little creepy, but it's good. \ud83d\ude0c", "user": "bamerson94", "id": 398486996659601409}, {"text": "RT @Courtney_Lether: Best day ever on set with @Brettdier! We are lucky and filled with laughter in #Ravenswood", "user": "gallant112", "id": 398486263072030720}, {"text": "RT @Courtney_Lether: Best day ever on set with @Brettdier! We are lucky and filled with laughter in #Ravenswood", "user": "loovePLL", "id": 398485593359126528}, {"text": "Best day ever on set with @Brettdier! We are lucky and filled with laughter in #Ravenswood", "user": "Courtney_Lether", "id": 398483237347274752}, {"text": "Ravenswood cast is the most...had a blast y'day love working w a nonstuck up crew. @HaleyLuhoo @Brettdier @BrockKelIy Henry Simmons #LoveIt", "user": "orgnalbosslady", "id": 398450844128911361}, {"text": "Photo: I just unlocked the Ravenswood sticker on GetGlue 59272 others have also unlocked the Ravenswood... http://t.co/ovaSI6TlR3", "user": "jlp6869rocks", "id": 398403573069119488}, {"text": "Just got this #PLL sticker. Check out my 161 other stickers on #GetGlue http://t.co/tdV88PjCwo", "user": "jlp6869rocks", "id": 398403569378160640}, {"text": "Watched the first two this weekend now starting episode 3 http://t.co/OWdbexCCWk #GetGlue @RavenswoodABCF", "user": "jlp6869rocks", "id": 398403550688317440}, {"text": "#Ravenswood scurrsss me \ud83d\ude27\ud83d\ude27", "user": "aealim", "id": 398343846175596544}, {"text": "RT @KatherineB13: Watching @katieelainecook watch Ravenswood is probably the funniest thing ever. #SheScared", "user": "katieelainecook", "id": 398323209361031168}, {"text": "Watching @katieelainecook watch Ravenswood is probably the funniest thing ever. #SheScared", "user": "KatherineB13", "id": 398322863985262592}, {"text": "I'm really starting to get hooked to ravenswood &amp; i thought I wouldn't like it \ud83d\udc81", "user": "Taylaaaa_12", "id": 398306645971046400}, {"text": "Ravenswood\u263a\ufe0f", "user": "Ms_ShaBAYBAY", "id": 398299496607539200}, {"text": "Ravenswood is weird.", "user": "ThaBOMBBB", "id": 398297402538340352}, {"text": "Ravenswood has me confused \ud83d\ude4e", "user": "flyingHIGH_xoxo", "id": 398297083951595520}, {"text": "RT @kelsiexoxo_: Ravenswood is creepy dude", "user": "AmberDuggins", "id": 398282658112745472}, {"text": "I can't even catch up on ravenswood bc my child insist on Mickey Mouse alllllllll day!", "user": "amandafezzz", "id": 398279925716631553}, {"text": "I just got finished watching Ravenswood on @ABCFamily on demand. It scared the life out of me.", "user": "ForeverMusic_15", "id": 398278514673057792}, {"text": "I'm obsessed with @tartecosmetics Amazonian clay waterproof purple garnet eye liner. I may have to use on @merrittpattrsn #ravenswood", "user": "Courtney_Lether", "id": 398265230259912704}, {"text": "\u201c@SammyyKingg: RAVENSWOOD IS SO FUCKING SCARY I CANT DEAL WITH IT\u201d OMG I know it gives me nightmares.", "user": "shan_WOW_", "id": 398262062763474944}, {"text": "@queenkandis yeah I'm feeling that way about #ravenswood but I really wanted to like it Caleb needs to go back to Rosewood", "user": "mel0613", "id": 398247174649024512}, {"text": "RT @aleemora_: RAVENSWOOD GOT ME LIKE \ud83d\ude26\ud83d\ude1f\ud83d\ude2e\ud83d\ude2e\ud83d\ude2e", "user": "melissaxh_", "id": 398245210796593152}, {"text": "QUERO RAVENSWOOD LOGO Nina Dobrev #scifiactress #PeoplesChoice", "user": "httpspierce", "id": 398244552038817792}, {"text": "RAVENSWOOD GOT ME LIKE \ud83d\ude26\ud83d\ude1f\ud83d\ude2e\ud83d\ude2e\ud83d\ude2e", "user": "aleemora_", "id": 398244101461520384}, {"text": "Finally watching this week's Ravenswood!", "user": "blakely232", "id": 398243350375325696}, {"text": "Catching up.... #Ravenswood #GetGlue http://t.co/EQKJsoip5N", "user": "iAMjustTORI", "id": 398243172859781120}, {"text": "Catching up on all the Ravenswood episodes.", "user": "SweetHeartSely", "id": 398233991775404032}, {"text": "Watching ravenswood again :o cant get enough", "user": "itsevyy", "id": 398229691149991936}, {"text": "Like literally, that part in Ravenswood where that burnt person popped up made me pee a little", "user": "sarahvicpham", "id": 398220462313832448}, {"text": "\u201c@RavenswoodABCF: What do you think the #FivePact is? #Ravenswood\u201d all 5 needed to die!", "user": "mayclynn", "id": 398215244192808960}, {"text": "MU Artists keep telling me I need #obsessivecompulsivecosmetics #liptar excited to try on #ravenswood @CourtneyOCC http://t.co/zKYUJUglnJ", "user": "Courtney_Lether", "id": 398214679933108224}, {"text": "All I ever see is RavensWood.", "user": "OhShesAmbitious", "id": 398208631889752064}, {"text": "RAVENSWOOD IS SO CREEPY OMG", "user": "RylieMichael", "id": 398205878509113344}, {"text": "I dont understand Ravenswood! \ud83d\ude29\ud83d\ude29", "user": "_deestroy", "id": 398204988804976640}, {"text": "Ravenswood is actually pretty good so far.", "user": "LilWhiteNiggaa", "id": 398204004800278528}, {"text": "I'm excited for AHS and Ravenswood(:", "user": "NoelVirginia", "id": 398201990238330880}, {"text": "Yess! we will see @AshBenzo in @RavenswoodABCF soon, cuz she's taking a trip to #Ravenswood!! can't wait!", "user": "iamBenii", "id": 398196580957708288}, {"text": "omg ravenswood is creepy", "user": "sun13god", "id": 398195491793412096}, {"text": "RT @Mariisabell_: I think I just had a heart attack with Ravenswood \ud83d\ude32 #VoteAustinMahone", "user": "NaslutGirgin", "id": 398191416951975936}, {"text": "@Starlighttx13 ahhahah! Great :) watching a movie! I'm still scared about ravenswood ep! So freaking frightening \ud83d\ude31 did u see it?", "user": "SmouldyBlueEyes", "id": 398190193863569408}, {"text": "RT @Mariisabell_: I think I just had a heart attack with Ravenswood \ud83d\ude32 #VoteAustinMahone", "user": "jeronicayay", "id": 398188423041019904}, {"text": "RT @Mariisabell_: I think I just had a heart attack with Ravenswood \ud83d\ude32 #VoteAustinMahone", "user": "AlwaysAmeezy", "id": 398188415147327488}, {"text": "RT @Mariisabell_: I think I just had a heart attack with Ravenswood \ud83d\ude32 #VoteAustinMahone", "user": "hugssforaustin", "id": 398188328543342592}, {"text": "I think I just had a heart attack with Ravenswood \ud83d\ude32 #VoteAustinMahone", "user": "Mariisabell_", "id": 398188181226799104}, {"text": "Catching Up On #Ravenswood :)", "user": "SelenaMarie1015", "id": 398188056609423360}, {"text": "RT @kandicelanea: Ravenswood is actually creepy af dude", "user": "Megg_Jaye", "id": 398179496689287168}, {"text": "Ravenswood is actually creepy af dude", "user": "kandicelanea", "id": 398177986438254592}, {"text": "Downloading the #Ravenswood new episode!", "user": "iamBenii", "id": 398174802252275713}, {"text": "I don't like Ravenswood...", "user": "DrewCarterHart", "id": 398172948294422528}, {"text": "I actually think the creepy Uncle from Ravenswood is attractive... #IsThatWeird", "user": "katiemariee19", "id": 398169486269755392}, {"text": "Absolutely crying at Ravenswood. I swear it shouldn't be this creepy \ud83d\ude48", "user": "kaysisonfire", "id": 398166487674159104}, {"text": "I hate watching ravenswood by myself I get so scared lol", "user": "GreciaB369", "id": 398153689942466560}, {"text": "#PLL fans: what do you think of this Ravenswood spin-off?", "user": "LaurenRosePR", "id": 398148825267044352}, {"text": "#Ravenswood is totally scaring me!! \ud83d\ude2a", "user": "SmouldyBlueEyes", "id": 398137151772459008}, {"text": "Watching #Ravenswood :D", "user": "SmouldyBlueEyes", "id": 398125550922760192}, {"text": "In the meantime, watching #Ravenswood", "user": "ash_catchemm91", "id": 398123402172448768}, {"text": "ravenswood scares the shit out of me", "user": "hitopslarry", "id": 398118080456294400}, {"text": "RT @queenkandis: No, seriously. I need to know how common it is for cemeteries in Pennsylvania to be full of mausoleums, NOLA style. #Raven\u2026", "user": "z_o_e_e_e", "id": 398115472904032256}, {"text": "Sorry, #Ravenswood, I give up. It's not me, it's you.", "user": "queenkandis", "id": 398108807424786432}, {"text": "No, seriously. I need to know how common it is for cemeteries in Pennsylvania to be full of mausoleums, NOLA style. #Ravenswood", "user": "queenkandis", "id": 398107525817438208}, {"text": "This show Ravenswood creeps me out !", "user": "IceColdGringa", "id": 398097921574330369}, {"text": "RT @chapa_gaby: Great I just remembered that I forgot to watch Ravenswood \ud83d\ude2d", "user": "gracie_rmzz", "id": 398089383212875776}, {"text": "90% of me and @BreckNC 's conversations are about TV shows #notnormal #AmericanHorrorStory #ravenswood #PLL #Twisted", "user": "jordanD_", "id": 398085005299023872}, {"text": "Great I just remembered that I forgot to watch Ravenswood \ud83d\ude2d", "user": "chapa_gaby", "id": 398082675027632128}, {"text": "I cant understand Ravenswood. ....", "user": "MahmoudWolf", "id": 398080821497987072}, {"text": "#Ravenswood genuinely scares me. :(", "user": "marileebrinson", "id": 398076238230601728}]