[{"text": "My dad said he likes The Big Bang Theory. Is this real life?", "user": "JohnnySauceman", "id": 400816512501420032}, {"text": "Big bang theory will forever be the shit", "user": "JeopardyJake", "id": 400814461180575745}, {"text": "@Maison_Temple14 watching the Big Bang theory freezing my ass off!", "user": "Southern_Lez", "id": 400814266330382336}, {"text": "RT @sergiomedrano10: Haha I love the Big Bang theory, hilarious.", "user": "KNaxhiely", "id": 400813814301478912}, {"text": "Back to EBay &amp; the Big Bang theory", "user": "LennyKravitz_X7", "id": 400809634786996224}, {"text": "\"@_bree7: \u201c@aka__DC: \"@_bree7: The Big Bang theory makes my life \u263a\ufe0f\ud83d\ude0a\" for real \ud83d\udc4c\ud83d\ude04\u201d K \ud83d\ude12\" stop k-ing me! \ud83d\ude1e\ud83d\ude2d\ud83d\ude2d", "user": "aka__DC", "id": 400808513602990080}, {"text": "RT @alexxandraaa__: The Big Bang Theory \ud83d\ude2c\ud83d\ude2c\ud83d\ude2c", "user": "HaaaleyA", "id": 400806778461376512}, {"text": "The Big Bang Theory \ud83d\ude2c\ud83d\ude2c\ud83d\ude2c", "user": "alexxandraaa__", "id": 400806716843253760}, {"text": "\"@_bree7: The Big Bang theory makes my life \u263a\ufe0f\ud83d\ude0a\" for real \ud83d\udc4c\ud83d\ude04", "user": "aka__DC", "id": 400806643627094016}, {"text": "this nigga Morgan Freeman explaining shit about the Big Bang theory.", "user": "AsapCochino", "id": 400806319877128192}, {"text": "Haha I love the Big Bang theory, hilarious.", "user": "sergiomedrano10", "id": 400805863700824064}, {"text": "@thecastrolrs LOL. Perfect. I have it but I am watching The Big Bang Theory.", "user": "RyanBLeslie", "id": 400798426474217473}, {"text": "RT @bruiseman: Getting ready for The Big Bang Theory at #UNight. See y'all there.", "user": "akoalafreak", "id": 400793152765702145}, {"text": "why would any1 ever want to watch \"back to back episodes of the Big Bang theory!\"", "user": "theadamstewart", "id": 400788343450902528}, {"text": "Wolowitz is seriously the best character on the Big Bang Theory.", "user": "amethystyoung", "id": 400781755453427712}, {"text": "@officialR5 @rossR5 Do you watch The Big Bang Theory? #R5RocksTheWorld", "user": "NatalieR5er", "id": 400775823935803392}, {"text": "Getting ready for The Big Bang Theory at #UNight. See y'all there.", "user": "bruiseman", "id": 400770048068812800}, {"text": "@photoatomic Big Bang Theory. The worst. Honestly just watching 5 mins of that show makes me want to vom.", "user": "thisisaJo", "id": 400740521683197952}, {"text": "RT @GeauxPats: What is it about Kaley Cuoco on the Big Bang Theory man...", "user": "CredeurTravis", "id": 400736856951623680}, {"text": "What is it about Kaley Cuoco on the Big Bang Theory man...", "user": "GeauxPats", "id": 400729751427354626}, {"text": "Parent consultation evening today, let's just say I'm probably going to end up on the Big Bang theory", "user": "JustAmyofficial", "id": 400717878171033600}, {"text": "Win the Complete Sixth Season Blu-Ray/DVD/Ultraviolet Combo Pack of THE BIG BANG THEORY!\n\nWatch THE BIG BANG... http://t.co/dA51bQmBBI", "user": "WNTZFOX48", "id": 400714699756412928}, {"text": "Love the big bang theory #Sheldon", "user": "Hybr1d5oldier", "id": 400685217922695168}, {"text": "The Big Bang Theory - Sheldon playing the Theremin http://t.co/DFSYZ2WZyv", "user": "JohnHill60", "id": 400533475893067776}, {"text": "I could watch the big bang theory like.... All the time.", "user": "fatgirl_bessy", "id": 400493024121090048}, {"text": "Why am I just now discovering The Big Bang Theory.... Netflix is taking over later peeps", "user": "jordinwestbrook", "id": 400487077013250048}, {"text": "RT @DesireeLynnGarc: I love The Big Bang Theory!! Lol", "user": "brianna_abigail", "id": 400464402060558336}, {"text": "I love The Big Bang Theory!! Lol", "user": "DesireeLynnGarc", "id": 400463559433256960}, {"text": "The Big Bang theory is on and I can't watch it cause I don't have headphones \ud83d\ude23", "user": "haleybrooke726", "id": 400463093831970816}, {"text": "The Big Bang Theory is so fucking amazing. lol", "user": "nicolenonsense1", "id": 400460749773869056}, {"text": "I wish I had friends like on The Big Bang Theory.\n\nThat way I'd have to deal with people only 22 minutes each week", "user": "rights_of_bill", "id": 400458914073804800}, {"text": "Love \"The Big Bang Theory\"!!!!\nHilarious show that makes my day better always :)", "user": "VD2013", "id": 400458222462455809}, {"text": "\u201c@HobbsIsTheShit: The Big Bang Theory is so stupid. How so people like it?!\u201d\n\n#LiesToldOnTwitter", "user": "BeeSexy_", "id": 400457198100180992}, {"text": "\"@RoliPollie_: @PhilTheeYetti \nThe Big Boob Theory\n#AddBoobsToTvTitles\" the boob bang theory", "user": "PhilTheeYetti", "id": 400445747507634176}, {"text": "RT @kristen_leighh: I just want Thursday to be here so I can watch new episodes of The Big Bang Theory. Is that so much to ask? \ud83d\udd2c\ud83d\udcda", "user": "DerekCampbell14", "id": 400441107202322432}, {"text": "@Maison_Temple14 oh you know snuggling my dog, watching the Big Bang theory. Lol", "user": "Southern_Lez", "id": 400436401906274304}, {"text": "Watching The Big Bang Theory with strawberry ice cream &gt;&gt;&gt; \ud83d\ude0d", "user": "Graceatheart_", "id": 400432082637185024}, {"text": "THE BIG BANG THEORY | Weeknights @ 6:00 &amp; 6:30 p.m.\nAnswer to Tuesday Trivia:\nSheldon steals film reels from the... http://t.co/NJcxufsdht", "user": "WNTZFOX48", "id": 400427297163214848}, {"text": "@TheeNathanielW orange is the color of loneliness according to Big Bang theory", "user": "JacobMichaelGir", "id": 400427158943707136}, {"text": "\"I prefer to know my enemy, had twitter existed then.. had Grant not followed Lee?\"\n\nI Love the Big Bang Theory", "user": "JilesKaylin", "id": 400425101856088064}, {"text": "I just want Thursday to be here so I can watch new episodes of The Big Bang Theory. Is that so much to ask? \ud83d\udd2c\ud83d\udcda", "user": "kristen_leighh", "id": 400405358159486977}, {"text": "I'm watching The Big Bang Theory (224 others are watching) http://t.co/m89dqo2yZP #GetGlue @BigBang_CBS", "user": "BeeGeeXD", "id": 400402450899030016}, {"text": "I'm watching The Big Bang Theory (165 others are watching) http://t.co/8c39J4xjaS #GetGlue @BigBang_CBS", "user": "Alexoxoxis", "id": 400362120032055296}, {"text": "@OregonChivette The Big Bang is not just a theory! #TalkNerdyToMe", "user": "dtrain0209", "id": 400353209354420224}, {"text": "Religious Girl: \"The Big Bang theory is such a joke! I mean Poof! Really?\"\n\nMe: \"Isn't that really just like what you believe?\"", "user": "CDavidCannon", "id": 400350917125357568}, {"text": "The Big Bang Theory @BigBang_CBS art show at Gallery Nucleus @gallerynucleus video hosted by @talkoffame! Link... http://t.co/BhpN6caQI2", "user": "craftyiscool", "id": 400329967302496257}, {"text": "RT @curtisharwell: The Big Bang Theory Fan Club http://t.co/YtSZc6C3ok", "user": "FitnessViking", "id": 400311618074324992}, {"text": "The Big Bang Theory Fan Club http://t.co/YtSZc6C3ok", "user": "curtisharwell", "id": 400310548329275392}, {"text": "THE BIG BANG THEORY | Tonight @ 6:00 &amp; 6:30 p.m.\nTuesday Trivia:\nSheldon steals film reels from the theater when... http://t.co/DY914gtUh5", "user": "WNTZFOX48", "id": 400299532451594240}, {"text": "@GerryDales As Sheldon on The Big Bang Theory says, \"The Germans are a comforting people.\" :)", "user": "KatMcKinley", "id": 400249796406960129}, {"text": "How I Met Your Boobs \u201c@sallenxo: The Big Bang boobs theory \ud83d\ude02\u201c@itsgarza: #AddBoobsToTvTitles King of the Boobs\u201d\u201d", "user": "itsgarza", "id": 400143166226964480}, {"text": "The Big Bang Theory inspired Soft Kitty Song by tadaboutique http://t.co/OMA4uk5f7A via @Etsy #christmasgift #bigbangtheory #softkittysong", "user": "tadaboutique", "id": 400121162014797825}, {"text": "Guess I'll just drink my tea and watch the Big Bang theory", "user": "kristenn_kerr", "id": 400103294392999937}, {"text": "The big bang theory", "user": "JoshMedina012", "id": 400097993228955649}, {"text": "Did I ever mention that I love The Big Bang Theory? Because I do.", "user": "lovemissemarie", "id": 400096761743540224}, {"text": "Dirty Boob Jobs is the winner. Nice job. RT @turtle3309: @aggiethall dirty boob jobs, big boobs bang theory #AddBoobsToTvTitles", "user": "aggiethall", "id": 400094946079682560}, {"text": "Watching the Big Bang theory \u2764\ufe0f", "user": "lovemissemarie", "id": 400088822446182400}, {"text": "RT @carlyortonn: I love The Big Bang Theory!", "user": "Jacobo_Villegas", "id": 400088811188654080}, {"text": "I love The Big Bang Theory!", "user": "carlyortonn", "id": 400088432451391489}, {"text": "borrowed the first season of Big Bang theory from a coworker my life is over! \ud83d\ude0a", "user": "tianamphillips", "id": 400084213229035522}, {"text": "Are you watching THE BIG BANG THEORY tonight at 9:00 &amp; 9:30pm? \n\nClick \u201cLike\u201d if you are! http://t.co/XQxNO0m0Bb", "user": "CMoreMy20", "id": 400066729629736960}, {"text": "I'm watching The Big Bang Theory (549 others are watching) http://t.co/qzSW8qjEBu #GetGlue @BigBang_CBS", "user": "Rhettoric_1", "id": 400065440598487040}, {"text": "I'm watching The Big Bang Theory (546 others are watching) http://t.co/qzSW8qjEBu #GetGlue @BigBang_CBS", "user": "Rhettoric_1", "id": 400065407362822144}, {"text": "I'm watching The Big Bang Theory (527 others are watching) http://t.co/CCI47nMeIg #GetGlue @BigBang_CBS", "user": "wickedoll", "id": 400063858729308160}, {"text": "I'm going to finish a pack of Oreos and catch up on The Big Bang Theory. No one wants to watch #Thor.", "user": "jeseekuhluv", "id": 400058923295973376}, {"text": "RT @mrsjamason: I think Sheldon,   is funny as hell.  'The Big Bang Theory'  is the sitcom to watch. @ee61star", "user": "ee61star", "id": 400057467180437505}, {"text": "I'm watching The Big Bang Theory (308 others are watching) http://t.co/m89dqo2yZP #GetGlue @BigBang_CBS", "user": "BeeGeeXD", "id": 400044958197239809}, {"text": "Has there ever been a show more overrated than The Big Bang Theory? #StillWaitingToLaugh", "user": "MARKMCCRAY", "id": 399992521410883584}, {"text": "I am so insanely jealous of my mom! She was just on the Big Bang Theory set! Argh!", "user": "SerenaEvelynd", "id": 399961252157341696}, {"text": "The big bang theory", "user": "Botlhalemoleko", "id": 399949392519921664}, {"text": "@BigBang_CBS ...Why is The Big Bang Theory 2013 season feeling - and sounding - S.T.A.L.E.?", "user": "Cinesmovieblog", "id": 399947785518080000}, {"text": "I think Sheldon,   is funny as hell.  'The Big Bang Theory'  is the sitcom to watch. @ee61star", "user": "mrsjamason", "id": 399924333444739072}, {"text": "Win the Complete Sixth Season Blu-Ray/DVD/Ultraviolet Combo Pack of THE BIG BANG THEORY!\n\nWatch THE BIG BANG... http://t.co/GCrEnVbXEs", "user": "WNTZFOX48", "id": 399914429187252224}, {"text": "THE BIG BANG THEORY | Tonight @ 6:00 &amp; 6:30 p.m.\nAre you watching tonight?  Click 'Like' if you are. http://t.co/dZVnA3HgWb", "user": "WNTZFOX48", "id": 399914425794445312}, {"text": "The big bang theory never gets old.", "user": "luisoctavio__", "id": 399794192794128384}, {"text": "I should watch The Big Bang Theory more often. It's such a funny show.", "user": "nellieee92", "id": 399794086862790656}, {"text": "would I get more okcupid dates if I watched the big bang theory? would I have more followers if large accounts constantly retweeted me?", "user": "andrybd", "id": 399777568540200960}, {"text": "Bernadette's voice in the first Big Bang Theory episode she appears in \ud83d\ude33", "user": "alexacothran", "id": 399746737713065984}, {"text": "Big Bang Theory is keeping me busy while i work on homework and try not to be annoyed with the male population. #ManHatingMomentRant", "user": "aggie1D", "id": 399746049146765313}, {"text": "never really knew about \"The Big Bang Theory\" until recently at work ... I have no life \ud83d\ude33\ud83d\ude02", "user": "dat_boi_dev", "id": 399744266416574464}, {"text": "I didn't know what coitus was until I watched the Big Bang theory.", "user": "Settimo_Accardi", "id": 399739708139261952}, {"text": "We're gonna watch The Big Bang Theory all night yayyyyy http://t.co/KwTIKtfizK", "user": "memowmiranda", "id": 399712713246388224}, {"text": "I'm watching The Big Bang Theory (328 others are watching) http://t.co/f9SXBkz1YA #GetGlue @BigBang_CBS", "user": "BeeGeeXD", "id": 399705161205313536}, {"text": "I'm watching The Big Bang Theory (276 others are watching) http://t.co/qzSW8qjEBu #GetGlue @BigBang_CBS", "user": "Rhettoric_1", "id": 399696628258701312}, {"text": "Want to win the Complete Sixth Season Blu-Ray/DVD/Ultraviolet Combo Pack of THE BIG BANG THEORY?\n\nWatch THE BIG... http://t.co/i8ztEMRKg3", "user": "WNTZFOX48", "id": 399657731621019650}, {"text": "I've watched \"The Proton Displacement\" (S7 E7) of The Big Bang Theory (via @tvshowtracker)", "user": "wanderlustlover", "id": 399590592390246400}, {"text": "RT @MRodNewsFC: @tolinkaTOXI Do you like The Big Bang Theory *----* ?", "user": "tolinkaTOXI", "id": 399557899401564160}, {"text": "I'm watching The Big Bang Theory 7x07 \"The Proton Displacement\" http://t.co/N165tT07Jy #trakt", "user": "tedero", "id": 399512129310826496}, {"text": "The big bang theory mas vou dormir", "user": "cralos_pls", "id": 399460758607900672}, {"text": "RT @IanJohnsonIsMe: I'm never going to give modern family a chance, same goes with the Big Bang theory I don't laugh at awkward desperate h\u2026", "user": "Marc_Dolph", "id": 399426253783986176}, {"text": "I'm never going to give modern family a chance, same goes with the Big Bang theory I don't laugh at awkward desperate house wives comedy", "user": "IanJohnsonIsMe", "id": 399426164311064576}, {"text": "@SixelaJasso_ oh f yeah! K tootles biatch I have to catch up w the big bang theory #nocableproblems", "user": "m_cruz15", "id": 399417686402142209}, {"text": "\"@JMAC_DragonBorn: Big Bang Theory is the SHIT Lol.\" It is lowkey funny", "user": "YoHouse_", "id": 399378541915017217}, {"text": "RT @squidnado: if you are a fan of The Big Bang Theory i will respect that but please just watch 3 episodes of Community and then compare t\u2026", "user": "cganders", "id": 399375656531681280}, {"text": "RT @squidnado: if you are a fan of The Big Bang Theory i will respect that but please just watch 3 episodes of Community and then compare t\u2026", "user": "burnettski92", "id": 399375493218070529}, {"text": "Yea, I know the theme song to \"The Big Bang Theory,\" sue me.", "user": "JustinKandler_", "id": 399372121425461248}, {"text": "Spending my Saturday night chillen watching the Big Bang theory, I'm pretty content \ud83d\ude0c", "user": "RajaaElsoueissi", "id": 399369498882347008}, {"text": "Downloaded the CBS app so I could watch the last 5 min of a Big Bang Theory epi I accidentally deleted from TiVo. I hate myself a little.", "user": "autumnc", "id": 399367437302251520}, {"text": "if you are a fan of The Big Bang Theory i will respect that but please just watch 3 episodes of Community and then compare the two", "user": "squidnado", "id": 399367140685275137}, {"text": "the big bang theory makes me so uncomfortable why do i keep watching it", "user": "watercolorfades", "id": 399366694596259840}, {"text": "@PrincessCelll the Big Bang theory. Lol we've been trying to make it a for sure night for like 3 weeks lol", "user": "YourBabyGirl__", "id": 399351969464057856}, {"text": "The Big Bang Theory Debunked by Its Own Reasoning: how does one get from the singularity to timeline of expansion of spacetime ---you don't", "user": "earthmatrix", "id": 399344231375851521}, {"text": "I could watch the Big Bang Theory 24/7!", "user": "kyzerrrr84", "id": 399341413977972736}, {"text": "My mom was mad that we watched the big bang theory in hr. But her shows are not much better!!!", "user": "j_lo369", "id": 399340969838923776}, {"text": "All I've done today is eat and watch The Big Bang Theory", "user": "enabanananana", "id": 399328615432597504}, {"text": "The IT Crowd is a better Big Bang Theory.", "user": "luccaofgaurdia", "id": 399312234775453697}, {"text": "@tolinkaTOXI Do you like The Big Bang Theory *----* ?", "user": "MRodNewsFC", "id": 399271756592328704}, {"text": "Bill Nye the Science Guy on The Big Bang Theory!!! :D yaaaaaaaaas!", "user": "AshAlldredge", "id": 399215496144240640}, {"text": "Big bang theory is the dumbest show on television ew", "user": "larryilluminati", "id": 399204527313678336}, {"text": "MDR OH NON ILS ABUSENT DANS THE BIG BANG THEORY", "user": "ohmoanlikegaga", "id": 399152641491873792}, {"text": "addicted to the big bang theory", "user": "ohmoanlikegaga", "id": 399145202482683904}, {"text": "RT @janecehudson: Screw Senility novellas 99\u00a2: http://t.co/ikwxKxJRkh &gt;In With A Bang! More Bang For Your Buck! The Big Bang Theory! #rt4amo", "user": "DebSalonen", "id": 399043857796841472}, {"text": "I \ud83d\udc9c The Big Bang Theory.", "user": "PrepsterChick", "id": 399027175782752256}, {"text": "My 89 yr old grandparents have apparently gotten very into The Big Bang Theory since I last saw them? #um #subtitles http://t.co/OfoS0Gjsv6", "user": "williamshillary", "id": 399026233595277312}, {"text": "the big bang theory is my fave", "user": "evey_chevy", "id": 399008710539747329}, {"text": "RT @janecehudson: Screw Senility novellas 99\u00a2: http://t.co/ikwxKxJRkh &gt;In With A Bang! More Bang For Your Buck! The Big Bang Theory! #rt4amo", "user": "kayakfishingfvr", "id": 398996196645433344}, {"text": "RT @janecehudson: Screw Senility novellas 99\u00a2: http://t.co/ikwxKxJRkh &gt;In With A Bang! More Bang For Your Buck! The Big Bang Theory! #rt4amo", "user": "JeanBrashear", "id": 398994933207801856}, {"text": "Screw Senility novellas 99\u00a2: http://t.co/ikwxKxJRkh &gt;In With A Bang! More Bang For Your Buck! The Big Bang Theory! #rt4amo", "user": "janecehudson", "id": 398980827985367041}, {"text": "THE BIG BANG THEORY Fun Fact Friday:\nThe show just released a song on iTunes! \"If I Didn't Have You (Bernadette's... http://t.co/orO5ufTX9U", "user": "CMoreMy20", "id": 398979515223142401}, {"text": "\"The Big Bang Theory Debunked by Its Own Reasoning: As Illustrated in Popular Scientific Diagrams of the Big Bang\" http://t.co/LNKjpFShvx", "user": "earthmatrix", "id": 398973197292281857}, {"text": "TMZ SUCKS! NOT The Big Bang Theory!!!!", "user": "JadeLeannaEllis", "id": 398971702513631232}, {"text": "I don't like watching the Big Bang theory idc idc idc", "user": "younngsavvy", "id": 398971394806910976}, {"text": "I'm watching The Big Bang Theory (585 others are watching) http://t.co/8c39J4xjaS #GetGlue @BigBang_CBS", "user": "Alexoxoxis", "id": 398965803896541185}, {"text": "Love the show, love the art. :-)  http://t.co/9nNLHjOuLH", "user": "gimli_the_kitty", "id": 398956215004176385}, {"text": "Today is your last chance to win Season 6 of The Big Bang Theory on Blu-ray/DVD! Tune-in to the Big Bang Theory at... http://t.co/FqesZ0WIxK", "user": "fox15tv", "id": 398955649322999808}, {"text": "I'm watching The Big Bang Theory (547 others are watching) http://t.co/qzSW8qjEBu #GetGlue @BigBang_CBS", "user": "Rhettoric_1", "id": 398938335139614720}, {"text": "RT @HockeyGoddess24: Y'all do know Big Bang Theory reruns are on right now. You don't have to watch the CMAs.", "user": "vx_matt", "id": 398935848046960640}, {"text": "THE BIG BANG THEORY Fun Fact Friday:\nThe show just released a song on iTunes! \"If I Didn't Have You (Bernadette's... http://t.co/368A8GAp8p", "user": "CW35_SA", "id": 398924175877738496}, {"text": "THE BIG BANG THEORY Fun Fact Friday\nThe show just released a song on iTunes! \"If I Didn't Have You (Bernadette's... http://t.co/1rmYefwq5t", "user": "KWKTFOX44", "id": 398917878633603072}, {"text": "The Big Bang Theory Video - The Proton Displacement - http://t.co/oUkJFPfTBZ http://t.co/K8aq36JBBO", "user": "StephenWaraksa", "id": 398910229783384064}, {"text": "the fact that Bill Nye was on the big bang theory last night tho &gt;", "user": "tscrant_716", "id": 398907770239320064}, {"text": "Oh my god I love the big bang theory so much!", "user": "RAWRim_frodo", "id": 398881769648570368}, {"text": "The Big Bang Theory is the least funny show on TV.", "user": "DJpetesTweets", "id": 398878509470195712}, {"text": "I liked a @YouTube video http://t.co/MBtUnXqnkR The Big Bang Theory 7x07 Raj's Lightsaber Gift", "user": "bhp99", "id": 398872641597370368}, {"text": "Want to win the Complete Sixth Season Blu-Ray/DVD/Ultraviolet Combo Pack of THE BIG BANG THEORY?\n\nWatch THE BIG... http://t.co/oDkHrUCcak", "user": "WNTZFOX48", "id": 398857462217850880}, {"text": "Bob Newhart returns to 'Big Bang Theory' with a pop pop, fizz fizz: Bob Newhart's return to \"The Big... http://t.co/nwDUBcKgTy #G8SUMMIT", "user": "LovenDonD", "id": 398853856227905536}, {"text": "THE BIG BANG THEORY | Tonight @ 6:00 &amp; 6:30 p.m.\nFun Fact Friday:\nThe show just released a song on iTunes! \"If I... http://t.co/XZmwPj1eoE", "user": "WNTZFOX48", "id": 398849935199989760}, {"text": "Watching Big Bang Theory in Class and the Professor bought everyone Donuts!!!", "user": "DMStanesic", "id": 398842886399086592}, {"text": "The Big Bang Theory first period\ud83d\ude0f", "user": "its_shrek", "id": 398812070327488512}, {"text": "It makes sense, if the Big Bang theory makes spacetime sense, then the visual renderings of that theory should also make sense per spacetime", "user": "earthmatrix", "id": 398769401173778432}, {"text": "In a sense, it's not the logic, it's the lack of spacetime reasoning. Most posters about the Big Bang give away weak points about the theory", "user": "earthmatrix", "id": 398768942782504961}, {"text": "New essay about the Big Bang posters coming to http://t.co/LNKjpFShvx soon. Stay tuned. Observe the logic behind the theory of the Big Bang", "user": "earthmatrix", "id": 398768669750095872}, {"text": "I've watched \"The Proton Displacement\" (S7 E7) of The Big Bang Theory (via @tvshowtracker)", "user": "wrmoody", "id": 398740282637701120}, {"text": "Friday = The Big Bang Theory, Grey's Anatomy, Vampire Diaries, Two &amp; A Half Men. #Happiness", "user": "KimalMaharaj", "id": 398718076226899968}, {"text": "I like The Big Bang Theory and How I Mat Your Mother...don't judge me I think they're funny", "user": "MIIHEAVEN", "id": 398698218109693953}, {"text": "is watching \"The Big Bang Theory\" on U-verse TV http://t.co/9P8f07XaT5", "user": "RLM8706", "id": 398694512484028416}, {"text": "\ud83d\ude02RT @Mr_Coke23: We let the MF from \"The Big Bang Theory\" hit a game winner on us, I'm sick Smh", "user": "seductive_art", "id": 398689619258003458}, {"text": "\"She's the kind of person to like the Big Bang Theory...\"", "user": "corbinbrooke", "id": 398688497139056640}, {"text": "RT @_GarrettHogan: Watching Big Bang Theory is making me miss the intern house a little bit tbh.", "user": "tttrevorrr", "id": 398670208443113472}, {"text": "The Big Bang Theory was on point as usual! Bill Nye the Science Guy, Bill, Bill, Bill, Bill. Uhhh who can forget \"What a Brain,\" oh Lulu!", "user": "jayjaymurfi", "id": 398659888874012672}, {"text": "I love the Big Bang theory! \ud83d\ude02\ud83d\ude06", "user": "Racheal_Anne", "id": 398659760095887360}, {"text": "@JazzFan1983 It still amazes me that Bob Newhart hadn't won an Emmy until the one he won this year for his 1st Big Bang Theory episode.", "user": "TXKimsonFan", "id": 398657036532981760}, {"text": "Watching Big Bang Theory is making me miss the intern house a little bit tbh.", "user": "_GarrettHogan", "id": 398654279478571008}, {"text": "RT @vmorgancraig: \"@sarahtreadway32: Big Bang Theory is probably the greatest show ever! \ud83d\ude02 \ud83d\udc4c\"", "user": "angellesmiles16", "id": 398653785633193984}, {"text": "The big bang theory", "user": "dwightgeorge2", "id": 398651562945302528}, {"text": "The Big Bang Theory is that show", "user": "haley6294", "id": 398651390329122817}, {"text": "The Big Bang Theory moved to Thursday what is life...", "user": "Rhett_KTA", "id": 398648938409902080}, {"text": "@RealLyndaCarter just finished new big bang theory. Haven't laughed that hard in a while esp. The ending!  Thank you, I needed a laugh", "user": "Pitt1701", "id": 398646794080776192}, {"text": "#RT #teenawards #WatchFreeOnline The Big Bang Theory S07E05 - http://t.co/06C7Qi5uLj #LIOTRvideo", "user": "abelinda_haily", "id": 398646104109383680}, {"text": "I'm watching The Big Bang Theory (5694 others are watching) http://t.co/f9SXBkz1YA #GetGlue @BigBang_CBS", "user": "BeeGeeXD", "id": 398642709197762560}, {"text": "Watching The Big Bang Theory with my love. \ud83d\udc9c\ud83d\udc95\ud83d\udc6c", "user": "Mr_Rios7", "id": 398640875888455680}, {"text": "Yeah but how would it fare with Rock, Paper, Scissors, Lizard, Spock? The Big Bang Theory http://t.co/3vqt5u4sR8", "user": "GrowGaia", "id": 398639484210008064}, {"text": "Why is The Big Bang Theory so great!? \ud83d\ude02\ud83d\ude02", "user": "_MaryLaurel", "id": 398638982579232768}, {"text": "Photo: I\u2019m watching The Big Bang Theory 5347 others are also watching. The Big Bang Theory on http://t.co/z3HcVcXKI2 http://t.co/TGi8WGeqmw", "user": "divadrea75", "id": 398631910475583488}, {"text": "Ryan wants to watch The Big Bang Theory. Not in this apartment! \ud83d\ude45", "user": "kaliente01", "id": 398631267161235456}, {"text": "\"@sarahtreadway32: Big Bang Theory is probably the greatest show ever! \ud83d\ude02 \ud83d\udc4c\"", "user": "vmorgancraig", "id": 398629832512131072}, {"text": "I'm watching The Big Bang Theory (4086 others are watching) http://t.co/rwPOLBwXFL #GetGlue @BigBang_CBS", "user": "wickedoll", "id": 398627194093993984}, {"text": "I'm watching The Big Bang Theory (3512 others are watching) http://t.co/1K009nxLBF #GetGlue @BigBang_CBS", "user": "SteveJax", "id": 398623361494163457}, {"text": "RT @HalieLizMiller: BILL NYE THE SCIENCE GUY IS ON THE BIG BANG THEORY WHAT.", "user": "delaney_k_dean", "id": 398622394069549056}, {"text": "Photo: I\u2019m watching The Big Bang Theory 3902 others are also watching. The Big Bang Theory on http://t.co/QWweDMWIf2 http://t.co/jZ8EZhVLvE", "user": "DarwinWho", "id": 398622323215183872}, {"text": "Bill Nye in the Big Bang theory!", "user": "dustintorres_1", "id": 398621380201041920}, {"text": "Oh my god bill nye's on the Big Bang theory \ud83d\ude02", "user": "l_jorda17", "id": 398621099350429698}, {"text": "Aw I've missed watching the Big Bang Theory :)", "user": "Graceatheart_", "id": 398620939744587776}, {"text": "Bill Nye the science guy is on The Big Bang Theory. #what", "user": "vpecker910", "id": 398620935927775232}, {"text": "BILL NYE THE SCIENCE GUY IS ON BIG BANG THEORY", "user": "Reagan1998", "id": 398620709577953280}, {"text": "BILL NYE THE SCIENCE GUY IS ON THE BIG BANG THEORY WHAT.", "user": "HalieLizMiller", "id": 398620653848240128}, {"text": "Bill Nye is on the Big Bang Theory right now #TwerkForJesus", "user": "BeardedAmbition", "id": 398618964344848384}, {"text": "I love the big bang theory!", "user": "bigliz_2011", "id": 398618319453839361}, {"text": "RT @CCgetoffme: Bill Nye on the Big Bang theory? I think yes!", "user": "shelbeyoren", "id": 398618270095257600}, {"text": "Bill Nye on the Big Bang theory? I think yes!", "user": "CCgetoffme", "id": 398616806023110659}, {"text": "Photo: I\u2019m watching The Big Bang Theory \u201cBob Newhart AND Bill Nye!\u201d 2060 others are also watching. The Big... http://t.co/C7tH9v3Hcz", "user": "aimee2621", "id": 398616504293662720}, {"text": "Getting more from \"The Big Bang Theory\" with #ViggleTV\n\n #BigBangTheory #viggle", "user": "delarosapaula", "id": 398616178500706304}, {"text": "The Big Bang Theory #sheldontime", "user": "tangled30", "id": 398615929870761984}, {"text": "The Big Bang Theory is killing me right now.", "user": "Super_Mariooo8", "id": 398611014523961344}, {"text": "Bill Nye the Science Guy on the Big Bang Theory hell yeaaaa!", "user": "Ashleeyy_Ann", "id": 398609321681891329}, {"text": "'The Big Bang Theory': Bob Newhart makes 'totally different' return in 'The Proton Displacement' http://t.co/u4t8TBKq5C via @zap2it", "user": "manzoorulhassan", "id": 398576934017175552}, {"text": "The Big Bang theory makes me feel like when u walk into a room and u automatically know ur the coolest person there and u just want to gtfo", "user": "MyOhMy_alyssa", "id": 398553983687458816}, {"text": "Big Bang Theory star Kaley Cuoco Get Married On The Ellen DeGeneres Show!: \u201cThe Big Bang Theory\u201d star ... http://t.co/3ofa03cmsi #TSCEnt", "user": "LovenDonD", "id": 398544679022510081}, {"text": "The Big Bang Theory tonight http://t.co/9Y3tLNOkAg", "user": "curtisharwell", "id": 398534325433409536}, {"text": "RT @MrBrandonStroud: 'Big Bang Tidus' is the best thing you'll watch today, and really spotlights how horrible Big Bang Theory is http://t.\u2026", "user": "Zelda_Game", "id": 398519309061718016}, {"text": "Has anyone ever noticed the random stories that pop up at the end of big bang theory episodes?", "user": "RAWRim_frodo", "id": 398514503522222081}, {"text": "The big bang theory is on now :)", "user": "RAWRim_frodo", "id": 398510379623804928}, {"text": "THE BIG BANG THEORY | Tonight @ 6:00 p.m.\nClick 'Like' if you used \u201cBAZINGA\u201d in real life to accompany a joke or... http://t.co/QUDomqxRlU", "user": "WNTZFOX48", "id": 398502643209101312}, {"text": "Bill Nye the Science Guy is going to be on The Big Bang Theory tonight! I grew up watching this guy. #BillNye #BigBangTheory", "user": "nolajames504", "id": 398480516489297920}, {"text": "John Mather, Nobel Prize winner in physics, talks about the Big Bang Theory today at 2 p.m. in the BSB Room D-109 http://t.co/dbr3Zxrv0W", "user": "Baylor_AandS", "id": 398467554572005376}, {"text": "The complete series of \"Chuck\" is now on @netflix. Recommended if you like a Big Bang Theory meets James Bond kind of idea.", "user": "Zepp1978", "id": 398420241522626560}, {"text": "RT @HockeyGoddess24: Y'all do know Big Bang Theory reruns are on right now. You don't have to watch the CMAs.", "user": "apple_hotm", "id": 398394971021381632}, {"text": "I have my own big bang theory In ink I mean stone. The The future generations put as the 3rd list on my headstones as the standardization", "user": "jeterfan5128", "id": 398370522737569793}, {"text": "big bang theory and how I met ur mother r the worst sitcoms of our generation sinfield, friends and cheers are the worst of my parents", "user": "warus_adlow", "id": 398352268459659264}, {"text": "RT @Kellyisacoolcat: Hyping the fact that Bill Nye is going to be on tomorrow's episode of the Big Bang Theory", "user": "Duncan1331", "id": 398319803686858752}, {"text": "RT @Kellyisacoolcat: Hyping the fact that Bill Nye is going to be on tomorrow's episode of the Big Bang Theory", "user": "Nick_Dauphine23", "id": 398316321152040960}, {"text": "RT @Kellyisacoolcat: Hyping the fact that Bill Nye is going to be on tomorrow's episode of the Big Bang Theory", "user": "MeunierJustin", "id": 398309738103836674}, {"text": "Hyping the fact that Bill Nye is going to be on tomorrow's episode of the Big Bang Theory", "user": "Kellyisacoolcat", "id": 398308775376867331}, {"text": "Dexter RT @itsMikeyBee23: Big Bang Theory! RT @86GroupThink: Taxi. RT @mynameisface: Whats the greatest TV theme song ?", "user": "SlickWilly43", "id": 398293739048665088}, {"text": "Video: The Big Bang Theory - The Proton Displacement (Preview) (by thebigbangtheory) Bill Nye is going to be... http://t.co/WJz2QiePJQ", "user": "fogisbeautiful", "id": 398285175723134976}, {"text": "Woohoo....! Watching the Big Bang Theory while working out at the gym.... yup, price less!!!!  =)", "user": "jennlo1474", "id": 398284113704411136}, {"text": "Digital alcohol is never the solution! \ud83d\ude02 Big Bang Theory is the best show ever!", "user": "CountryBay", "id": 398279175762497536}, {"text": "I'm #Viggling \"The Big Bang Theory\". TV loves you back with #ViggleTV!\n\n #BigBangTheory #viggle", "user": "zombiehouse26", "id": 398279119764742144}, {"text": "i just can't stand the big bang theory, its not funny", "user": "lexiconjuice", "id": 398278446041677827}, {"text": "Y'all do know Big Bang Theory reruns are on right now. You don't have to watch the CMAs.", "user": "HockeyGoddess24", "id": 398272273863307264}, {"text": "The Big Bang theory can't get any better than this -.-", "user": "josearg17", "id": 398270653666557952}, {"text": "I'm watching The Big Bang Theory (610 others are watching) http://t.co/f9SXBkz1YA #GetGlue @BigBang_CBS", "user": "BeeGeeXD", "id": 398269913477185537}, {"text": "I'm watching The Big Bang Theory (589 others are watching) http://t.co/manB2ZqDt9 #GetGlue @BigBang_CBS", "user": "Alexoxoxis", "id": 398268298057752577}, {"text": "I am so insanely jealous of my mom! She was just on the Big Bang Theory set! Argh!", "user": "MarisolRileyk", "id": 398183474642685955}, {"text": "Lol i'm wearing my captain america shirt and some girl goes \"hey, is that from the big bang theory!?\" lol", "user": "DavinRyana", "id": 398183462089134080}, {"text": "Want to win the Complete Sixth Season Blu-Ray/DVD/Ultraviolet Combo Pack of THE BIG BANG THEORY?\n\nWatch THE BIG... http://t.co/hBiJpO57Gj", "user": "WNTZFOX48", "id": 398177987616448512}, {"text": "BLAINE AND SAM OR SAM, DEAN AND CAS OR THE BIG BANG THEORY CREW HELP", "user": "jaseyr4e", "id": 398177741423394817}, {"text": "Never thought the Big Bang theory was that cute", "user": "alaskanthndrfck", "id": 398164094743609344}, {"text": "Scored seasons 3 , 4 of The Big Bang theory for $15 each and Criminal Minds season 2 for $20, so I'm quite happy. (:", "user": "BreannaJourneyz", "id": 398163480366157824}, {"text": "Lol i'm wearing my captain america shirt and some girl goes \"hey, is that from the big bang theory!?\" lol", "user": "NaomiRileym", "id": 398157209164468225}, {"text": "\u201c@BlkSportsOnline: I like The Big Bang Theory and 2 Broke Girls too..Blackness be damned!!\u201d How I met ur mother is btr than both", "user": "Jcsw14", "id": 398147180944691200}, {"text": "I feel like I'm in an episode of the Big Bang theory", "user": "RowdyHarper74", "id": 398147101365768192}, {"text": "RT @Astro_Mike: Check out this photo with Big Bang Theory Exec Producer Bill Prady and star Simon Helberg at the Paley Center in LA http://\u2026", "user": "BarbsBosMont", "id": 398141789221027840}, {"text": "Working with programmers is like being in an episode of the Big Bang theory. And I'm Penny. #befuddled", "user": "Spinning_Jenni", "id": 398125467753910273}, {"text": "The Big Bang Theory in English don't know what it has to do with what we're learning but I can dig it\ud83d\udc83", "user": "annabethsmithh", "id": 398113348908486656}, {"text": "Scored seasons 3 , 4 of The Big Bang theory for $15 each and Criminal Minds season 2 for $20, so I'm quite happy. (:", "user": "JaneShayleey", "id": 398084248621428736}]