[{"text": "RT @LyricChanel_: Watching The Carrie Diaries...this is so cute", "user": "wesisawesome123", "id": 400829734206332930}, {"text": "Watching The Carrie Diaries...this is so cute", "user": "LyricChanel_", "id": 400829428126605313}, {"text": "Seriously finished the first season of The Carrie Diaries in two days. \ud83d\udc81 #obsessed", "user": "reagan_lloyd", "id": 400828194191716353}, {"text": "I'm making chandler watch the carrie diaries", "user": "ChloeeDeLaRosa", "id": 400827044982169600}, {"text": "My bf is watching The Carrie Diaries with me\ud83d\ude0d", "user": "The_RantDiaries", "id": 400817942549372928}, {"text": "Wensday nights are reserved for watching the Carrie Diaries. \ud83d\udc81", "user": "roro_doe", "id": 400816148393885696}, {"text": "RT @_daniellenguyen: Sebastian Kydd from the Carrie Diaries \ud83d\ude3b\ud83d\ude3b\ud83d\ude3b", "user": "sydneysatcher07", "id": 400815574684430337}, {"text": "RT @_daniellenguyen: Sebastian Kydd from the Carrie Diaries \ud83d\ude3b\ud83d\ude3b\ud83d\ude3b", "user": "Sineka_Guss", "id": 400814967114321921}, {"text": "Sebastian Kydd from the Carrie Diaries \ud83d\ude3b\ud83d\ude3b\ud83d\ude3b", "user": "_daniellenguyen", "id": 400814891113541634}, {"text": "@matheusbruzzi the carrie diaries", "user": "ilovetwills", "id": 400795986517172224}, {"text": "i just realize i missed like 2-3 weeks of the carrie diaries", "user": "Real_DiehlLeeOo", "id": 400759089954701312}, {"text": "@Sineka_Guss THE CARRIE DIARIES", "user": "BellaFiorenza", "id": 400758693630730240}, {"text": "I am a tad bit obsessed with the carrie diaries. I love it!", "user": "BreaArnaud", "id": 400747020110921728}, {"text": "Watching the Carrie Diaries and i'm already in love when she screams at her clothes lol", "user": "jtfojesse", "id": 400707449532870657}, {"text": "OMG @_CynthiaRomero have you ever seen The Carrie Diaries?!", "user": "almajsnchz", "id": 400697157449052161}, {"text": "so excited watching the carrie diaries series \ud83d\ude3a", "user": "sharon_esv", "id": 400641197128962048}, {"text": "Photoset: the carrie diaries \u201cexpress yourself\u201d + red http://t.co/xDhWzVDQti", "user": "sharon_esv", "id": 400596681139691520}, {"text": "naturalli: 69shades:\n\ntomlinsonparty:\n\nThis bit in the recent episode of The Carrie Diaries s l a y e d me. J\u2026 http://t.co/ozu2iJwp2o", "user": "sharon_esv", "id": 400563024563814400}, {"text": "The Walking Dead, New Girl, &amp; The Carrie Diaries #faves \ud83d\udcfa", "user": "aguirrenancy", "id": 400550449255686144}, {"text": "Totally half-assing my current events bc I still need to watch the originals &amp; continue w/ carrie diaries after ugh", "user": "jnellle", "id": 400522326959087616}, {"text": "on a lighter note I found my new obsession: the Carrie diaries \ud83d\ude0d\ud83d\udc9e", "user": "ClareMelder", "id": 400521362441125888}, {"text": "I've been watching the carrie diaries ever since I got home from school....", "user": "jnellle", "id": 400505887330009089}, {"text": "the Carrie diaries is so good\ud83d\ude2d", "user": "KristaAbraham", "id": 400500107289690113}, {"text": "Sooo there is theee fiercest woman on the Carrie Diaries named Larissa!! That name must mean fierce huh @LarissaJae  lol", "user": "CeeBee_Fabulous", "id": 400497384058142720}, {"text": "@DelaneyyRenee watch the Carrie diaries!", "user": "adelrosario_", "id": 400496945539461120}, {"text": "\u201c@lindsay_coates: The Carrie Diaries is my new favorite show.\u201d Whoaaa I'm watching that right now", "user": "traedav", "id": 400490571631845376}, {"text": "The Carrie Diaries is my new favorite show.", "user": "lindsay_coates", "id": 400490147965202432}, {"text": "@MorganMerovitch solid choice. I've been watching the Carrie Diaries.", "user": "bootsnbows1851", "id": 400479581053800448}, {"text": "I FINISHED THE SEASON OF THE CARRIE DIARIES ALREADY UGH WHY DO BAD THINGS HAPPEN TO GOOD PEOPLE.", "user": "joslynn_alyssa", "id": 400467477722697728}, {"text": "\u201c@destynie_anne: The Carrie diaries make me a happy girl.\u201d I know I love that show!!\ud83d\ude0d", "user": "DharmaSaiz", "id": 400464751639015424}, {"text": "Crying watching the Carrie Diaries!!! #KidShaw #cryingathome", "user": "TinaLaCochinaO", "id": 400463151184896000}, {"text": "Finally watching The Carrie Diaries!! LOOOOOOVVEEE IT!!!!!!", "user": "CeeBee_Fabulous", "id": 400461247537483776}, {"text": "Im starting to love the carrie diaries", "user": "TinaAjd15", "id": 400449998367637505}, {"text": "The Carrie Diaries has such bad writing...but why do I keep watching? #puesnose", "user": "gentotheizzo", "id": 400447455440826368}, {"text": "OMG The Carrie Diaries are back on!! @xoxoxty11 \n\nI hope the second season is good, about to find out!", "user": "ValerieSkye_", "id": 400445917704097792}, {"text": "when are the Carrie diaries returning?", "user": "ValerieSkye_", "id": 400445076930707456}, {"text": "The carrie diaries is so interesting Omfg", "user": "jnellle", "id": 400443807830773761}, {"text": "I'm starting the Carrie Diaries it's going to be a long night", "user": "nolakatg", "id": 400431849165426688}, {"text": "@allie_cake1 oh I haven't watched that lol. I barely started watching the Carrie diaries like Sunday and now I'm addicted.", "user": "kari_rubio1", "id": 400408932822183936}, {"text": "ill just watch The Carrie Diaries \ud83d\ude01", "user": "TinaAjd15", "id": 400378821494333441}, {"text": "The Carrie Diaries. \ud83d\udc95", "user": "bealbaby_", "id": 400316852582506496}, {"text": "Photo: lusari: naturalli: 69shades: tomlinsonparty: This bit in the recent episode of\u00a0The Carrie Diaries\u00a0s l... http://t.co/rP96avoe5C", "user": "Nohemithechink", "id": 400313667088310272}, {"text": "The Carrie diaries is so good!", "user": "SamanthaPranger", "id": 400272252253384704}, {"text": "Definitely obsessed with the carrie diaries", "user": "phoebe_rw", "id": 400267634652229632}, {"text": "Oh god the carrie diaries. Jesus Christ carrie", "user": "themessaiahruby", "id": 400220364346638336}, {"text": "Why isn't my life like The Carrie Diaries", "user": "zoedeasy", "id": 400209211281244160}, {"text": "might stay up to watch a couple more episodes of The Carrie Diaries \ud83d\ude48", "user": "aguirrenancy", "id": 400165267117858816}, {"text": "The Carrie diaries on Netflix \ud83d\ude0d\ud83d\ude0d", "user": "rangelabby4", "id": 400139937401434112}, {"text": "Addicted to the carrie diaries.", "user": "amandarredondo", "id": 400125707331727360}, {"text": "\u201c@WTFSharon: I just want it to be Friday already so I can watch The Carrie Diaries\u201d yessssss", "user": "jannaqueso", "id": 400117399380176896}, {"text": "I love the Carrie Diaries\ud83d\udc97", "user": "Darbie_Roques", "id": 400083497684963328}, {"text": "ok back to the carrie diaries fuck y'all", "user": "BereniceCynthia", "id": 400067021460606976}, {"text": "I've spent my day off from school watching The Carrie Diaries on Netflix and eating.", "user": "joslynn_alyssa", "id": 400047281577029632}, {"text": "The Carrie Diaries - Win Some, Lose Some http://t.co/P9RpjmlgJI \nLove this show! http://t.co/E0AdsD0YXy", "user": "RecklessChateau", "id": 400043107313410048}, {"text": "The Carrie diaries is such a cute show idc", "user": "georgiahatesu", "id": 400041754360942592}, {"text": "RT @BereniceCynthia: I'm so addicted to the Carrie Diaries oops", "user": "Yo_tabithaa", "id": 400034384679428097}, {"text": "I'm so addicted to the Carrie Diaries oops", "user": "BereniceCynthia", "id": 400033726530215936}, {"text": "The Carrie diaries is SOOOOOoooo good omg", "user": "kyliebweiss", "id": 400031223956774914}, {"text": "when did the Carrie Diaries come back on? \ud83d\ude2d\ud83d\ude2d", "user": "andriapuentes", "id": 400030841796972545}, {"text": "The Carrie Diaries is a drug.", "user": "TaissaFvrmiga", "id": 399974603742658560}, {"text": "Photo: @butleraustin is the only reason why I watch \u201cthe Carrie diaries\u201d!! He is just so cute!!! http://t.co/hFOqtdlYgU", "user": "nsyncgirl1984", "id": 399955807410094080}, {"text": "Cynthia Nixon never heard of The Carrie Diaries http://t.co/YHGYGG4b1x", "user": "mth4", "id": 399955381582983169}, {"text": "@austin_butler is the only reason why I watch \"the Carrie diaries\"!! He is just so cute!!! http://t.co/HAtVjjzYu9", "user": "nsyncgirl1984", "id": 399953893310074880}, {"text": "@zey_dam lan sen the carrie diaries izliyon mu got", "user": "dieforcanadian", "id": 399947759089750017}, {"text": "I just started watching The Carrie Diaries . @LindseyGort plays Sam Jones So beautiful . Can't believe she ever got a No before yes.", "user": "ThisWhatspopn", "id": 399947343018983424}, {"text": "rt if u like the carrie diaries &lt;3", "user": "dieforcanadian", "id": 399944715325300737}, {"text": "RT @MinaDarling94: Photo: wearwhatyouwatch: Inspired by Lindsey Gort as Samantha Jones on The Carrie Diaries - Shopping info! http://t.co/L\u2026", "user": "WearWhatUWatch", "id": 399896437397258240}, {"text": "Watching the carrie diaries\ud83d\udc8b", "user": "Simplymo_xo", "id": 399856105238433792}, {"text": "The Carrie Diaries is my new favorite show.", "user": "NicoleeeColieee", "id": 399811367818911745}, {"text": "Martha jones on the Carrie diaries \ud83d\ude2d\ud83d\ude2d\ud83d\ude2d\ud83d\ude2d\ud83d\ude2d\ud83d\ude2d\ud83d\ude2d", "user": "celesteerr_", "id": 399786361172918272}, {"text": "RT @kimresendezzz: OMG I highly recommend The Carrie Diaries on Netflix to my fellow Sex and the City lovers! \ud83d\ude0d but there's only one season\u2026", "user": "msmonicaalyssa", "id": 399774999738728448}, {"text": "I'm watching the Carrie diaries and I'm screaming", "user": "NiallsCurryy", "id": 399771895148470273}, {"text": "OMG I highly recommend The Carrie Diaries on Netflix to my fellow Sex and the City lovers! \ud83d\ude0d but there's only one season \ud83d\ude2d", "user": "kimresendezzz", "id": 399771787765882880}, {"text": "Photo: wearwhatyouwatch: Inspired by Lindsey Gort as Samantha Jones on The Carrie Diaries - Shopping info! http://t.co/LZuNaoZiVV", "user": "MinaDarling94", "id": 399741103358107648}, {"text": "Yes I watch The Carrie Diaries.. #judgeme \u26c4\ufe0f\u270c\ufe0f", "user": "Shiloh_Makaela", "id": 399737465302310913}, {"text": "Nice short meeting! Now back to the couch for more Carrie Diaries\ud83d\ude0d", "user": "DanilizMarrero", "id": 399720874766368768}, {"text": "THE NEW CARRIE DIARIES EPISODE WAS TOO GOOD I CANT BREATHE", "user": "strikeap0se", "id": 399719620661477376}, {"text": "Sebastian Kydd from The Carrie Diaries \ud83d\udc95", "user": "tracyhash", "id": 399711187069202432}, {"text": "@stephanieagim do you watch the Carrie diaries? It reminds me of awkward", "user": "tracyhash", "id": 399710756691648513}, {"text": "I think it is safe to say that I am obsessed with the carrie diaries now.", "user": "LaurisaLove", "id": 399698074022342656}, {"text": "I \u2764\ufe0f The Carrie Diaries...", "user": "elaina_sue", "id": 399695268397854721}, {"text": "I've done nothing but watch The Carrie Diaries today", "user": "OhHeyHalle", "id": 399675355092361216}, {"text": "Re-watching season 1 of The Carrie Diaries instead of studying for Lit because I want to be her.", "user": "JuliaHeydari", "id": 399651668423622656}, {"text": "if anyone is looking for a new show to watch, The Carrie Diaries is so good :)", "user": "stephcerda", "id": 399645383296421888}, {"text": "the carrie diaries&gt;", "user": "_dakotalynnee", "id": 399644904013709312}, {"text": "The Carrie Diaries is a hell of a good show! Specially with that hunk Sebastian \ud83d\udc95", "user": "kacyypop", "id": 399642001752084481}, {"text": "If anybody wants to know a good series on Netflix... I suggest The Carrie Diaries.", "user": "BellaFiorenza", "id": 399633285220794370}, {"text": "Can't I be Carrie Bradshaw from The Carrie Diaries? #wishing #lame #TheCarrieDiaries", "user": "HannnahJayy", "id": 399606239362957312}, {"text": "I love the Carrie Diaries ! It's soo much like Gossip Girl", "user": "BigTimeAmy_15", "id": 399603317136830464}, {"text": "I just wanna watch the carrie diaries", "user": "emo_satanist", "id": 399596432233365504}, {"text": "Voguers should watch the Carrie Diaries. They constantly mention her and use her music bc Carrie is a big fan of Madonna", "user": "strikeap0se", "id": 399592236310364160}, {"text": "Remember the episode of The Carrie Diaries season 1 where Larissa invited Carrie to the Virgin Tour opening party?", "user": "strikeap0se", "id": 399591984052330496}, {"text": "The Carrie Diaries \ud83d\ude01", "user": "MIchaelJoel18", "id": 399562472535121920}, {"text": "RT @strikeap0se: I think it's soooo cute how The Carrie Diaries name their episodes after Madonna's old songs", "user": "MathildaxJustin", "id": 399535893738168320}, {"text": "#NowWatching THE CARRIE DIARIES \ud83d\udcfa\u270c\ufe0f http://t.co/0swcLvOjOD", "user": "Amelieciouss", "id": 399525887072538624}, {"text": "All Voguers should watch The Carrie Diaries, they stan HARD for Madonna.", "user": "strikeap0se", "id": 399521851904655360}, {"text": "I think it's soooo cute how The Carrie Diaries name their episodes after Madonna's old songs", "user": "strikeap0se", "id": 399521701295583232}, {"text": "I didn't realize that \"The Carrie Diaries\" was back on. I love this show so much, that I live my life vicariously through it. @cwtcd", "user": "OfficialCarlosV", "id": 399408011338199040}, {"text": "I love the Carrie diaries \u2661", "user": "EmilyCollick", "id": 399407443769163776}, {"text": "I luvvvv the carrie diaries", "user": "_tayuh_", "id": 399379643423150082}, {"text": "RT @HipstaaPleeease: The Carrie Diaries is my fav show \ud83d\ude2d\ud83d\udc95", "user": "DaniKruczek", "id": 399372500674441216}, {"text": "RT @HipstaaPleeease: The Carrie Diaries is my fav show \ud83d\ude2d\ud83d\udc95", "user": "BiancaLSanchez", "id": 399371890277380098}, {"text": "the carrie diaries &gt; i wish i was carrie omg. with her pretty assss self.", "user": "lyzette_xo", "id": 399371155275919361}, {"text": "The Carrie Diaries is my fav show \ud83d\ude2d\ud83d\udc95", "user": "HipstaaPleeease", "id": 399370572888416257}, {"text": "The Carrie Diaries is so good, I luv it", "user": "melondewater", "id": 399356348686548993}, {"text": "these are quotes from the Carrie Diaries\ud83d\ude02\ud83d\ude05", "user": "lawrennbabyy", "id": 399352978160631808}, {"text": "Carrie Diaries does not compare to Sex in the City but it's still pretty good", "user": "sydnisonnier", "id": 399351751335108608}, {"text": "time to watch the new carrie diaries yay", "user": "hobbitonhoran", "id": 399340925815496705}, {"text": "The Carrie Diaries has been my life lately.", "user": "NyeshaPowell", "id": 399325521831419904}, {"text": "my obsession with the carrie diaries is driving me crazy", "user": "zanyzeinnn", "id": 399318269506506753}, {"text": "The Carrie diaries was good on Friday", "user": "nainaitoons", "id": 399314594314719232}, {"text": "RT @aye_jacquelyn: The Carrie Diaries is officially my favorite show.", "user": "laurenmariee21", "id": 399294372455268352}, {"text": "Every girl should watch The Carrie Diaries. \u263a\ufe0f it's amazing.", "user": "terrahup", "id": 399283779648225280}, {"text": "The Carrie diaries is great", "user": "BelAmour95", "id": 399264918706200576}, {"text": "THIS TWEET IS VERY IMPORTANT!!!!!!!!! THE CARRIE DIARIES IS ON NETFLIX!!!!", "user": "madisondenise1", "id": 399250145990041600}, {"text": "Hooked on the Carrie Diaries \ud83d\udc84\ud83d\udc9c \u2026", "user": "tianna_cerone", "id": 399236280468262912}, {"text": "Watching the Carrie diaries cause I literally have nothing better to do today", "user": "dorenjoy", "id": 399232943555506177}, {"text": "im up to date with the Carrie diaries now can the new episode come out already", "user": "BradfordJerseyx", "id": 399230507939950592}, {"text": "the Carrie diaries is life i love the show", "user": "BradfordJerseyx", "id": 399230445377712128}, {"text": "going back to watch the carrie diaries bye", "user": "BradfordJerseyx", "id": 399190210774196224}, {"text": "like ever character evan plays on AHS now Sebastian from The Carrie Diaries", "user": "BradfordJerseyx", "id": 399188159629504512}, {"text": "i just started watching The Carrie Diaries yesterday &amp; im on season 2 i'm almost catched up with the whole show", "user": "BradfordJerseyx", "id": 399187826656288768}, {"text": "Watching the carrie diaries.!", "user": "camrynpanko", "id": 399184107264954370}, {"text": "#ViggleTV makes watching \"The Carrie Diaries\" even more entertaining!\n\n #TheCarrieDiaries #viggle", "user": "mrsFAB", "id": 399178562474737664}, {"text": "so much love for the carrie diaries", "user": "ivanawbu", "id": 399113331358707712}, {"text": "Finished season one of The Carrie Diaries and i want season 2 already", "user": "rara753", "id": 399085126644019200}, {"text": "Shows i watch:\n\nAwkward\nPLL\nTVD\nThe Originals\nRavenswood\nTwisted\nThe Carrie Diaries\nThe Fosters\nSwitched At Birth", "user": "trustsissue", "id": 399065238240120832}, {"text": "RT @rara753: The Carrie Diaries is such a good show", "user": "Jacquelinee08", "id": 399063989851668480}, {"text": "The Carrie Diaries is such a good show", "user": "rara753", "id": 399052120130719744}, {"text": "The Carrie Diaries is too perfect!", "user": "hausofbliss", "id": 399048280861986816}, {"text": "@KarenCocaine HASHTAG FUCK THE CARRIE DIARIES I WOULD OF CHANGED THE CHANNEL IF I WOULDNT OF BEEN TOO LAZY", "user": "LeKurrn", "id": 399042881538621440}, {"text": "RT @LeKurrn: FUCK THE CARRIE DIARIES", "user": "KarenCocaine", "id": 399041199442374656}, {"text": "FUCK THE CARRIE DIARIES", "user": "LeKurrn", "id": 399038112292024320}, {"text": "Yesss The Carrie Diaries is onn", "user": "AlmaLilliand", "id": 399030286064693249}, {"text": "The Carrie Diaries is actually not that bad.", "user": "itsselninja", "id": 399013554285580289}, {"text": "Im gonna watch the carrie diaries FINALLY", "user": "strikeap0se", "id": 399000645749194753}, {"text": "Yesss The Carrie Diaries! \ud83d\ude0d\ud83d\ude0d\ud83d\ude0d Eeeee", "user": "arizona_hbird", "id": 399000349442199552}, {"text": "Photo: I just unlocked the The Carrie Diaries: Strings Attached sticker on GetGlue 2696 others have also... http://t.co/9VUHsOvUdE", "user": "MzzEccentriK", "id": 398997174484484096}, {"text": "This week, the fashion stylist from The Carrie Diaries give 11 tips to stand out at school. Enjoy!\n\nhttp://t.co/rmAnQbUoCM", "user": "PlatosHouston", "id": 398993474290462720}, {"text": "COMPLETELY FORGOT THE CARRIE DIARIES COMES ON TONIGHT\ud83d\ude0d\ud83d\ude0d\ud83d\ude0d\ud83d\ude0d", "user": "niksadele", "id": 398992851616669696}, {"text": "watching the carrie diaries (: @owen_stefania #TheCarrieDiaries", "user": "leamichelexo", "id": 398990973457694720}, {"text": "The Carrie Diaries\ud83d\udc95", "user": "Jovana_330", "id": 398988795514585088}, {"text": "RT @jannaqueso: I really just love the carrie diaries \ud83d\ude2d", "user": "WTFSharon", "id": 398982422735253504}, {"text": "aw crap the carrie diaries though /:", "user": "MarianaGonzal56", "id": 398980023886962688}, {"text": "I really just love the carrie diaries \ud83d\ude2d", "user": "jannaqueso", "id": 398979134728069120}, {"text": "Photo: I just unlocked the The Carrie Diaries: Strings Attached sticker on GetGlue 1241 others have also... http://t.co/YNPKZjYOI6", "user": "HeyyRosa", "id": 398978488457502720}, {"text": "I'm watching The Carrie Diaries (329 others are watching) http://t.co/wcAQLIi4c7 #GetGlue @CWTCD", "user": "Rhettoric_1", "id": 398964368110804992}, {"text": "Don't miss all new episodes of The Carrie Diaries and America's Next Top Model starting TONIGHT at 7p! (photo... http://t.co/JaCIAT5QbF", "user": "wbrlcw21", "id": 398963312463196160}, {"text": "I'm watching The Carrie Diaries!!! I just have a few more episodes to go until i'm all caught up:))", "user": "TacoKittyBell", "id": 398951645440004096}, {"text": "Check out a preview of TONIGHT's all-new 'The Carrie Diaries'...TONIGHT at 7pm. #CWtcd http://t.co/VhfkGlTfZJ", "user": "CWLakeCharles", "id": 398929435489218560}, {"text": "@kyndaljonesss I've already watched desperate &amp; grey's. Might look into the carrie diaries \ud83d\ude4a", "user": "ashlatran", "id": 398873784905506817}, {"text": "I love Fridays. New episode of the Carrie Diaries  tonight :)", "user": "katiemartin13", "id": 398870888465973248}, {"text": "Work time, AKA catch up on Vampire Diaries, Grey's Anatomy, The Carrie Diaries &amp; Hart of Dixie. yahhh I need a new job lol", "user": "CocoPattillo", "id": 398855991288025089}, {"text": "The Carrie Diaries is my new thing I guess.", "user": "Kuhseedi", "id": 398837539743608832}, {"text": "Friday Nov 08 08:00PM The Carrie Diaries (Strings Attached): THE ART OF BEING ZEN \u00e2\u0080\u0094 Larissa (Freema Agyeman)... http://t.co/6xh6LvnYhL", "user": "ByJRochelle", "id": 398722497937305600}, {"text": "he's watching the carrie diaries omfg I feel The gayness from here", "user": "nukeleus", "id": 398706753929375745}, {"text": "\u201c@april_lai_: forever and ever drooling over Sebastian from the carrie diaries #daaamnboy \ud83d\ude0f\ud83d\ude0d http://t.co/OFlD9opF2q\u201dSo. Freakin. Attractive!", "user": "HannahLReymon", "id": 398682456502444032}, {"text": "@J_Gautreau I'm gonna try that out !! I'm finishing the Carrie diaries \ud83d\ude2d\ud83d\ude2d", "user": "Cinthiavsqz", "id": 398658013671616512}, {"text": "I LOVE THE CARRIE DIARIES", "user": "elijahsioux", "id": 398596876343070720}, {"text": "I shouldn't be watching The Carrie Diaries but I love this show so much. I miss NY &lt;/3", "user": "WLFRDEUX", "id": 398534948065259520}, {"text": "\"@ivyjeanray: The Carrie diaries&gt;\"that is my favorite show!", "user": "aerieanderson", "id": 398531564100780032}, {"text": "Tomorrow is Friday. Someone remind me that the Carrie Diaries come on at 7.", "user": "karfortin", "id": 398517963751301120}, {"text": "@classiemurphy i will never watch tvd again it was too boring lol but the carrie diaries is good you should watch it!!", "user": "jannaqueso", "id": 398316540434464768}, {"text": "im one episode away from finishing the carrie diaries on netflix nononononO", "user": "jannaqueso", "id": 398298210940116992}, {"text": "im obsessed with the carrie diaries UGH", "user": "kej0507", "id": 398284502147268609}, {"text": "@helenburnett123 The Carrie Diaries", "user": "laura_shipman", "id": 398278724992245760}, {"text": "Does anyone else watch The Carrie Diaries?", "user": "KlausOnHeels", "id": 398273517583482880}, {"text": "The Carrie Diaries!\ud83d\udc96", "user": "dappydidaphdaph", "id": 398269413800943617}, {"text": "The Carrie Diaries \ud83d\ude0d\n#obsessed", "user": "roro_doe", "id": 398252669787045888}, {"text": "INTERVIEW: American Authors on The Carrie Diaries, music festivals and more - http://t.co/tdqVmce6Ql: SheKnows.... http://t.co/qZDs7h0L46", "user": "datonflukers", "id": 398239679289376768}, {"text": "Just started watching the Carrie Diaries. Let's see how this goes.", "user": "McLamey", "id": 398227498917322752}, {"text": "Yesss The Carrie Diaries is onn", "user": "DaytonKeatonn", "id": 398198201800339456}, {"text": "Yesss The Carrie Diaries is onn", "user": "BransonDylano", "id": 398177928959111168}, {"text": "I'm obsessed with @robbannasophia's hair on The Carrie Diaries. #iwantit", "user": "LauraBethRinn", "id": 398173475535192064}, {"text": "I wanna go home and watch The Carrie Diaries.", "user": "tracyhash", "id": 398163064643522560}, {"text": "Yesss The Carrie Diaries is onn", "user": "RichardAlexisp", "id": 398154396812333056}, {"text": "I'm obsessed with \"The Carrie Diaries\" ahhhhh", "user": "thePrincessAK6", "id": 398149260224385024}, {"text": "Yesss The Carrie Diaries is onn", "user": "MakennaSaraht", "id": 398119328140120065}]