[{"text": "Photo: I just unlocked the The Tomorrow People: Sorry for Your Loss sticker on GetGlue 6380 others have also... http://t.co/p1wRhJm1dg", "user": "Cali_Oso", "id": 400839643387949056}, {"text": "@CCrockettPI I wasn't talking about them :-) .... its the people that made me get up .. I noticed you were MIA hope tomorrow is better", "user": "Texas_B_", "id": 400838032867069953}, {"text": "Tomorrow Morning people... A dream comes true... If you need the presale code holla at me #Wrestlemania http://t.co/VngSmJDejW", "user": "_DFrancis", "id": 400829042116792320}, {"text": "Photo: I\u2019m watching The Tomorrow People 5775 others are also watching. The Tomorrow People on http://t.co/UEVzoLKMyo http://t.co/knpAgAdHjq", "user": "docinaustin", "id": 400823199270993920}, {"text": "Photo: I just unlocked the The Tomorrow People: Sorry for Your Loss sticker on GetGlue 2690 others have also... http://t.co/OsJNcq3GvR", "user": "docinaustin", "id": 400823194451714048}, {"text": "Photo: I just unlocked the The Tomorrow People: Sorry for Your Loss sticker on GetGlue 2653 others have also... http://t.co/8TrSVtxwmD", "user": "amedievalgenius", "id": 400822822542802944}, {"text": "Photo: I\u2019m watching The Tomorrow People 5725 others are also watching. The Tomorrow People on http://t.co/4B3paXNWv4 http://t.co/e9lByVdTCk", "user": "amedievalgenius", "id": 400822821427105792}, {"text": "S/O to the people like me that finally get to see Rihanna tomorrow after waiting so long bc she rescheduled \ud83d\ude4c", "user": "NicolaSmittt", "id": 400821304183750657}, {"text": "Check out the review of The Tomorrow People - Sorry For Your Loss http://t.co/UE4jXHKWDx", "user": "AshleyEpidemic", "id": 400820806457909248}, {"text": "To the people going on the UTSA trip tomorrow, do y'all know where we're supposed to meet up at tomorrow morning?:o", "user": "MoPorVIDA", "id": 400819561429073920}, {"text": "Pretty sure @braxtoneast24 &amp; I are the two most excited people for tomorrow!", "user": "ShelbyyMoore10", "id": 400818916529688576}, {"text": "Census Bur. releases homeowner data tomorrow. People no longer think homeownership means \"middle class\" http://t.co/dhjxm47Huc", "user": "LSUMediaMEL", "id": 400814424308875264}, {"text": "I'm watching The Tomorrow People (2013) (4218 others are watching) http://t.co/vp7dZ44DzX #GetGlue @cwtp", "user": "SteveJax", "id": 400813241297043456}, {"text": "Photo: I just unlocked the The Tomorrow People: Sorry for Your Loss sticker on GetGlue 3599 others have also... http://t.co/U9IfBfaHDO", "user": "MzzEccentriK", "id": 400809818996625408}, {"text": "Photo: I\u2019m watching The Tomorrow People 4076 others are also watching. The Tomorrow People on http://t.co/8O2F83bVGR http://t.co/1lIT5hLuxI", "user": "MzzEccentriK", "id": 400809811102957568}, {"text": "@cwtp @CW_Arrow is a cracking show! ... The tomorrow people, new? Maybe in 1973! \ud83d\ude09 #remake", "user": "MrTimBee", "id": 400808301992357889}, {"text": "The place I go for tutoring made 15k just off of our accounting exam tomorrow. Three nights, 4 hours each, averaging 150 people.", "user": "dollsandbees", "id": 400803153836113921}, {"text": "I hope God can help all the Merand people tomorrow I know it will be a really emotional day for y'all.", "user": "TaylorPeters9", "id": 400801666233929728}, {"text": "I'm watching The Tomorrow People (2013) (1176 others are watching) http://t.co/2dAOxqUnx5 #GetGlue @cwtp", "user": "Rhettoric_1", "id": 400794237459247104}, {"text": "Can all of the people in my first period just not show up tomorrow?!:(", "user": "ThatBlonde17", "id": 400789880852058112}, {"text": "Omg I'm so glad the Comcast people are coming to set up our cable and wifi tomorrow. Five days is too long \ud83d\ude29", "user": "LoveeSydni", "id": 400785297782218752}, {"text": "Don't miss all new episodes of Arrow and The Tomorrow People TONIGHT starting at 7p! (photo courtesy of... http://t.co/QnkqX3DoCn", "user": "wbrlcw21", "id": 400775188855660544}, {"text": "Heading to Chinatown tomorrow just to hear the people there say the word \"election\" all day.", "user": "flamezlal", "id": 400771859123167233}, {"text": "@MadScientist06 My PS4 is showing as being delivered tomorrow from Amazon.  Seeing lots of other people seeing the same thing!", "user": "BillyBrewer", "id": 400765014925012993}, {"text": "RT @NupeyKollins: Black people going to turn the movies into the club tomorrow night.....", "user": "Vinyl_Richie86", "id": 400743793009623040}, {"text": "Black people going to turn the movies into the club tomorrow night.....", "user": "NupeyKollins", "id": 400742226717712385}, {"text": "Watching people pray admidst the sounds of some wonderful organ practice this afternoon!  Join us tomorrow night at 7:30 PM!", "user": "CoCathedral", "id": 400730517475446785}, {"text": "'Arrow' and 'The Tomorrow People' are all-new starting TONIGHT at 7pm. #CW_ARROW #CWtp http://t.co/HZyJYazdr3", "user": "CWLakeCharles", "id": 400688497411235840}, {"text": "We're having a party! Join us tomorrow at the #RedhouseFallFeast with some good food, good music, and good people! https://t.co/lSyMBCWdFD", "user": "The_RedHouse", "id": 400673020533948416}, {"text": "\u271e .tomorrow is not PROMISED!! Enjoy, appreciate &amp; love the people that matter.. Always have LOVE~PEACE~HONESTY http://t.co/HjOzlFj7wM", "user": "LesSerendipity", "id": 400664653451104256}, {"text": "RT @MyLastNameIsHIS: All that to say this appreciate the people you love there here today and gone tomorrow!", "user": "chloesangel_", "id": 400636449823141888}, {"text": "RT @MyLastNameIsHIS: All that to say this appreciate the people you love there here today and gone tomorrow!", "user": "just_muff", "id": 400625796538466304}, {"text": "All that to say this appreciate the people you love there here today and gone tomorrow!", "user": "MyLastNameIsHIS", "id": 400625759783768064}, {"text": "Real talk im loving The Tomorrow People", "user": "iw2ma", "id": 400620811276394496}, {"text": "I feel bad for the people who have 8am classes tomorrow...its suppose to be freezing!", "user": "davebaseball", "id": 400526200520835072}, {"text": "I wanna go to the pulga tomorrow, but then I don't becauseeeee I'll pass out if I walk too much around Mexican people who smell like sweat", "user": "christalennon", "id": 400523304647143424}, {"text": "Kinda wanted to go to school tomorrow till I remembered how much I hate school and a majority of the people in it", "user": "Tw4tpocket", "id": 400519876936093696}, {"text": "good luck to all the people that work tomorrow morning", "user": "supaflyG_", "id": 400500908531777536}, {"text": "So thankful for all the people coming to see me tomorrow. I have the most absolute most amazing people in my life.", "user": "mackenziemontgo", "id": 400493309694455808}, {"text": "RT @GarrettPerry19: I will be in the freezing cold all day tomorrow starting at 6 while people complain about waking up for an 8am class", "user": "SEBASTlAN", "id": 400475915081502720}, {"text": "I will be in the freezing cold all day tomorrow starting at 6 while people complain about waking up for an 8am class", "user": "GarrettPerry19", "id": 400475826203815936}, {"text": "RT @ItsZohraOk: 187. I love you mann, &amp; the fact that we hate the same people is just great. Lmao. You're gorgggg, and have fun at uglies c\u2026", "user": "husnabadruddin", "id": 400473216981819393}, {"text": "187. I love you mann, &amp; the fact that we hate the same people is just great. Lmao. You're gorgggg, and have fun at uglies concert tomorrow!", "user": "ItsZohraOk", "id": 400473055702446080}, {"text": "Just got the \"no night class tomorrow night email\" I am probably one of the happiest people on the planet righy now!", "user": "LauraAMcQueen", "id": 400458674633588736}, {"text": "People are winding down for the night and I'm still in Georgetown for soccer practice. I have not even started my hw. 2 tests tomorrow.", "user": "racquelle_r", "id": 400457620609187840}, {"text": "@thatgirlismegan Ahhh... I'll have fun tomorrow driving around seeing the people wearing only shorts &amp; tshirts!", "user": "_black_pug", "id": 400454301723938816}, {"text": "RT @VoicesOfThKingd: Remember everyone is not going to be in your corner but that doesn't mean you are doing the wrong thing! God holds tom\u2026", "user": "hollanike", "id": 400450549096919040}, {"text": "Cars in the shop longer than expected. Need a ride into work tomorrow. Any offers? I feel like one of those people... =\\", "user": "CodieJoe", "id": 400447916973641728}, {"text": "It's weird to think that people I have played softball against for the past 5 years are signing tomorrow.", "user": "abbynicole14", "id": 400444602295259136}, {"text": "Remember everyone is not going to be in your corner but that doesn't mean you are doing the wrong thing! God holds tomorrow not people!", "user": "VoicesOfThKingd", "id": 400440233583321088}, {"text": "RT @stevenstyler11: I'm sure LSUE won't disappoint tomorrow with the weird things people will be wearing to keep warm", "user": "Kevin_J_22", "id": 400434709798207488}, {"text": "RT @stevenstyler11: I'm sure LSUE won't disappoint tomorrow with the weird things people will be wearing to keep warm", "user": "meaux63", "id": 400434303940571136}, {"text": "RT @stevenstyler11: I'm sure LSUE won't disappoint tomorrow with the weird things people will be wearing to keep warm", "user": "andrew6ardoin", "id": 400427866426318848}, {"text": "I'm sure LSUE won't disappoint tomorrow with the weird things people will be wearing to keep warm", "user": "stevenstyler11", "id": 400426721486602240}, {"text": "It's supposed to get below freezing tomorrow.... To some people that doesn't sound like a big deal.... The cold &amp; I are not friends... \ud83d\ude20", "user": "LaDaysha_J", "id": 400400737223462912}, {"text": "Fair warning for the 1-2 people that may attempt to contact me: #ChampionsClassic tonight, will talk to you tomorrow", "user": "adamnevarez", "id": 400399640748515329}, {"text": "I really am jealous of the people who are going to see Drake tomorrow &amp; Rihanna in a couple days -_-", "user": "AyeeItsBrooke_", "id": 400399552697470977}, {"text": "How do the wrong people get to the top so often? Find out tomorrow at 2pm CST. http://t.co/wZb1I7Rksq http://t.co/gKNaDENBOQ", "user": "TalentGuard", "id": 400369579815206912}, {"text": "American Revolution Quiz #3 is tomorrow.  Make sure you know those famous people from the war!", "user": "crmsmarsh", "id": 400367103141613568}, {"text": "I just voted for The Tomorrow People #newtvdrama #PeoplesChoice. Retweet to vote http://t.co/NyIGamCA6P via @peopleschoice", "user": "AmyGranbery", "id": 400341913779200000}, {"text": "@clpolk Actually on that note have you gotten into The Tomorrow People?", "user": "365Wyrms", "id": 400340181175119872}, {"text": "@getnickwright HOLD UP NIKKI,, we have a trend here, TEXANS ONLY RELEASED  BLACK PEOPLE during the season,,,,   Nick going in tomorrow", "user": "sportsmediaLM", "id": 400337866816880640}, {"text": "Think I'm gonna go to the games tomorrow and catch up with some people.", "user": "ashleychaumont", "id": 400330994542080000}, {"text": "'The Originals' Isn't The Only Series Getting A Full Season: Did Your Show Make It?: \n'The Tomorrow Pe... http://t.co/oSclgU3pMg", "user": "drhipnotix", "id": 400298104361975808}, {"text": "CW encomenda temporadas completas para The Originals, Reign e The Tomorrow People http://t.co/Ob9RQX3FqD via @seriemaniacos", "user": "silva_luks94", "id": 400273904951779328}, {"text": "RT @SegaGenesis14: Lucky people who are going to the drake concert tomorrow . \ud83d\ude2a", "user": "MommaEviee", "id": 400273337747636224}, {"text": "The CW Orders Full Seasons of The Originals, The Tomorrow People and Reign http://t.co/S10KL0O938 via @YahooOMG", "user": "CorbinC2009", "id": 400269110560317441}, {"text": "Lucky people who are going to the drake concert tomorrow . \ud83d\ude2a", "user": "SegaGenesis14", "id": 400164809661890560}, {"text": "I get my stuffed animal phone case tomorrow and when I walk home on the phone people are going to think I'm crazy \ud83d\ude02\ud83d\ude02\ud83d\ude02", "user": "papichulojoey_", "id": 400135142099804160}, {"text": "RT @appIaud: to the people who are asking someone out tomorrow just because it's 11/12/13 i hope y'all don't make it", "user": "_anaaaahi", "id": 400129625570811904}, {"text": "RT @appIaud: to the people who are asking someone out tomorrow just because it's 11/12/13 i hope y'all don't make it", "user": "oohh_ale", "id": 400129456825581568}, {"text": "PEOPLE , If you aint fck w me today , or barely , ion need you hittin up my line tomorrow,  Bein nosey or the next day just dont bother.", "user": "__oneeofaakindd", "id": 400122535498350592}, {"text": "RT @nick_vela777: I wonder how many people are gonna tweet about the weather tomorrow", "user": "makeitrehn_", "id": 400116381703630849}, {"text": "RT @nick_vela777: I wonder how many people are gonna tweet about the weather tomorrow", "user": "karleeeraay", "id": 400112807829442561}, {"text": "New, \"The Tomorrow People\" get\u2019s a FULL Season! http://t.co/nlmkbFNTHO", "user": "SoTaylorKitsch", "id": 400112176524197889}, {"text": "RT @nick_vela777: I wonder how many people are gonna tweet about the weather tomorrow", "user": "FoyTyler", "id": 400112032835321857}, {"text": "\"@KingMarcoo: Lmao watxh tomorrow with the people that carry the #letbrandonstay thing on the there stuff get intouble #onlyatyes\"", "user": "garza_manuel", "id": 400101935212023808}, {"text": "RT @alli_cat22: I'm so ready to make fun of the voice people tomorrow with Collin", "user": "mcclellan21cm", "id": 400095805052563456}, {"text": "I'm so ready to make fun of the voice people tomorrow with Collin", "user": "alli_cat22", "id": 400095699532279808}, {"text": "RT @appIaud: to the people who are asking someone out tomorrow just because it's 11/12/13 i hope y'all don't make it", "user": "GPerez731", "id": 400090647471730688}, {"text": "RT @appIaud: to the people who are asking someone out tomorrow just because it's 11/12/13 i hope y'all don't make it", "user": "domisaurr", "id": 400087694224941056}, {"text": "Ima have to change my number tomorrow and a lot of people won't have the number", "user": "9thward_star", "id": 400083748047175680}, {"text": "RT @appIaud: to the people who are asking someone out tomorrow just because it's 11/12/13 i hope y'all don't make it", "user": "JaydenBuck", "id": 400080988447178753}, {"text": "RT @appIaud: to the people who are asking someone out tomorrow just because it's 11/12/13 i hope y'all don't make it", "user": "swiisshhaasweet", "id": 400080436031787008}, {"text": "RT @appIaud: to the people who are asking someone out tomorrow just because it's 11/12/13 i hope y'all don't make it", "user": "Fucken_Friduhh", "id": 400080001036324864}, {"text": "RT @appIaud: to the people who are asking someone out tomorrow just because it's 11/12/13 i hope y'all don't make it", "user": "PaulaKoala_", "id": 400079878428442624}, {"text": "RT @appIaud: to the people who are asking someone out tomorrow just because it's 11/12/13 i hope y'all don't make it", "user": "sssinthia", "id": 400079237723328512}, {"text": "RT @appIaud: to the people who are asking someone out tomorrow just because it's 11/12/13 i hope y'all don't make it", "user": "graicieu", "id": 400079200214056960}, {"text": "RT @appIaud: to the people who are asking someone out tomorrow just because it's 11/12/13 i hope y'all don't make it", "user": "NoHopeForEasha", "id": 400078310887010304}, {"text": "RT @appIaud: to the people who are asking someone out tomorrow just because it's 11/12/13 i hope y'all don't make it", "user": "_GizelMarie", "id": 400078179550760960}, {"text": "RT @appIaud: to the people who are asking someone out tomorrow just because it's 11/12/13 i hope y'all don't make it", "user": "ChloeeAnnaax", "id": 400078154041405441}, {"text": "RT @appIaud: to the people who are asking someone out tomorrow just because it's 11/12/13 i hope y'all don't make it", "user": "Dameria_x", "id": 400078124488327168}, {"text": "RT @appIaud: to the people who are asking someone out tomorrow just because it's 11/12/13 i hope y'all don't make it", "user": "xSahiellyx", "id": 400077985035739136}, {"text": "RT @appIaud: to the people who are asking someone out tomorrow just because it's 11/12/13 i hope y'all don't make it", "user": "sammievans01", "id": 400077825283092481}, {"text": "RT @appIaud: to the people who are asking someone out tomorrow just because it's 11/12/13 i hope y'all don't make it", "user": "jaimeeeey", "id": 400077797735284736}, {"text": "RT @appIaud: to the people who are asking someone out tomorrow just because it's 11/12/13 i hope y'all don't make it", "user": "cmeatsix", "id": 400077727778095105}, {"text": "RT @appIaud: to the people who are asking someone out tomorrow just because it's 11/12/13 i hope y'all don't make it", "user": "brixnna_", "id": 400077668743258112}, {"text": "RT @appIaud: to the people who are asking someone out tomorrow just because it's 11/12/13 i hope y'all don't make it", "user": "daisxyv", "id": 400077662342742016}, {"text": "RT @appIaud: to the people who are asking someone out tomorrow just because it's 11/12/13 i hope y'all don't make it", "user": "zachysan", "id": 400077594776715264}, {"text": "RT @appIaud: to the people who are asking someone out tomorrow just because it's 11/12/13 i hope y'all don't make it", "user": "__Ailleen", "id": 400077566263824384}, {"text": "RT @appIaud: to the people who are asking someone out tomorrow just because it's 11/12/13 i hope y'all don't make it", "user": "aureeece", "id": 400077427960860673}, {"text": "RT @appIaud: to the people who are asking someone out tomorrow just because it's 11/12/13 i hope y'all don't make it", "user": "sabrinaisdabae", "id": 400077423418417152}, {"text": "to the people who are asking someone out tomorrow just because it's 11/12/13 i hope y'all don't make it", "user": "appIaud", "id": 400077377239126016}, {"text": "@negafy sorry the Poke shirt took so long.I asked around at what people would want &amp; will have it tomorrow I promise &gt;-&lt; thanks for waiting.", "user": "RonnieBear42", "id": 400075505929449473}, {"text": "RT @alecvidall55: People are gonna be telling to shut up tomorrow I'm so excited for the game!\ud83d\ude1c\ud83d\udc4c\ud83d\udc4d\ud83c\udfc0", "user": "DanielRitz13", "id": 400070308918337536}, {"text": "People are gonna be telling to shut up tomorrow I'm so excited for the game!\ud83d\ude1c\ud83d\udc4c\ud83d\udc4d\ud83c\udfc0", "user": "alecvidall55", "id": 400069158475288576}, {"text": "Watch the news people its suppose to be cold Wednesday not tomorrow j/s", "user": "M_amber27", "id": 400061012964950016}, {"text": "YESSSS! \"@OGsWriters: The blood never stops flowing, and the party never ends. http://t.co/ir4WTNiVeK Thank you all for watching!\"", "user": "80sRebelGirl", "id": 400059490999230464}, {"text": "\u201cThe Tomorrow People\u201d Gets Full Season Order http://t.co/mgrl17ACjh via @ThreeIfBySpace", "user": "Thogar", "id": 400059383188439040}, {"text": "I wonder how long it'll take before the new people annoy me tomorrow", "user": "DominicanDLC", "id": 400039840521015297}, {"text": "CW Gives Full-Season Orders To Freshman Series \u2018The Originals\u2019, \u2018The Tomorrow People\u2019 &amp; \u2018Reign\u2019 http://t.co/jkmjfSyvye via @deadline", "user": "wishingJomo", "id": 400038049108602881}, {"text": "The CW Hands Full Seasons to \u2018Originals,\u2019 \u2018Tomorrow People,\u2019 \u2018Reign\u2019 http://t.co/dE6UJLW2t9 #music #news", "user": "ShadowLinesDoc", "id": 400033410590048257}, {"text": "THE TOMORROW PEOPLE?", "user": "ShaneSSaunders", "id": 400032357865906176}, {"text": "congrats to all the crew of the tomorrow people and obviously to my @LukeMitchell__ :)xx", "user": "Juicysmg", "id": 400028147225071616}, {"text": "Sign up NOW for tomorrow's noon webinar on \"The ACA and People with Disabilities\" http://t.co/NhLHWBvGIP", "user": "TheArcofTexas", "id": 400026643160248322}, {"text": "The CW Hands Full Seasons to THE ORIGINALS, THE TOMORROW PEOPLE and REIGN http://t.co/30J08QFC28", "user": "ayetortuga", "id": 400020608747978752}, {"text": "RT @Misharif: This what the people been waiting for #MoVsRaiWeek #MoVsRai6! #TacoTuesdays tomorrow night at St. Daines &amp; #UptownHookah Wedn\u2026", "user": "CountOnGunna", "id": 400011955614023680}, {"text": "RT @Misharif: This what the people been waiting for #MoVsRaiWeek #MoVsRai6! #TacoTuesdays tomorrow night at St. Daines &amp; #UptownHookah Wedn\u2026", "user": "atspace", "id": 400006064739209216}, {"text": "RT @Misharif: This what the people been waiting for #MoVsRaiWeek #MoVsRai6! #TacoTuesdays tomorrow night at St. Daines &amp; #UptownHookah Wedn\u2026", "user": "MrTeamToss", "id": 400004999159492609}, {"text": "RT @Misharif: This what the people been waiting for #MoVsRaiWeek #MoVsRai6! #TacoTuesdays tomorrow night at St. Daines &amp; #UptownHookah Wedn\u2026", "user": "jonnicarson", "id": 400004743827058688}, {"text": "RT @Misharif: This what the people been waiting for #MoVsRaiWeek #MoVsRai6! #TacoTuesdays tomorrow night at St. Daines &amp; #UptownHookah Wedn\u2026", "user": "MCKennyMontana", "id": 400002827231453184}, {"text": "RT @Misharif: This what the people been waiting for #MoVsRaiWeek #MoVsRai6! #TacoTuesdays tomorrow night at St. Daines &amp; #UptownHookah Wedn\u2026", "user": "__SuperDan", "id": 400001177833971712}, {"text": "This what the people been waiting for #MoVsRaiWeek #MoVsRai6! #TacoTuesdays tomorrow night at St. Daines &amp; #UptownHookah Wednesday!", "user": "Misharif", "id": 400000724341645312}, {"text": "RT @jencopesx: When I win the euro millions tomorrow there is gonna be loads of people on my hired hit man list", "user": "ChrisOllerhead", "id": 399991344326012929}, {"text": "When I win the euro millions tomorrow there is gonna be loads of people on my hired hit man list", "user": "jencopesx", "id": 399991057636945920}, {"text": "Always remember to say I love you to the people you care about because you never know what will happen tomorrow.", "user": "elydiana09", "id": 399990537354481664}, {"text": "Alexa Vega: The Latest Guest Star on \"The Tomorrow People!\" http://t.co/9PrXDmGxm8", "user": "SoTaylorKitsch", "id": 399966543016374274}, {"text": "RT @eduardobannack: Good ass, enlightening night. Met some fine people, &amp; I'm ready to go home tomorrow &amp; hit the dream ten times harder th\u2026", "user": "Marley_Day", "id": 399965679711178752}, {"text": "New, \"The Tomorrow People\" 1\u00d706 \u201cSorry For Your Loss\u201d Extended Promo! http://t.co/NO8Reoi8WJ", "user": "SoTaylorKitsch", "id": 399965563541528577}, {"text": "So ready for tomorrow afternoon to be here, done with the exams for the week and can hang out with people that truly care #lovethem", "user": "texas_darlin", "id": 399937273614958592}, {"text": "Jealous of the people who are going to see Drake tomorrow!", "user": "DemiJuliet", "id": 399928663119896576}, {"text": "I just voted for The Tomorrow People #newtvdrama #PeoplesChoice. Retweet to vote http://t.co/NyIGamCA6P via @peopleschoice", "user": "AmyGranbery", "id": 399911744211927040}, {"text": "\"For tomorrow belongs to the people who prepare for it today.\" -- African proverb", "user": "ebynog", "id": 399908809927163904}, {"text": "Be grateful for the people you have today. They might not be here tomorrow. Couldn't stress it enough..", "user": "trtigo", "id": 399886773347549186}, {"text": "Good ass, enlightening night. Met some fine people, &amp; I'm ready to go home tomorrow &amp; hit the dream ten times harder than before.", "user": "eduardobannack", "id": 399832131477590016}, {"text": "I just voted for The Tomorrow People #newtvdrama #PeoplesChoice. Retweet to vote http://t.co/IFCXwVRfxJ via @peopleschoice", "user": "DecemberM", "id": 399830151510233088}, {"text": "Also, Tomorrow Jill wants to apologize to everyone for all of the weirdness that you lovely people will see in the morning on your TL.", "user": "Jill_Teddy", "id": 399816713144782848}, {"text": "S/o to the 5 people on twitter who aren't gonna hate me tomorrow \ud83d\ude02\ud83d\ude02", "user": "will_edwards212", "id": 399799998340014080}, {"text": "Imma go hoop tomorrow. If I die, y'all let people know that I passed out on the court.", "user": "CantBlameTammy_", "id": 399796556846473216}, {"text": "The Tomorrow People Reviewcap- 1\u00d705 \u201cAll Tomorrow\u2019s Parties\u201d http://t.co/o987GLzPAR via @ThreeIfBySpace", "user": "Thogar", "id": 399791707803242496}, {"text": "If I woke up tomorrow &amp; the people who aren't meant to be positive additions in my life became non existent. That would be dope", "user": "van_it_E", "id": 399778013694267392}, {"text": "RT @Figglet_M: Seriously.. People are fighting so you have the freedom to get your education so stop complaining about having school tomorr\u2026", "user": "lilchelseaaa", "id": 399772938284457984}, {"text": "Crazy the amount of people I will see tomorrow..", "user": "AnnaGehrke25", "id": 399772699196551168}, {"text": "RT @Figglet_M: Seriously.. People are fighting so you have the freedom to get your education so stop complaining about having school tomorr\u2026", "user": "maisieann_", "id": 399771795709898753}, {"text": "RT @EllenWortham: It's been a long day.  Be thankful for every moment you have with the people you love.  We are flowers quickly fading her\u2026", "user": "meg_sexton", "id": 399770244505292801}, {"text": "Tomorrow I will definitely be hitting up them Chinese people at the mall. \ud83d\ude01 Lol.", "user": "_CVazquez13", "id": 399766534299459584}, {"text": "RT @jessicahailey26: Feel bad for the people that have to go to school tomorrow\ud83d\ude01", "user": "_keerynnnn", "id": 399762399252578304}, {"text": "Feel bad for the people that have to go to school tomorrow\ud83d\ude01", "user": "jessicahailey26", "id": 399761679447113729}, {"text": "Today: I love all people, :) &lt;3 - - Tomorrow: I hate everyone!rossings or people parked in the road talking, #NativeLife", "user": "SFlossiesirmons", "id": 399761322616688640}, {"text": "I'm glad the band won't be at school tomorrow. Don't get me wrong, ily guys but that just means less people in the hallway..", "user": "elanour_11", "id": 399758517180960768}, {"text": "RT @Figglet_M: Seriously.. People are fighting so you have the freedom to get your education so stop complaining about having school tomorr\u2026", "user": "stephaniee2214", "id": 399757924387409920}, {"text": "It's been a long day.  Be thankful for every moment you have with the people you love.  We are flowers quickly fading here and gone tomorrow", "user": "EllenWortham", "id": 399755677855649792}, {"text": "To all the people who don't have school tomorrow because of the holiday I will find you and make you write my term paper", "user": "cammycantdie", "id": 399755577061941249}, {"text": "Smh to the people that don't have school tomorrow when I actually do and have to wake up at fucking 6am \ud83d\ude3e", "user": "Flores98Rosa", "id": 399755377253699585}, {"text": "Seriously.. People are fighting so you have the freedom to get your education so stop complaining about having school tomorrow. Be thankful", "user": "Figglet_M", "id": 399754012716593152}, {"text": "FYI.education is our passport to the future for tomorrow belongs to the people who prepare for it today!", "user": "ketcherokee", "id": 399752925981179905}, {"text": "I don't want to go to school tomorrow because people are ganna keep asking \"what happened to your arm?\" when they see me in the cast -.-", "user": "Pandasauruss_", "id": 399751102708457472}, {"text": "Thankful for all of the sacrifices people serving our country have made on our behalf. Remember Veterans' Day tomorrow.", "user": "mattgratt", "id": 399749352622522368}, {"text": "Sorry for all the people at phs that wanted candy, but I've decided not to bring the candy tomorrow because I have to bring my bowling balls", "user": "jjzombieslaya", "id": 399747016982802432}, {"text": "Shout out to most of the people I'll see at school tomorrow!\u270c\ufe0f http://t.co/bEP10K5UYN", "user": "ItsJazmine_", "id": 399738326116098049}, {"text": "RT @thatboytray5: Sucks for the people that have school tomorrow", "user": "itssmarie__", "id": 399735349485637632}, {"text": "Sucks for the people that have school tomorrow", "user": "thatboytray5", "id": 399735305684520961}, {"text": "Shoutout to the people who have school tomorrow, biiiiiiiitches.", "user": "YoureDeadKiddo", "id": 399734446565257216}, {"text": "RT @foreveraloana: FOR PEOPLE DOING HOMELESS FOR A NIGHT: make sure and register online before tomorrow! The link is on the FRHS StuCo page\u2026", "user": "kiddfromqueens", "id": 399712284915662848}, {"text": "FOR PEOPLE DOING HOMELESS FOR A NIGHT: make sure and register online before tomorrow! The link is on the FRHS StuCo page. :)", "user": "foreveraloana", "id": 399712010939551744}, {"text": "Suckstosuck for all the people who have school tomorrow. Suckazzzzz \ud83d\ude1c", "user": "realest_risss", "id": 399707373188546560}, {"text": "Precal people! Don't forget about the unit circle quiz tomorrow", "user": "yolencioni", "id": 399690868291948544}, {"text": "If I died tomorrow I wonder how many people would lie talking about how \"close\" we were.. That's the new trend anyway lol. \ud83d\ude02", "user": "jayfiyahh", "id": 399681387638161408}, {"text": "#QuittingSmoking? Tomorrow may be your day!  http://t.co/Nbeju0h5Jb Monday is the day most people pick to kick the habit.", "user": "theorganicwhey", "id": 399672839332036608}, {"text": "\u201c@DakotaLittle_: My advice for majority of the people who see me tomorrow. #Mondays &lt; http://t.co/8kPgN7EHEx\u201d \ud83d\ude02\ud83d\ude02\ud83d\ude02 me except sunglasses", "user": "chaaayxoxo", "id": 399670465813172225}, {"text": "Because it's a super-fun show? RT @EW \"Why I'm still watching 'The Tomorrow People' http://t.co/YbTuMBZK1n\"", "user": "onthebird", "id": 399666491521368064}, {"text": "Alright praying people. Pray for my wife. Tomorrow am she takes her gre test. The first bug hurdle on her way to a masters degree. #proud", "user": "topherlytle", "id": 399621695843352577}, {"text": "Be appreciative of the people in your life. Here today and gone tomorrow.", "user": "DeuceAccomplice", "id": 399588853326958592}, {"text": "RT @JakelinneBree: \"@PineWithPhilly: Looking at the people around me today, I can't imagine the chance of never seeing them tomorrow.. \ud83d\ude4f\"", "user": "SucceedIzzy", "id": 399588803007873025}, {"text": "RT @JakelinneBree: \"@PineWithPhilly: Looking at the people around me today, I can't imagine the chance of never seeing them tomorrow.. \ud83d\ude4f\"", "user": "jay_ssica23", "id": 399588584233373696}, {"text": "\"@PineWithPhilly: Looking at the people around me today, I can't imagine the chance of never seeing them tomorrow.. \ud83d\ude4f\"", "user": "JakelinneBree", "id": 399588546077409280}, {"text": "Tomorrow marks a day in this great country where we honor the bravest among us; Veterans Day. While many people... http://t.co/EwKc8KQT2Q", "user": "julian_drury", "id": 399565461517377536}, {"text": "RT @StrategicPR_Pro: PLEASE PROVIDE PEOPLE IN THE TYPHOON CRISIS TODAY WITH HOPE FOR TOMORROW. Donate to the RED CROSS. http://t.co/tgaoRcR\u2026", "user": "Brucetxguy", "id": 399546947054227456}, {"text": "PLEASE PROVIDE PEOPLE IN THE TYPHOON CRISIS TODAY WITH HOPE FOR TOMORROW. Donate to the RED CROSS. http://t.co/tgaoRcRtoD", "user": "StrategicPR_Pro", "id": 399538295610150912}, {"text": "http://t.co/wXlKxD04yL \nPLEASE PROVIDE PEOPLE IN THE TYPHOON CRISIS TODAY WITH HOPE FOR TOMORROW. Donate to the RED CROSS.", "user": "StrategicPR_Pro", "id": 399537306253549569}, {"text": "Isn't it really scary? Knowing that the people who smiled today won't even wake up for tomorrow. They are the strongest I promise.", "user": "hannn7", "id": 399515082352103424}, {"text": "Jealous of people who got to go to the lu! :(\nNight time to get some rest for more studying tomorrow.", "user": "HaileeJo", "id": 399432514919342080}, {"text": "I like The Tomorrow People. Does that count? RT @peterdamien \"I basically like people.\"", "user": "onthebird", "id": 399403019311144960}, {"text": "Cant wait for tomorrow. Looking forward to spending my birthday with all the people in my life that matter \ud83d\udc96", "user": "Bamitsmegan_", "id": 399372042123751426}, {"text": "Went to the mall for an outfit for the game tomorrow, left with a new straightener. Touch\u00e9, mall people", "user": "yelahnewkirk", "id": 399359229263245312}, {"text": "\u201c@BrianCHouston: CHURCH: Where people gather around the Name above every other name - JESUS!\u201d Tomorrow @sugarlandchurch 9 + 11AM!", "user": "davidgamboa", "id": 399340420284440576}, {"text": "Feed between 4-20 people with our customizable Fajita Party Packs! Pre-order now for the Texans game tomorrow, &amp;... http://t.co/xJ0TnnvUmN", "user": "ElReyCubanMex", "id": 399328819469090816}, {"text": "If you didn't check it out today, Art From the Streets is having their second art sale tomorrow from 12-5pm. Amazing art, amazing people.", "user": "becs_wright", "id": 399326850465280000}, {"text": ".@e_architect @outandabout hey, it's the Ultra headquarters from The Tomorrow People. LULZ", "user": "breathesgelatin", "id": 399305635876982785}, {"text": "First day of the market at Bluebonnet and Lamar is tomorrow. I am excited about meeting the people from our new neighborhood!", "user": "BartonCreekFM", "id": 399286698900598784}, {"text": "De cette semaine il me reste sleepy hollow, the blacklist, the tomorrow people, the crazy ones et the vampire diaries :)", "user": "Juicysmg", "id": 399229444377690113}, {"text": "Tomorrow &amp; Monday will be my relaxing days to be with the people I love . \u2764\ufe0f", "user": "azalealoveee", "id": 399229439923335168}, {"text": "The good you do today, people will often forget tomorrow; do good anyway. #MotherTheresa", "user": "ellietassin", "id": 399220073950220289}, {"text": "Be THE ONE who makes a brighter tomorrow for our young people and our community. Support @BGCGH  #Houston #youth http://t.co/mFl3HmGTd1", "user": "Gina_Murphy", "id": 399176488219848704}, {"text": "say all my people on the way to Denton right now or comin later in the day. it will be live tomorrow", "user": "liishaMAC", "id": 399103933626327040}, {"text": "I feel sorry for the people who are going to wake up to my snapchats tomorrow! \ud83d\ude02", "user": "_MiguelAngel15", "id": 399103625315618817}, {"text": "People are going to tailgate at the Nutcracker Market again tomorrow morning. http://t.co/P2mEQK0zSL", "user": "RyanLostinTX", "id": 399078727285366784}, {"text": "Hope people come to the soccer car wash from 10-3 tomorrow at auto zone on fairmont", "user": "SamsonTamijani", "id": 399056678504509440}, {"text": "The fact that it's 12:00 o'clock and several people have to wake up early for Al Region tomorrow.\ud83d\ude05", "user": "a_henson17", "id": 399054388859138048}, {"text": "Hopefully nobody comes to the bank tomorrow.. Don't wanna deal with people ha", "user": "princessashlee1", "id": 399032268850601985}, {"text": "Good luck to the people who's trying out tomorrow", "user": "johnluu99", "id": 399017550136098817}, {"text": "The possibilities of all the people i might see tomorrow &lt;", "user": "bacon_loveer", "id": 399015879469305857}, {"text": "The People's DJ: Gearing Up 4 Tomorrow's 70's Costume Party. Wait Til' U See My Costume...lol.", "user": "djbytedown", "id": 399004469184061441}, {"text": "I got asked to be on two people's team tomorrow for the tournament.", "user": "Lizzbroo", "id": 398974762728185856}, {"text": "How awesome are the people @Tipitinas ? Got offered free tickets for @blackjoelewis tomorrow night! http://t.co/eNNT9hDnzr", "user": "dennis78382", "id": 398943845049569280}, {"text": "I wanted to go to the drake concert. It's going to hit me when 7:00 come tomorrow, when people put up pics/videos of Drake \ue40e", "user": "_toiiii", "id": 398941277766430720}, {"text": "You call them enemies, I call them people who wish they were meat the end of the day saying, I will try again tomorrow,", "user": "Arlean_8571", "id": 398919799327039489}, {"text": "Watch Agents of Shield?\"@iAm__TT: #nw The Tomorrow People S01E01\"", "user": "DsarcasticGhost", "id": 398899306759200768}, {"text": "If you're off to @AudubonZoo tomorrow for the special day for special people, don't forget to share your pictures with us @FHFofSELA too!", "user": "FHFofSELA", "id": 398879400558473216}, {"text": "We hope you'll be going to the Audubon Zoo tomorrow for the special day for special people! Don't forget to share... http://t.co/FkWoLZIt1Q", "user": "FHFofSELA", "id": 398878766899814400}, {"text": "Can't wait until tomorrow. Going to see the Dallas Stars again. It's good to know people!!\ud83d\udc4d\u2026 http://t.co/J7k0AY8AW6", "user": "SheltonPierce", "id": 398877574283407360}, {"text": "U got one request just one !!!!! For the fact that it seem like a lot of people gone be there tomorrow !!!", "user": "BOOKERRRRRR", "id": 398874747540217856}, {"text": "Lawd people bucking on my TL already and the game tomorrow, chill", "user": "CourtCobian_", "id": 398861535357173760}, {"text": "If LSU wins tomorrow, I bet all the bama people will demand a rematch since we're on fall break and it's \"not fair\" #GeauxTigers", "user": "cal_pal2", "id": 398861387700506624}, {"text": "RT @BigPimpiiin: Hey y'all! Let's try this thing tomorrow where more people than just the first two rows of the student section yell! (:", "user": "amandalanter2", "id": 398845228913668096}, {"text": "Nevertheless, it's Friday, the family is coming, and it's the last home game as an undergrad tomorrow! Seize your day people!", "user": "JohnsonTMatthew", "id": 398839645250662400}, {"text": "' these people be coming to my sister house to early in the morning I ain't finna open the door better come back tomorrow", "user": "slimRetawted", "id": 398835752533889025}, {"text": "RT @BigPimpiiin: Hey y'all! Let's try this thing tomorrow where more people than just the first two rows of the student section yell! (:", "user": "reaganmoody96", "id": 398832237921071104}, {"text": "#Is very excited to be hosting the first of my detox and ntrition demos tomorrow. Helping people improve health and wealth is the name of t\u2026", "user": "BROLSONIVLr", "id": 398823482655399936}, {"text": "Come workout at 9 am tomorrow &amp; stay for the \"after party.\" Kristin's baby shower! Bring some food to share &amp; stay for the people &amp; games!", "user": "TheCombineCSC", "id": 398808574316404736}, {"text": "RT @DoubleMTiTo: Grateful for all the people I know have my back &amp; pray that it's the same people tomorrow.", "user": "rmstead_", "id": 398703068906139648}, {"text": "RT @DoubleMTiTo: Grateful for all the people I know have my back &amp; pray that it's the same people tomorrow.", "user": "keiLIMEpie_", "id": 398702844733173760}, {"text": "RT @DoubleMTiTo: Grateful for all the people I know have my back &amp; pray that it's the same people tomorrow.", "user": "taeeesamone", "id": 398702690491850752}, {"text": "RT @DoubleMTiTo: Grateful for all the people I know have my back &amp; pray that it's the same people tomorrow.", "user": "iHouston_Rocket", "id": 398702482034921472}, {"text": "Grateful for all the people I know have my back &amp; pray that it's the same people tomorrow.", "user": "DoubleMTiTo", "id": 398702432852537344}, {"text": "\"@MixKid_BMB: Imma have a few less friends tomorrow and sorry to the people I hurt I don't mean to forgive me\"", "user": "SaraSaidSoxo", "id": 398687234037002241}, {"text": "RT @POINTBLANK713: The Blanket Drive Benefit is Tomorrow People..I wanna see The HTown come out...Support....Bring a Blanket...Thank You ht\u2026", "user": "Fan_of_Messi", "id": 398680449259552768}, {"text": "The Blanket Drive Benefit is Tomorrow People..I wanna see The HTown come out...Support....Bring a Blanket...Thank You http://t.co/osKgMb99ql", "user": "POINTBLANK713", "id": 398680054038671360}, {"text": "RT @Michaelaj24: So @ToriKelly tomorrow? Can't wait! This shall be fun especially cause I'm going with two of the funniest people I know.", "user": "lahomitamo", "id": 398678867029663745}, {"text": "So @ToriKelly tomorrow? Can't wait! This shall be fun especially cause I'm going with two of the funniest people I know.", "user": "Michaelaj24", "id": 398678526779338753}, {"text": "Everyone should wake up tomorrow with the mentality that they are going to make other people smile along with themselvesssss", "user": "DarielaGalindo", "id": 398673556445212672}, {"text": "Some people's good night tweets are more elaborate than my suicide note would be. Calm down. The Internet will still be there tomorrow.\ud83d\udc81", "user": "preyeduhh", "id": 398672109049634816}, {"text": "\u201c@ElSebas___: I feel like taking pictures with people tomorrow just cause it's Friday\u201d seriously feel the same way lol", "user": "BreauxFresh", "id": 398668361183133696}, {"text": "RT @BigPimpiiin: Hey y'all! Let's try this thing tomorrow where more people than just the first two rows of the student section yell! (:", "user": "aubreyycope", "id": 398668322809466880}, {"text": "Bed flow. See you people tomorrow at the play!", "user": "BamfEvan", "id": 398668263992729600}, {"text": "Imma have a few less friends tomorrow and sorry to the people I hurt I don't mean to forgive me", "user": "MixKid_BMB", "id": 398667203131621376}, {"text": "Tomorrow is never promised. So say what you feel,make mistakes, hold on to the people you love even when it's hard.", "user": "IrishGoddessXO", "id": 398665166574731266}, {"text": "RT @BigPimpiiin: Hey y'all! Let's try this thing tomorrow where more people than just the first two rows of the student section yell! (:", "user": "princesshaley01", "id": 398657013443350529}, {"text": "RT @BigPimpiiin: Hey y'all! Let's try this thing tomorrow where more people than just the first two rows of the student section yell! (:", "user": "madisondoerr07", "id": 398656953846480896}, {"text": "RT @BigPimpiiin: Hey y'all! Let's try this thing tomorrow where more people than just the first two rows of the student section yell! (:", "user": "LikeUhBaas", "id": 398656727802863617}, {"text": "RT @BigPimpiiin: Hey y'all! Let's try this thing tomorrow where more people than just the first two rows of the student section yell! (:", "user": "ChloeJanine96", "id": 398656699021524992}, {"text": "RT @BigPimpiiin: Hey y'all! Let's try this thing tomorrow where more people than just the first two rows of the student section yell! (:", "user": "GlavinShannon", "id": 398656691907985409}, {"text": "RT @BigPimpiiin: Hey y'all! Let's try this thing tomorrow where more people than just the first two rows of the student section yell! (:", "user": "MORGANN_DEANN", "id": 398656528913158145}, {"text": "RT @BigPimpiiin: Hey y'all! Let's try this thing tomorrow where more people than just the first two rows of the student section yell! (:", "user": "Shady_H_Haros", "id": 398656482540941312}, {"text": "RT @BigPimpiiin: Hey y'all! Let's try this thing tomorrow where more people than just the first two rows of the student section yell! (:", "user": "kymelsonn", "id": 398656466854215683}, {"text": "RT @BigPimpiiin: Hey y'all! Let's try this thing tomorrow where more people than just the first two rows of the student section yell! (:", "user": "blake_tha_snake", "id": 398656465939881984}, {"text": "Hey y'all! Let's try this thing tomorrow where more people than just the first two rows of the student section yell! (:", "user": "BigPimpiiin", "id": 398656404711428096}, {"text": "@lacieeRenee but they will never master the song of my people. NOT TODAY NOR TOMORROW!!! They need their rights taken away anyways..", "user": "GothikahLIVE", "id": 398635894216749056}, {"text": "CANT FUKEN WAIT TILL TOMORROW!! \"THE ROB'S\" ARE GOING TO SEE @FerryCorsten AT CLUB RIO!! JUST EXCITED TO BE AMOUNG OUR PEOPLE!!", "user": "Robsalazar35Rob", "id": 398634449480347648}, {"text": "Hey people of the world! If you're not going to the game tomorrow you should let me borrow your letterman for a diamond tomorrow. PLEASE! \ud83d\ude4f", "user": "AniiiSaenz", "id": 398631814387867648}, {"text": "@toddforrest03 We're better today. Chilled in the hotel most of the day. We've been overdoing it for two sick people. Lookout mtn tomorrow", "user": "JeremyWanKenobi", "id": 398605986698510336}, {"text": "The Tomorrow People Promo Photos and Video- 1\u00d706 \u201cSorry For Your Loss\u201d http://t.co/QZVHuCYLli via @ThreeIfBySpace", "user": "Thogar", "id": 398596271411175427}, {"text": "Was just told that 150 people from a church group will be at my show tomorrow night. 85% of my jokes have the word \"dick\" in them.", "user": "TonyVinh", "id": 398562236421394433}, {"text": "The fact that I already know people going to the game tomorrow besides my crew is weird", "user": "BeckyJaee", "id": 398561888717398017}, {"text": "PEOPLE ON THE BUS PISS ME OFF OMFG I HOPE I PASS MY DRIVING TEST TOMORROW", "user": "Snowmanarryy", "id": 398552289436119040}, {"text": "Haven't seen a lot of people actually tweet about going to the signing tomorrow....maybe I might end up getting a wristband", "user": "becca_louise99", "id": 398550949528346626}, {"text": "@boDirtt IDK when to do it, only a few people said they're coming and tomorrow after nate's game is the only time that works =/", "user": "seanytoyguns", "id": 398544115131895808}, {"text": "\"@TVbytheNumbers: 'Arrow' Hits Season Highs &amp; 'The Tomorrow People' Gains http://t.co/ZxsiZqNmjC\"", "user": "80sRebelGirl", "id": 398522243611131904}, {"text": "Photoset: phantomrat: Luke \u201cThe Plot\u201d Mitchell did terrific work in the latest The Tomorrow People. It was... http://t.co/1n1njiMKZ6", "user": "MinaDarling94", "id": 398504761227771904}, {"text": "Won't get to See my people tomorrow but the ones I will are family too.", "user": "Yellabug_Love", "id": 398498000517230592}, {"text": "oi are you going on the beach camp tomorrow? \u2014 socialising with people from this school? ha I think not http://t.co/a1XSv69GV5", "user": "lissagiedraitis", "id": 398422791252627456}, {"text": "#JeremyJacobs Not over here they're not, Came back from feeding the ponies and people were struggling, I'll call you tomorrow, Nighty night", "user": "marcellamiub", "id": 398385164490788866}, {"text": "The white people got scared off. See y'all tomorrow lol", "user": "iAmMrZer0", "id": 398347898871500800}, {"text": "RT @VoicesOfThKingd: Remember everyone is not going to be in your corner but that doesn't mean you are doing the wrong thing! God holds tom\u2026", "user": "Howie75Long", "id": 398344295838531585}, {"text": "RT @VoicesOfThKingd: Remember everyone is not going to be in your corner but that doesn't mean you are doing the wrong thing! God holds tom\u2026", "user": "Classy_LadyA", "id": 398334596573839361}, {"text": "RT @VoicesOfThKingd: Remember everyone is not going to be in your corner but that doesn't mean you are doing the wrong thing! God holds tom\u2026", "user": "milton_brad", "id": 398332201130921984}, {"text": "Remember everyone is not going to be in your corner but that doesn't mean you are doing the wrong thing! God holds tomorrow not people!", "user": "VoicesOfThKingd", "id": 398331295589076992}, {"text": "@MarkRPellegrino Supernatural, and now you seem to be an even worse bad guy in The Tomorrow People..great job :)", "user": "sharon32652", "id": 398318723091554304}, {"text": "Can I be one of the Tomorrow People now. I need to teleport to town.", "user": "dinoissac", "id": 398316222460067840}, {"text": "Photo: I just unlocked the The Tomorrow People: All Tomorrow\u2019s Parties sticker on GetGlue 7491 others have... http://t.co/Ibd2H6JELp", "user": "HermioneDuh", "id": 398315286396690432}, {"text": "RT @TheDenizYalcin: hate the people who don't have school tomorrow", "user": "maddiemichaud6", "id": 398309511099727873}, {"text": "hate the people who don't have school tomorrow", "user": "TheDenizYalcin", "id": 398308889382248449}, {"text": "The Tomorrow People. \ud83d\udc4c", "user": "_SoXeeN_", "id": 398303423151362048}, {"text": "Photo: I\u2019m watching The Tomorrow People 6849 others are also watching. The Tomorrow People on http://t.co/8O2F83bVGR http://t.co/YjZ4ZY87oK", "user": "MzzEccentriK", "id": 398293784657948672}, {"text": "The Tomorrow People - All Tomorrow's Parties http://t.co/YOkvnFfFIs", "user": "AshleyEpidemic", "id": 398283508352708608}, {"text": "Photo: I\u2019m watching The Tomorrow People 5582 others are also watching. The Tomorrow People on http://t.co/yEVTdWXL1O http://t.co/KAqpIZwAED", "user": "Cali_Oso", "id": 398277984714776576}, {"text": "Photo: I just unlocked the The Tomorrow People: All Tomorrow\u2019s Parties sticker on GetGlue 4690 others have... http://t.co/EYz0OkD2pO", "user": "Cali_Oso", "id": 398277984698003456}, {"text": "I really like The Tomorrow People. Also my sis checked out my rash and thinks I am turning into a kanima. Woo. Teen Woof!", "user": "hercircumstance", "id": 398276959941033984}, {"text": "Photo: I just unlocked the The Tomorrow People: All Tomorrow\u2019s Parties sticker on GetGlue 4540 others have... http://t.co/YphTBbH5KZ", "user": "docinaustin", "id": 398276706186051584}, {"text": "Photo: I\u2019m watching The Tomorrow People 5421 others are also watching. The Tomorrow People on http://t.co/UEVzoLKMyo http://t.co/0e82xbRJzc", "user": "docinaustin", "id": 398276704978075648}, {"text": "Photo: I just unlocked the The Tomorrow People: All Tomorrow\u2019s Parties sticker on GetGlue 4518 others have... http://t.co/Wyj3jZ3MzZ", "user": "amedievalgenius", "id": 398276452732661760}, {"text": "Photo: I\u2019m watching The Tomorrow People 5386 others are also watching. The Tomorrow People on http://t.co/4B3paXNWv4 http://t.co/LuB0YGEUS9", "user": "amedievalgenius", "id": 398276452401287168}, {"text": "Im offering my help on this group project due tomorrow &amp; these 2 people are doing all the work..ummm", "user": "LoveJasminn", "id": 398276375053742080}, {"text": "Photo: I just unlocked the The Tomorrow People: All Tomorrow\u2019s Parties sticker on GetGlue 3187 others have... http://t.co/AoYHg1jaco", "user": "stephdc", "id": 398274469808328705}, {"text": "It's \"All Tomorrow's Parties\" on 'The Tomorrow People' TONIGHT at 8pm. #CWtp http://t.co/uu5RKRUCF3", "user": "CWLakeCharles", "id": 398267425889988608}, {"text": "I'm watching The Tomorrow People (2013) (1342 others are watching) http://t.co/2dAOxqUnx5 #GetGlue @cwtp", "user": "Rhettoric_1", "id": 398256361848729600}, {"text": "@alysiamedrano alright ! Just let me finish about 10 chocolates I have left. I have people who are giving me the money tomorrow during class", "user": "j_castelan9", "id": 398249833477062656}, {"text": "@zoocat I hope there is none tomorrow? Well, should still be some people that aren't going to the game I guess.", "user": "theronaldbrown", "id": 398242139999854592}, {"text": "RT @ginsamichelle: If I died tomorrow id die complete bc I am loved and have loved unconditionally towards the people most important in my \u2026", "user": "Gabrielaaa_7", "id": 398239211985203201}, {"text": "Check out a preview of TONIGHT's all-new 'The Tomorrow People' airing at 8pm. #CWtp http://t.co/eGjzUX1XHg", "user": "CWLakeCharles", "id": 398238526321750016}, {"text": "RT @gcntoday: Here's Jill's feature on the man - &amp; mind- behind the film fest . . . . kicks off in Fairhope tomorrow!\nhttp://t.co/Lwfk0xRhqc", "user": "GulfCoastEvents", "id": 398222199284563969}, {"text": "The Tomorrow People @cwtp tonight at 8! #thecwaustin #entertainmentnow", "user": "TheCWAustin", "id": 398209095792332801}, {"text": "RT @andrealhorton: The NATS people are gonna freak out tomorrow when they get to campus and everyone is wearing black. #sicemNATS #Everyone\u2026", "user": "solangesings", "id": 398195927355113472}, {"text": "Check out The Tomorrow People Site http://t.co/XPfLtawtWj #TheTomorrowPeople via @ttpsite", "user": "TJMcDaddy", "id": 398189789549051904}, {"text": "We're all a bunch of messed up people doing the best we can most days. Sometimes people suck. Forgive them anyways, you'll need it tomorrow.", "user": "MoutonCourtney", "id": 398173198111346688}, {"text": "The NATS people are gonna freak out tomorrow when they get to campus and everyone is wearing black. #sicemNATS #EveryoneInBlack", "user": "andrealhorton", "id": 398169485774827520}, {"text": "I'm so excited! We have 14 people signed up for our ZOO WORKSHOP on sketching animals TOMORROW\u2026the weather will be... http://t.co/21Fb9ql5Ez", "user": "BlueEaselClub", "id": 398169213975556096}, {"text": "Getting to the game early tomorrow because I'm only 4'11 and can't see over all these tall people that go to Baylor... #RefuseToBeFarAway", "user": "queenrey_", "id": 398126315800244224}, {"text": "RT @AmyGranbery: I just voted for The Tomorrow People #newtvdrama #PeoplesChoice. Retweet to vote http://t.co/NyIGamCA6P via @peopleschoice", "user": "shinetroian", "id": 398118972086046721}, {"text": "I just voted for The Tomorrow People #newtvdrama #PeoplesChoice. Retweet to vote http://t.co/NyIGamCA6P via @peopleschoice", "user": "AmyGranbery", "id": 398114423555907584}, {"text": "Things, situations, and people may be here today and gone tomorrow, but the promises He has made to\u2026 http://t.co/O3w30hzhlj", "user": "brytolove", "id": 398085862027960320}, {"text": "\u201cEducation is our passport to the future, for tomorrow belongs to the people who prepare for it today.\u201d - Malcolm X", "user": "Travis_Co_News", "id": 398085047984869376}]