[{"text": "Yup, that's the Klaus we know from Vampire Diaries.. \ud83d\ude0c #feelingsorry #Episode7 #TheOriginals @JosephMorgan", "user": "desvaj", "id": 400805937583521792}, {"text": "Vampire Diaries 100th Episode: The Cast Dishes Spoilers: http://t.co/aSaREZQi7N via @youtube", "user": "LacySOS", "id": 400796665054908418}, {"text": "\u201c@dxncing: if i could just date damon from the vampire diaries life would be perfect\u201d same omf", "user": "_fuhker", "id": 400792565525405696}, {"text": "RT @kathppetrova: vinte e cinco , The Vampire Diaries #scifitv #PeoplesChoice", "user": "delenamyreason", "id": 400779325559308288}, {"text": "RT @kathppetrova: vinte e seis , The Vampire Diaries #scifitv #PeoplesChoice", "user": "delenamyreason", "id": 400779189223440384}, {"text": "RT @kathppetrova: vinte e sete , The Vampire Diaries #scifitv #PeoplesChoice", "user": "delenamyreason", "id": 400779126862520320}, {"text": "RT @kathppetrova: vinte e oito , The Vampire Diaries #scifitv #PeoplesChoice", "user": "delenamyreason", "id": 400779095296180224}, {"text": "RT @kathppetrova: dezenove  The Vampire Diaries #scifitv #PeoplesChoice", "user": "_larissa_bg", "id": 400774692946341888}, {"text": "Crying so much at the vampire diaries", "user": "robynbrownn", "id": 400766680231854080}, {"text": "RT @MandyMcCowen: Ladies and gentlemen Klaus from Vampire Diaries is in the TAMUCC library... http://t.co/ocdeFDn53U", "user": "princessmeg0227", "id": 400750645101080576}, {"text": "dude if marcel kills klaus then the vampire diaries will be over bc he sired their bloodline lmao", "user": "mxrinasbieber", "id": 400746102196273152}, {"text": "Ladies and gentlemen Klaus from Vampire Diaries is in the TAMUCC library... http://t.co/ocdeFDn53U", "user": "MandyMcCowen", "id": 400740673088802816}, {"text": "so if the Glee thing runs out, Elliot could be the long lost cousin of Elena and Jeremy on The Vampire Diaries. #randomteenshowship", "user": "buffy522", "id": 400725641156251648}, {"text": "RT Enter to #win Blackened Silver and Gold Marquise Necklace - As Seen on The Vampire Diaries from @HeidiLee_Design http://t.co/zb5ZzmeGyR", "user": "leblancpatti", "id": 400724176467533824}, {"text": "I just entered to #win &amp; you can too: \"Blackened Silver and Gold Marquise Necklace - A...\". Enter the #giveaway here: http://t.co/zb5ZzmeGyR", "user": "leblancpatti", "id": 400724136210599936}, {"text": "#vampire diaries I loved the episode from last nite, but you all need to put more episodes of werewolves in and not make them look so weak.", "user": "CbChantel", "id": 400721284310368256}, {"text": "RT @Abbddii_G: THE VAMPIRE DIARIES IS GOING IN !", "user": "Adiva_CMAR", "id": 400719937159061504}, {"text": "THE VAMPIRE DIARIES IS GOING IN !", "user": "Abbddii_G", "id": 400718053912371200}, {"text": "Watch Ian Somerhalder Previewing The Vampire Diaries Season 5 (Spoilers) http://t.co/NduuxPcvqS", "user": "TheOriginalsFam", "id": 400693680635252736}, {"text": "RT @smoIderhoIic: @mrsexyhalder The vampire diaries #scifishow #peopleschoice", "user": "SmoldyStyle_", "id": 400665890083315712}, {"text": "RT @smoIderhoIic: @mrsexyhalder The vampire diaries #scifishow #peopleschoice", "user": "mrsexyhalder", "id": 400664641678082048}, {"text": "The vampire diaries #scifishow #PeoplesChoice", "user": "smoIderhoIic", "id": 400663984035995649}, {"text": "@mrsexyhalder The vampire diaries #scifishow #peopleschoice", "user": "smoIderhoIic", "id": 400659329700745216}, {"text": "@SykesMySavior @ThoseBandsILike lmao ive been watching vampire diaries minzmaan and the orginals has a better story line. Plus devina is hot", "user": "MahmoudWolf", "id": 400650289214410752}, {"text": "@MissClaireHolt ahh I love you in the orginals my favorite character since Vampire Diaries\u2665", "user": "MahmoudWolf", "id": 400648820872478720}, {"text": "I just wanna get home and watch the vampire diaries. Is that too much to ask? \ue40b", "user": "mawgann1357", "id": 400624363268882432}, {"text": "Watch The Vampire Diaries Season 5 Episode 6 Online http://t.co/8KUYVzqwVs", "user": "charissa_pacleb", "id": 400584919224569857}, {"text": "Is The Vampire Diaries Season 5 the Best Season Yet? http://t.co/zCh5Av2h8K", "user": "ObeyMoralElijah", "id": 400581184549560320}, {"text": "RT @toriHargrave: I have three words for you, The. Vampire. Diaries.", "user": "jmescoto26", "id": 400506814418395136}, {"text": "RT @toriHargrave: I have three words for you, The. Vampire. Diaries.", "user": "tayy_b", "id": 400504593135992832}, {"text": "I have three words for you, The. Vampire. Diaries.", "user": "toriHargrave", "id": 400504529239568384}, {"text": "RT @KlausIsImmortal: I'm starting to like the Originals more than the vampire diaries. #TheOriginals", "user": "EverlarkFaye", "id": 400479213423460352}, {"text": "RT @KlausIsImmortal: I'm starting to like the Originals more than the vampire diaries. #TheOriginals", "user": "sherlockwhofan", "id": 400478963568357376}, {"text": "I'm that girl that watches The Vampire Diaries. Hi, I'm lame.", "user": "leamandaaa", "id": 400478312390082560}, {"text": "I'm starting to like the Originals more than the vampire diaries. #TheOriginals", "user": "KlausIsImmortal", "id": 400478039936892928}, {"text": "RT @TheOriginalsTV: RT if you love The Vampire Diaries and The Originals! #TVD #TheOriginals http://t.co/K6ijsfwqfh", "user": "Raw_Bunch", "id": 400440596948860928}, {"text": "the vampire diaries cast is a match made in heaven.", "user": "akinnaaa", "id": 400440200909692928}, {"text": "@MURDERJAYY lol you see the way he left vampire diaries last week...he's done haha", "user": "KingSkyfall", "id": 400431669968007169}, {"text": "Watching the vampire diaries with brother.", "user": "raaapunzeeel_", "id": 400430002287566848}, {"text": "Just started The vampire diaries season 4 \ud83d\udc96", "user": "AndrewScott1127", "id": 400415468021764096}, {"text": "5 Reasons Why The Originals Is Better Than The Vampire Diaries http://t.co/aXTCZ3BiTa via @YahooTV", "user": "CorbinC2009", "id": 400403534962626561}, {"text": "Freaking out at the end of vampire diaries omdgwysveuxhsh", "user": "arrrbigail", "id": 400397568783683584}, {"text": "@SuperMeme4g @JosephMorgan Klaus from the Vampire Diaries", "user": "HaileyKirkland", "id": 400392511299923968}, {"text": "RT @Star411J: Vampire diaries marathon i can watch these episodes over and over from the beginning. Love it!", "user": "toribrodiex", "id": 400379761962524672}, {"text": "RT @Star411J: Vampire diaries marathon i can watch these episodes over and over from the beginning. Love it!", "user": "ashleighgrahamx", "id": 400379634011099137}, {"text": "Vampire diaries marathon i can watch these episodes over and over from the beginning. Love it!", "user": "Star411J", "id": 400379244053667840}, {"text": "RT Enter to #win Blackened Silver and Gold Marquise Necklace - As Seen on The Vampire Diaries from @HeidiLee_Design http://t.co/zb5ZzmeGyR", "user": "leblancpatti", "id": 400364429906178050}, {"text": "I just entered to #win &amp; you can too: \"Blackened Silver and Gold Marquise Necklace - A...\". Enter the #giveaway here: http://t.co/zb5ZzmeGyR", "user": "leblancpatti", "id": 400364388894261248}, {"text": "RT @originalstvfans: .@daniellemcam at the #TVD100 party for The Vampire Diaries' 100th episode! http://t.co/qJq6HUKgiw", "user": "AyliineCparfaii", "id": 400330338108702720}, {"text": "@TorreyJDeVitto I miss you in the vampire diaries!", "user": "thatsalisha", "id": 400324904039743488}, {"text": "Yo quiero :( \"@ATLCW: Check out pictures from the #TVD100 party this past Saturday right here in #Atlanta: http://t.co/5MPJwk54ji\"", "user": "vicentesay", "id": 400318212208091136}, {"text": "RT @TheOriginalsTV: RT if you love The Vampire Diaries and The Originals! #TVD #TheOriginals http://t.co/K6ijsfwqfh", "user": "lievechen", "id": 400302093434507264}, {"text": "RT @originalstvfans: .@DanielJGillies at the #TVD100 party for The Vampire Diaries' 100th episode! http://t.co/XJr1pFYomA", "user": "TheMissJulie", "id": 400295135332032512}, {"text": "RT @wishingJomo: 5 Reasons Why The Originals Is Better Than The Vampire Diaries http://t.co/hx97MGH5tf via @tvguide", "user": "JoMosDimple", "id": 400262978672787456}, {"text": "5 Reasons Why The Originals Is Better Than The Vampire Diaries http://t.co/hx97MGH5tf via @tvguide", "user": "wishingJomo", "id": 400253629027737600}, {"text": "RT @originalstvfans: .@DanielJGillies at the #TVD100 party for The Vampire Diaries' 100th episode! http://t.co/XJr1pFYomA", "user": "AyliineCparfaii", "id": 400247463078281216}, {"text": "RT @originalstvfans: .@CarlesMD at the #TVD100 party for The Vampire Diaries' 100th episode! http://t.co/2k7Bh3Z8z8", "user": "AyliineCparfaii", "id": 400247415129010176}, {"text": "RT @TheOriginalsTV: RT if you love The Vampire Diaries and The Originals! #TVD #TheOriginals http://t.co/K6ijsfwqfh", "user": "Teeyance", "id": 400178899025690624}, {"text": "in a way i dont want to get up to date w the vampire diaries bc then i cant watch as many episodes as i want whenever i want", "user": "hobbitonhoran", "id": 400156698049933314}, {"text": "To watch the vampire diaries or to not", "user": "LinaaMacc", "id": 400155665315790848}, {"text": "RT @originalstvfans: .@DanielJGillies at the #TVD100 party for The Vampire Diaries' 100th episode! http://t.co/XJr1pFYomA", "user": "hkraisa", "id": 400153139602407424}, {"text": "RT @originalstvfans: .@1PhoebeJTonkin and @MissClaireHolt at the #TVD100 party for The Vampire Diaries' 100th episode! http://t.co/HocDqAn0\u2026", "user": "vamplover_2011", "id": 400152239681335296}, {"text": "Christina is prolly gonna kill me tmrw at work because I neglected 2 episodes of the walking dead so I can watch vampire diaries lol.", "user": "TokyoDotCom", "id": 400150744541585409}, {"text": "I enjoyed my off day today, I stayed in the bed all day and watched vampire diaries with pearl.", "user": "TokyoDotCom", "id": 400149771588866048}, {"text": "RT @TheOriginalsTV: RT if you love The Vampire Diaries and The Originals! #TVD #TheOriginals http://t.co/K6ijsfwqfh", "user": "Steffniy", "id": 400144000885485568}, {"text": "@alyamazeing you're lucky you or Netflix , Vampire Diaries is the shit", "user": "Robert_K_08", "id": 400136636756803584}, {"text": "RT @TheOriginalsTV: What you miss on the last episode of the season 4 of The Vampire Diaries. #TVD http://t.co/aTuDE6Da0V", "user": "YaasmminnR", "id": 400133313161330688}, {"text": "RT @TheOriginalsTV: What you miss on the last episode of the season 4 of The Vampire Diaries. #TVD http://t.co/aTuDE6Da0V", "user": "KhertoBrown", "id": 400131986838142976}, {"text": "RT @TheOriginalsTV: RT if you love The Vampire Diaries and The Originals! #TVD #TheOriginals http://t.co/K6ijsfwqfh", "user": "KhertoBrown", "id": 400131370452004864}, {"text": "\"The Vampire Diaries\" Celebration Bash for Their 100th Episode! http://t.co/uMRoxPqpqC", "user": "SoTaylorKitsch", "id": 400116431331016704}, {"text": "Who would of thought I'd be into The Vampire Diaries..", "user": "its_shahan", "id": 400116182583230464}, {"text": "RT @teesebabyy: @foreverronniee the end of season 2 for vampire diaries \ud83d\ude11. Stefan is still sexy when he's a bad boy", "user": "foreverronniee", "id": 400102713079246848}, {"text": "The Originals \u2764\ufe0f The Vampire Diaries", "user": "ImBNNS", "id": 400098240541904896}, {"text": "@foreverronniee the end of season 2 for vampire diaries \ud83d\ude11. Stefan is still sexy when he's a bad boy", "user": "teesebabyy", "id": 400098019611521024}, {"text": "\ud83d\ude0d klaus (Joseph Morgan) from The Vampire Diaries. \ud83d\ude0d #mcm #sexy http://t.co/E1DEQNKkNF", "user": "eatyursoul21", "id": 400095931020091392}, {"text": "RT @jannakayy: @Chelsea_Marie50 vampire Diaries...always the vampire diaries", "user": "Chelsea_Marie50", "id": 400079521279664128}, {"text": "@Chelsea_Marie50 vampire Diaries...always the vampire diaries", "user": "jannakayy", "id": 400079405797875712}, {"text": "@csanangelo_15 lol of course, I just been really addicted to vampire diaries lately that as soon as I finish an episode I gotta see the next", "user": "TokyoDotCom", "id": 400073473386500096}, {"text": "RT @originalstvfans: .@DanielJGillies at the #TVD100 party for The Vampire Diaries' 100th episode! http://t.co/XJr1pFYomA", "user": "norwichslvatore", "id": 400064229278887936}, {"text": "Can Klaus please come back to The Vampire Diaries? Please.", "user": "SmileItsCaro", "id": 400059217882537985}, {"text": "RT @TheOriginalsTV: RT if you love The Vampire Diaries and The Originals! #TVD #TheOriginals http://t.co/K6ijsfwqfh", "user": "StelenaAlways__", "id": 400026740048666624}, {"text": "VAMPIRE DIARIES, that was the worst phlebotomy technique I've ever seen! No blood would go in that tube! 90 degree angle and too deep! no!", "user": "PhantomBookBlog", "id": 400014239001112576}, {"text": "RT @Sakwah_Apdoul: T33n wolf \"@mss_aysaah: \u201c@Rahma_sadau: \"@Questionnier_: Your favourite series movie ? The Vampire Diaries!\u201d Game of thro\u2026", "user": "m_deekay", "id": 400010494779850752}, {"text": "T33n wolf \"@mss_aysaah: \u201c@Rahma_sadau: \"@Questionnier_: Your favourite series movie ? The Vampire Diaries!\u201d Game of thrones\"", "user": "Sakwah_Apdoul", "id": 400009834650955776}, {"text": "I'm watching taylor in the vampire diaries @ladygaga he's so fucking cuteee omg", "user": "_ProudMonster", "id": 399999022142062592}, {"text": "RT @TheOriginalsTV: RT if you love The Vampire Diaries and The Originals! #TVD #TheOriginals http://t.co/K6ijsfwqfh", "user": "vaaniimalhotra", "id": 399998361119784961}, {"text": "RT Enter to #win Blackened Silver and Gold Marquise Necklace - As Seen on The Vampire Diaries from @HeidiLee_Design http://t.co/zb5ZzmeGyR", "user": "leblancpatti", "id": 399993185239195648}, {"text": "I just entered to #win &amp; you can too: \"Blackened Silver and Gold Marquise Necklace - A...\". Enter the #giveaway here: http://t.co/zb5ZzmeGyR", "user": "leblancpatti", "id": 399993155551911936}, {"text": "RT @originalstvfans: .@DanielJGillies at the #TVD100 party for The Vampire Diaries' 100th episode! http://t.co/XJr1pFYomA", "user": "_StayStrong_123", "id": 399986559698878464}, {"text": "RT @originalstvfans: .@1PhoebeJTonkin and @MissClaireHolt at the #TVD100 party for The Vampire Diaries' 100th episode! http://t.co/HocDqAn0\u2026", "user": "KaterinaPeirce", "id": 399984232757727233}, {"text": "RT @originalstvfans: .@daniellemcam at the #TVD100 party for The Vampire Diaries' 100th episode! http://t.co/qJq6HUKgiw", "user": "adam_ayala", "id": 399980129180741632}, {"text": "RT @originalstvfans: .@leahmariepipes at the #TVD100 party for The Vampire Diaries' 100th episode! http://t.co/yD6cuXZuJj", "user": "adam_ayala", "id": 399980115289178112}, {"text": "RT @originalstvfans: .@Maniella at the #TVD100 party for The Vampire Diaries' 100th episode! http://t.co/AitQTGxzi0", "user": "FontanaVi", "id": 399977490929967105}, {"text": "RT @originalstvfans: .@DanielJGillies at the #TVD100 party for The Vampire Diaries' 100th episode! http://t.co/XJr1pFYomA", "user": "FontanaVi", "id": 399977447363719169}, {"text": "RT @originalstvfans: .@CarlesMD at the #TVD100 party for The Vampire Diaries' 100th episode! http://t.co/2k7Bh3Z8z8", "user": "FontanaVi", "id": 399977407719145472}, {"text": "RT @originalstvfans: .@DanielJGillies at the #TVD100 party for The Vampire Diaries' 100th episode! http://t.co/XJr1pFYomA", "user": "Ismael_AAR", "id": 399977304245698561}, {"text": "RT @originalstvfans: .@daniellemcam at the #TVD100 party for The Vampire Diaries' 100th episode! http://t.co/qJq6HUKgiw", "user": "Moe1O", "id": 399976832520704000}, {"text": "RT @originalstvfans: .@daniellemcam at the #TVD100 party for The Vampire Diaries' 100th episode! http://t.co/qJq6HUKgiw", "user": "httpsmoonwalker", "id": 399974095095627776}, {"text": "RT @originalstvfans: .@DanielJGillies at the #TVD100 party for The Vampire Diaries' 100th episode! http://t.co/XJr1pFYomA", "user": "ohniklaus", "id": 399973882855456768}, {"text": "RT @originalstvfans: .@DanielJGillies at the #TVD100 party for The Vampire Diaries' 100th episode! http://t.co/XJr1pFYomA", "user": "cassiithebest", "id": 399973740496576512}, {"text": "RT @originalstvfans: .@CarlesMD at the #TVD100 party for The Vampire Diaries' 100th episode! http://t.co/2k7Bh3Z8z8", "user": "tvdangels", "id": 399973578923581440}, {"text": "RT @originalstvfans: .@DanielJGillies at the #TVD100 party for The Vampire Diaries' 100th episode! http://t.co/XJr1pFYomA", "user": "tvdangels", "id": 399973566286155776}, {"text": "RT @originalstvfans: .@Maniella at the #TVD100 party for The Vampire Diaries' 100th episode! http://t.co/AitQTGxzi0", "user": "tvdangels", "id": 399973549253095424}, {"text": "RT @originalstvfans: .@daniellemcam at the #TVD100 party for The Vampire Diaries' 100th episode! http://t.co/qJq6HUKgiw", "user": "tvdangels", "id": 399973541497831424}, {"text": "RT @originalstvfans: .@leahmariepipes at the #TVD100 party for The Vampire Diaries' 100th episode! http://t.co/yD6cuXZuJj", "user": "tvdangels", "id": 399973526339584001}, {"text": "RT @originalstvfans: .@1PhoebeJTonkin and @MissClaireHolt at the #TVD100 party for The Vampire Diaries' 100th episode! http://t.co/HocDqAn0\u2026", "user": "tvdangels", "id": 399973428931092481}, {"text": "RT @originalstvfans: .@CarlesMD at the #TVD100 party for The Vampire Diaries' 100th episode! http://t.co/2k7Bh3Z8z8", "user": "avengedmika", "id": 399973369510391808}, {"text": ".@CarlesMD at the #TVD100 party for The Vampire Diaries' 100th episode! http://t.co/2k7Bh3Z8z8", "user": "originalstvfans", "id": 399973134600007680}, {"text": "RT @originalstvfans: .@daniellemcam at the #TVD100 party for The Vampire Diaries' 100th episode! http://t.co/qJq6HUKgiw", "user": "HdHdBshBsh", "id": 399972891087101952}, {"text": ".@DanielJGillies at the #TVD100 party for The Vampire Diaries' 100th episode! http://t.co/XJr1pFYomA", "user": "originalstvfans", "id": 399972827996360704}, {"text": "RT @originalstvfans: .@Maniella at the #TVD100 party for The Vampire Diaries' 100th episode! http://t.co/AitQTGxzi0", "user": "HdHdBshBsh", "id": 399972827983773696}, {"text": ".@Maniella at the #TVD100 party for The Vampire Diaries' 100th episode! http://t.co/AitQTGxzi0", "user": "originalstvfans", "id": 399972706852278272}, {"text": ".@daniellemcam at the #TVD100 party for The Vampire Diaries' 100th episode! http://t.co/qJq6HUKgiw", "user": "originalstvfans", "id": 399972526409134080}, {"text": ".@leahmariepipes at the #TVD100 party for The Vampire Diaries' 100th episode! http://t.co/yD6cuXZuJj", "user": "originalstvfans", "id": 399972275224842240}, {"text": "RT @originalstvfans: .@1PhoebeJTonkin and @MissClaireHolt at the #TVD100 party for The Vampire Diaries' 100th episode! http://t.co/HocDqAn0\u2026", "user": "AlyssaNichole_", "id": 399970217616748544}, {"text": "RT @originalstvfans: .@1PhoebeJTonkin and @MissClaireHolt at the #TVD100 party for The Vampire Diaries' 100th episode! http://t.co/HocDqAn0\u2026", "user": "adam_ayala", "id": 399970023143653376}, {"text": "RT @originalstvfans: .@1PhoebeJTonkin and @MissClaireHolt at the #TVD100 party for The Vampire Diaries' 100th episode! http://t.co/HocDqAn0\u2026", "user": "TVD_TOlover", "id": 399969687368630272}, {"text": "RT @originalstvfans: .@1PhoebeJTonkin and @MissClaireHolt at the #TVD100 party for The Vampire Diaries' 100th episode! http://t.co/HocDqAn0\u2026", "user": "_KellyJLSx", "id": 399968996185104384}, {"text": "RT @originalstvfans: .@1PhoebeJTonkin and @MissClaireHolt at the #TVD100 party for The Vampire Diaries' 100th episode! http://t.co/HocDqAn0\u2026", "user": "chocolateboyPTI", "id": 399968767184478208}, {"text": ".@1PhoebeJTonkin and @MissClaireHolt at the #TVD100 party for The Vampire Diaries' 100th episode! http://t.co/HocDqAn0MK", "user": "originalstvfans", "id": 399968701178724352}, {"text": "RT @TheCeremonials: This season and last season of The Vampire Diaries is FUCKING A + !!!!", "user": "ThisIsShardae_", "id": 399963493396668417}, {"text": "Follow @JoeMorganFans and you\u2019ll actually have the chance to win TVD on blu-ray and a Team Klaus shirt! http://t.co/jjN5l6qX32 #JMFGiveAway", "user": "suzsexton", "id": 399962338813411328}, {"text": "RT @TheOriginalsTV: RT if you love The Vampire Diaries and The Originals! #TVD #TheOriginals http://t.co/K6ijsfwqfh", "user": "danilediaz", "id": 399961319455334400}, {"text": "Nina Dobrev Stuns At \u2018The Vampire Diaries\u2019 100th Episode Celebration http://t.co/CjheEVjmxw", "user": "JennyBruck", "id": 399947408131362816}, {"text": "RT @TheOriginalsTV: RT if you love The Vampire Diaries and The Originals! #TVD #TheOriginals http://t.co/K6ijsfwqfh", "user": "Azoify", "id": 399946605140250624}, {"text": "RT @TheOriginalsTV: RT if you love The Vampire Diaries and The Originals! #TVD #TheOriginals http://t.co/K6ijsfwqfh", "user": "_ImCheshire", "id": 399944463688015872}, {"text": "Paul Wesley Celebrates 100 Episodes of THE VAMPIRE DIARIES: http://t.co/WSAgCRMya7 via @youtube", "user": "LacySOS", "id": 399944261925236736}, {"text": "RT @TheOriginalsTV: RT if you love The Vampire Diaries and The Originals! #TVD #TheOriginals http://t.co/K6ijsfwqfh", "user": "Celia_Castanedo", "id": 399942852777869312}, {"text": "Dont suppose anyone knows where I can watch The Vampire Diaries season 4?", "user": "SnapPopCrackle", "id": 399942346386591745}, {"text": "RT @TheOriginalsTV: RT if you love The Vampire Diaries and The Originals! #TVD #TheOriginals http://t.co/K6ijsfwqfh", "user": "TorqLynxs", "id": 399940935372791808}, {"text": "RT @calymichelle4: vampire diaries has the best soundtrack\ud83d\udc9e\ud83c\udfb6", "user": "GavinCape9", "id": 399939698132398080}, {"text": "RT @TheOriginalsTV: RT if you love The Vampire Diaries and The Originals! #TVD #TheOriginals http://t.co/K6ijsfwqfh", "user": "mafervega6", "id": 399939188935905280}, {"text": "RT @TheOriginalsTV: RT if you love The Vampire Diaries and The Originals! #TVD #TheOriginals http://t.co/K6ijsfwqfh", "user": "OxyTechz", "id": 399938949566967808}, {"text": "RT @TheOriginalsTV: RT if you love The Vampire Diaries and The Originals! #TVD #TheOriginals http://t.co/K6ijsfwqfh", "user": "ObeyHumidd", "id": 399938843710742528}, {"text": "vampire diaries has the best soundtrack\ud83d\udc9e\ud83c\udfb6", "user": "calymichelle4", "id": 399938268847812608}, {"text": "Ian Somerhalder, Nina Dobrev &amp; The Vampire Diaries Cast Celebrate 100 Blood Sucking Episodes! http://t.co/zFE6AiSOp9", "user": "JennyBruck", "id": 399937294695555072}, {"text": "The Vampire Diaries marathon. I have a problem \u2764\ufe0f", "user": "tantay07", "id": 399933922064080896}, {"text": "I just wanna watch the vampire diaries man ):", "user": "najellly", "id": 399932810900688896}, {"text": "The Vampire Diaries 5x07 Extended Promo Death and the Maiden [Legendado ...: http://t.co/1zqs1OBXk6 via @youtube", "user": "GirlofJamie", "id": 399928118380462080}, {"text": "Photoset: iamsohopeless: Nina PERFECT Dobrev in The Vampire Diaries Fall Promo http://t.co/zslW4ci9m4", "user": "smoIderhoIic", "id": 399914612701032448}, {"text": "RT @TheCeremonials: This season and last season of The Vampire Diaries is FUCKING A + !!!!", "user": "LaurenNelson10", "id": 399912557622083584}, {"text": "The Vampire Diaries #scifitv #PeoplesChoice", "user": "smoIderhoIic", "id": 399903808987205632}, {"text": "RT @TheCeremonials: This season and last season of The Vampire Diaries is FUCKING A + !!!!", "user": "jessiegreek17", "id": 399896204878049280}, {"text": "Katherine Looking Elegant! Get the Katherine Look - http://t.co/bYTU8TxQa0 &lt;3 http://t.co/Un7c1Oxz1f", "user": "MustMerch", "id": 399892522379771904}, {"text": "RT @TheCeremonials: This season and last season of The Vampire Diaries is FUCKING A + !!!!", "user": "mr_besafe", "id": 399872453406916608}, {"text": "It's 1:33 AM. &amp; I'm still up watching The Vampire Diaries Season 4 with my sister.", "user": "Cassi3Br3w3r", "id": 399801999534727168}, {"text": "i really need to a edit a video \n\nbut \n\nthe vampire diaries", "user": "hobbitonhoran", "id": 399777057917267968}, {"text": "RT @paypay_sam: I wish I was a character off the vampire diaries and just turn my emotions off. Lol", "user": "cgrantham_", "id": 399767254402752512}, {"text": "I wish I was a character off the vampire diaries and just turn my emotions off. Lol", "user": "paypay_sam", "id": 399766998340497408}, {"text": "I've watched \"Handle With Care\" (S5 E6) of The Vampire Diaries (via @tvshowtracker)", "user": "wanderlustlover", "id": 399753835419148288}, {"text": "I've watched \"Monster's Ball\" (S5 E5) of The Vampire Diaries (via @tvshowtracker)", "user": "wanderlustlover", "id": 399753834928406528}, {"text": "RT @TheOriginalsTV: RT if you love The Vampire Diaries and The Originals! #TVD #TheOriginals http://t.co/K6ijsfwqfh", "user": "isabelsteingone", "id": 399752044480720896}, {"text": "The Vampire Diaries 5\u00d707 Extended Promo \u2013 Death and the Maiden http://t.co/jOAQKGRzdn via @ThreeIfBySpace", "user": "Thogar", "id": 399740445216886784}, {"text": "\"@moore_mae: @IIAmMahSelf where did u say u watch the vampire diaries on?\" I made an account on hulu cause of the free trial then canceled", "user": "IIAmMahSelf", "id": 399738354855469056}, {"text": "Finished The Vampire Diaries on Netflix. What am I to do with my life now ?", "user": "jayrokk17", "id": 399728336307363841}, {"text": "@TheTVShows @NiallersCrews I am in love with the vampire diaries it's become an addiction", "user": "wild_angie_", "id": 399696449241632768}, {"text": "RT @Daisy_Kalie: Vampire diaries has gone down the drain...the same drain that 90210 travelled down.", "user": "Berna_JN", "id": 399660605680136192}, {"text": "Vampire diaries has gone down the drain...the same drain that 90210 travelled down.", "user": "Daisy_Kalie", "id": 399656608239988736}, {"text": "I would sing during my Sunday study sesh but everyone else in the room is watching Vampire Diaries and I don't wanna be a bother \ud83d\ude14", "user": "V_Joy15", "id": 399640611961069568}, {"text": "RT @mikethemovieguy: @TheVRO Recap Show: 'The Vampire Diaries \u2013 Monster\u2019s Ball &amp; Handle With Care' [podcast] #TVD #tvdfamily -&gt; http://t.co\u2026", "user": "FANdemoniumNet", "id": 399619484354236416}, {"text": "RT @mikethemovieguy: @TheVRO Recap Show: 'The Vampire Diaries \u2013 Monster\u2019s Ball &amp; Handle With Care' [podcast] #TVD #tvdfamily -&gt; http://t.co\u2026", "user": "AbsolutTwilight", "id": 399619484018675712}, {"text": "@TheVRO Recap Show: 'The Vampire Diaries \u2013 Monster\u2019s Ball &amp; Handle With Care' [podcast] #TVD #tvdfamily -&gt; http://t.co/W0d20bCS8g", "user": "mikethemovieguy", "id": 399619385134153728}, {"text": "Recap Show: \u2018The Vampire Diaries \u2013 Monster\u2019s Ball &amp; Handle With Care\u2019 [podcast] http://t.co/GyR6vCYlpC", "user": "iwatchmike", "id": 399618879363620865}, {"text": "RT Enter to #win Blackened Silver and Gold Marquise Necklace - As Seen on The Vampire Diaries from @HeidiLee_Design http://t.co/zb5ZzmeGyR", "user": "leblancpatti", "id": 399615254797094913}, {"text": "I just entered to #win &amp; you can too: \"Blackened Silver and Gold Marquise Necklace - A...\". Enter the #giveaway here: http://t.co/zb5ZzmeGyR", "user": "leblancpatti", "id": 399615189303058432}, {"text": "RT @btwdobrev: Nina Dobrev #scifiactress #PeoplesChoice Ian Somerhalder #scifiactor #PeoplesChoice The Vampire Diaries #scifitv #PeoplesCho\u2026", "user": "dobrevasjustice", "id": 399606941246586880}, {"text": "RT @btwdobrev: Nina Dobrev #scifiactress #PeoplesChoice Ian Somerhalder #scifiactor #PeoplesChoice The Vampire Diaries #scifitv #PeoplesCho\u2026", "user": "drewxvely", "id": 399605018393055233}, {"text": "RT @btwdobrev: Nina Dobrev #scifiactress #PeoplesChoice Ian Somerhalder #scifiactor #PeoplesChoice The Vampire Diaries #scifitv #PeoplesCho\u2026", "user": "thirlsdobrev", "id": 399604490317627392}, {"text": "The Vampire Diaries 5x07 - Season 5 Episode 7 Extended Preview/Promo \"De...: http://t.co/SCuquL76go", "user": "GirlofJamie", "id": 399603883518857217}, {"text": "RT @vaagga14: Happy 100th episode of The Vampire Diaries everyone. The most perfect cast in the whole world. #TVD100. http://t.co/ZqCdIYceu\u2026", "user": "peoplealleave", "id": 399602443694395392}, {"text": "Happy 100th episode of The Vampire Diaries everyone. The most perfect cast in the whole world. #TVD100. http://t.co/ZqCdIYceuy\"", "user": "vaagga14", "id": 399602115296772098}, {"text": "Its real awesome to see the love people have for The Originals and The Vampire Diaries", "user": "ObeyMoralElijah", "id": 399583405035503617}, {"text": "@TheOlgaFonda  You are a great actress,and you are very beautiful in \"real steel\" and in \"the vampire diaries\" *-*", "user": "SimonadiStasio", "id": 399582618586329088}, {"text": "@Ihnatko @Jon_Alper @dnanian half are on The Vampire Diaries (yes I watch it with kiddo...)", "user": "rgoodwin", "id": 399575098379628544}, {"text": "\u2018The Vampire Diaries\u2019 Stars Michael Trevino and Nina Dobrev Hang With Drake [PHOTOS] http://t.co/qRo1QSN4VU", "user": "Club7radio", "id": 399552957509009408}, {"text": "'The Vampire Diaries' Stars Michael Trevino and Nina Dobrev Hang With Drake [PHOTOS] http://t.co/JzqVTa4a4d", "user": "921KISSFM", "id": 399547364022579202}, {"text": "Photoset: Charles Michael Davis,Joseph Morgan and Persia White backstage during\u00a0\u00a0\"The Vampire Diaries\" 100th... http://t.co/nZUsU5UM7a", "user": "toriginalsnews", "id": 399531348383522816}, {"text": "Photoset: Boys on the red carpet during\u00a0\u00a0\"The Vampire Diaries\" 100th episode celebration http://t.co/i2O48TssS4", "user": "toriginalsnews", "id": 399530898825416704}, {"text": "Photoset: \u00a0\u201dThe Vampire Diaries\u201d 100th episode celebration http://t.co/XzeYQ1GrhZ", "user": "toriginalsnews", "id": 399530223991259136}, {"text": "Photoset: Girls on the red carpet during\u00a0\u00a0\"The Vampire Diaries\" 100th episode celebration http://t.co/NbVzSIAIk2", "user": "toriginalsnews", "id": 399529312950697984}, {"text": "Photoset: Cast during interviews at \u201cThe Vampire Diaries\u201d 100th episode celebration http://t.co/MCjSr40RqL", "user": "toriginalsnews", "id": 399528757050241024}, {"text": "Just started The Vampire Diaries. #SallRight", "user": "llenaredoblado", "id": 399417417304002560}, {"text": "Just finished season 4 of Vampire Diaries on Netflix!! Now I just have to watch all the ones from this season on dvr! @ReneeMcDermott", "user": "AndiTate", "id": 399410924156882944}, {"text": "Thank you @GeekChic21 for giving me +K about The Vampire Diaries! http://t.co/qAuCylyKbW", "user": "pookiekitty62", "id": 399401739654148096}, {"text": "i love the vampire diaries that is all", "user": "hobbitonhoran", "id": 399392176586489856}, {"text": "the cast of the vampire diaries tonight omg they are such a hot group of people", "user": "mxrinasbieber", "id": 399366756411518976}, {"text": "I started watching the vampire diaries this in late October... I am now on season 5 of the vampire diaries.", "user": "taylor_byas", "id": 399338671788158976}, {"text": "@hectorRmz compared me to Elena from the vampire diaries. You know good addiction is real.", "user": "sincerelyeloisa", "id": 399332506333233152}, {"text": "The Vampire Diaries \ud83d\udc97\ud83d\udc97 #TVD", "user": "dulce_lluvia", "id": 399324403516715008}, {"text": "@AshleyPrince28 the Vampire Diaries oh my god don't judge till you try it", "user": "Chlo_Bugly", "id": 399312804718465024}, {"text": "RT Enter to #win Blackened Silver and Gold Marquise Necklace - As Seen on The Vampire Diaries from @HeidiLee_Design http://t.co/zb5ZzmeGyR", "user": "leblancpatti", "id": 399299785284259840}, {"text": "I just entered to #win &amp; you can too: \"Blackened Silver and Gold Marquise Necklace - A...\". Enter the #giveaway here: http://t.co/zb5ZzmeGyR", "user": "leblancpatti", "id": 399299750622531584}, {"text": "Being on Xbox with @geekyconor when he's watching The Vampire Diaries is truly amazing", "user": "CallumIJRitchie", "id": 399285240943767552}, {"text": "Photoset: television\u2019s finest ladies \u2605 Caroline Forbes (The Vampire Diaries) So you\u2019re saying now I\u2019m an... http://t.co/ZR0crxmPio", "user": "smoIderhoIic", "id": 399273523845533696}, {"text": "I cannot watch any twilight movies anymore due to the fact it comes nowhere near the beauty of vampire diaries.", "user": "lovedarobot", "id": 399256557587673089}, {"text": "Photo: Ian Somerhalder - The Vampire Diaries S5 promo photo http://t.co/qxX0V2S6oV", "user": "MinaDarling94", "id": 399252545212006401}, {"text": "Season four finale of the vampire diaries just blew my mind. #thanksnetflix", "user": "dom2470", "id": 399235096076906496}, {"text": "De cette semaine il me reste sleepy hollow, the blacklist, the tomorrow people, the crazy ones et the vampire diaries :)", "user": "Juicysmg", "id": 399229444377690113}, {"text": "RT @DianaOcman: The vampire diaries\ud83c\udf38", "user": "AdrianaRmz66", "id": 399209347235860480}, {"text": "The vampire diaries\ud83c\udf38", "user": "DianaOcman", "id": 399208550741729280}, {"text": "My friend is spending the night tomorrow so we can watch a The Vampire Diaries marathon bc we're losers, lol.", "user": "maleehaha_xoxo", "id": 399192482551844864}, {"text": "Gonna jump on my elliptical, see how many miles I can put in while watching the newest episodes of Shark Tank, Vampire Diaries, and Dracula.", "user": "VeeFergie", "id": 399180995536371712}, {"text": "My mom just asked, \"was Marcel on the Vampire Diaries? I don't remember seeing him.\"", "user": "80sRebelGirl", "id": 399158594027126784}, {"text": "RT @TheOriginalsTV: RT if you love The Vampire Diaries and The Originals! #TVD #TheOriginals http://t.co/K6ijsfwqfh", "user": "savlarr73", "id": 399098189896491008}, {"text": "RT @TheOriginalsTV: RT if you love The Vampire Diaries and The Originals! #TVD #TheOriginals http://t.co/K6ijsfwqfh", "user": "zoesavage", "id": 399094884705271808}, {"text": "RT @Syafiranasha: \"@cwtvd: Watch the latest full episode of #TVD now! http://t.co/7ufbRhY7SJ http://t.co/ehfxFZyr0U\"", "user": "ElenMitaEngland", "id": 399061045848711168}, {"text": "The Vampire Diaries, GO!", "user": "nwahs086", "id": 399059186148843521}, {"text": "RT @lawdejesus: #nowwatching: #WhiteCollar 05X04 - Controlling Interest\nthen: The Vampire Diaries 05X06 - Handle With Care #TVD", "user": "EnairaJacob", "id": 399058105830739968}, {"text": "#nowwatching: #WhiteCollar 05X04 - Controlling Interest\nthen: The Vampire Diaries 05X06 - Handle With Care #TVD", "user": "lawdejesus", "id": 399056879797547008}, {"text": "\"@cwtvd: Watch the latest full episode of #TVD now! http://t.co/7ufbRhY7SJ http://t.co/ehfxFZyr0U\"", "user": "Syafiranasha", "id": 399054796151201792}, {"text": "Watching the vampire diaries with pearl.", "user": "TokyoDotCom", "id": 399052403472752640}, {"text": "The Absolute Best Lines from Last Night's Vampire Diaries http://t.co/nBe1MpS5da", "user": "technospunky", "id": 399041124020400128}, {"text": "all the episodes I watch of supernatural or vampire diaries is some intense sex scene. \ud83d\ude12 can you not", "user": "b_misscat", "id": 399032485234753536}, {"text": "The vampire diaries right now!", "user": "beyoonkeer", "id": 399032343286919168}, {"text": "I just grabbed my brothers Aggie Ring and asked if that's how he walks in the sun.... THE VAMPIRE DIARIES IS TAKING OVER MY LIFE", "user": "Hanna_Smith17", "id": 399030440348352512}, {"text": "Is the vampire diaries good? \ud83d\ude33", "user": "Vannah_Wannahh", "id": 399021533550886912}, {"text": "I'm so addicted to The Vampire Diaries, its unhealthy.", "user": "MaddieMoore06", "id": 399019574693068800}, {"text": "So is this new Dracula the vampire diaries for grown ups?", "user": "BooksAreLovex3", "id": 399012186489495553}, {"text": "@StylesIsFit THE VAMPIRE DIARIES!!!", "user": "_radicalum", "id": 399009879274184704}, {"text": "\"My next song was featured in a little show called The Vampire Diaries\" **queue a violent uproar from ravenous women in crowd**", "user": "Loko_7", "id": 399004578743463936}, {"text": "Gotta catch up on The Vampire Diaries!", "user": "M_0niiiiiiii", "id": 398996960008339456}, {"text": "@KeithnHeather17 @FYeahTheoRossi thank you it was so awesome meeting them and The vampire diaries is awesome this season has been crazy", "user": "mystique3333", "id": 398961731872907264}, {"text": "I'm watching The Vampire Diaries (257 others are watching) http://t.co/fY3YZEDxtV #GetGlue @CWTVD", "user": "Rhettoric_1", "id": 398938825835429888}, {"text": "Rewatching the Vampire Diaries has consumed my life at this point #bye", "user": "emilynavarro_", "id": 398928648352182272}, {"text": "The Vampire Diaries 5x07 Trailer: http://t.co/yUS6SMKS1x", "user": "RebekahM_TOD", "id": 398915435283771392}, {"text": "Finally on season two of the Vampire Diaries!", "user": "taylaunga", "id": 398913889380741121}, {"text": "I was falling asleep watching Vampire Diaries but the second I put on greek I cant sleep..", "user": "brittnycrowds", "id": 398903350835421184}, {"text": "\"I'm like a supernatural Madonna\" -best line on the Vampire Diaries to DATE", "user": "Lucia_Bell", "id": 398891661226295296}, {"text": "RT Enter to #win Blackened Silver and Gold Marquise Necklace - As Seen on The Vampire Diaries from @HeidiLee_Design http://t.co/zb5ZzmeGyR", "user": "leblancpatti", "id": 398863465630035968}, {"text": "I just entered to #win &amp; you can too: \"Blackened Silver and Gold Marquise Necklace - A...\". Enter the #giveaway here: http://t.co/zb5ZzmeGyR", "user": "leblancpatti", "id": 398863438773903361}, {"text": "Confused as to why the vampire diaries was recorded on our dvr then I remembered it must be @m_c_keaton recording this madness", "user": "alexhammay", "id": 398857033648062464}, {"text": "Work time, AKA catch up on Vampire Diaries, Grey's Anatomy, The Carrie Diaries &amp; Hart of Dixie. yahhh I need a new job lol", "user": "CocoPattillo", "id": 398855991288025089}, {"text": "the vampire diaries", "user": "babeiloveyoux3", "id": 398853078004555776}, {"text": "I've become addicted to The Vampire Diaries, it's all I ever watch on my free time! @ninadobrev @paulwesley @iansomerhalder @cwtvd", "user": "anhellanthony", "id": 398851362206650368}, {"text": "Babysitting at 7:30 in the morning today. #longday probably gonna try and hit up my hulu to watch vampire diaries and glee", "user": "MegMegBabyMeg", "id": 398827702347501570}, {"text": "RT @TheOriginalsTV: RT if you love The Vampire Diaries and The Originals! #TVD #TheOriginals http://t.co/K6ijsfwqfh", "user": "LaraLarabe", "id": 398821410581524480}, {"text": "'The Originals': Michael Trevino talks Tyler's revenge against Klaus, being the first 'Vampire Diaries'... http://t.co/tORdckOUuu", "user": "toriginalsnews", "id": 398817875529850880}, {"text": "#SKUPDATES [DOWNLOAD] THE VAMPIRE DIARIES SEASON 5 EPISODE 6 (HANDLE WITH CARE): If you find... http://t.co/Yj9ySR7AYx via SIRKENAYO_NET", "user": "_seyiiiiii", "id": 398813233139572736}, {"text": "RT @originalstvfans: #TheOriginals Spoiler Bomb: Bosses dish on #TVD Crossover Episode, Elijah and Hayley's connection and more. http://t.c\u2026", "user": "TonkinSource", "id": 398766387789058048}, {"text": "RT @originalstvfans: #TheOriginals Spoiler Bomb: Bosses dish on #TVD Crossover Episode, Elijah and Hayley's connection and more. http://t.c\u2026", "user": "zident", "id": 398748266415669249}, {"text": "RT @Saysaybeth21: @Ninadobrev211 Everyone follow my new twitter I post everything about The Vampire Diaries or nina will post a lot  of pic\u2026", "user": "Ninadobrev211", "id": 398747194637180928}, {"text": "@Ninadobrev211 Everyone follow my new twitter I post everything about The Vampire Diaries or nina will post a lot  of pictures!! Please RT", "user": "Saysaybeth21", "id": 398744753959079936}, {"text": "Seriously, it's like Cher Horowitz wrote a screenplay contemplating the meaning of life coached in terms for Twilight/Vampire Diaries fans.", "user": "CommanderBlanx", "id": 398743498322493440}, {"text": "Rebekah &amp; Stefan in Season 4 The Vampire Diaries. I swear this place is haunted. Your crushing my arm. RT http://t.co/uvbEMe3o3s", "user": "Ninadobrev211", "id": 398736985915146240}, {"text": "Friday = The Big Bang Theory, Grey's Anatomy, Vampire Diaries, Two &amp; A Half Men. #Happiness", "user": "KimalMaharaj", "id": 398718076226899968}, {"text": "Just watched the vampire diaries latest episode.", "user": "Huiling_Vamps", "id": 398699179046080512}, {"text": "Nearly everyone has a damn leather jacket in the vampire diaries", "user": "Mister_Sanchezz", "id": 398689825340940288}, {"text": "I don't watch the vampire diaries until tomorrow so all you Damian lovers hush for the night \ud83d\udc7b\ud83d\udc4a  (it's better without commercials)", "user": "CocoPattillo", "id": 398687072510164993}, {"text": "Watching The Vampire Diaries", "user": "roger_aegui01", "id": 398684392643911680}, {"text": "\u201c@mariasirens: whoever watches the vampire diaries and likes Stefan more than Damon bye bye bye goodbye\u201d tbh", "user": "rubanaire", "id": 398684384770793472}, {"text": "Almost time till I get to watch the new vampire diaries. (:", "user": "April_Bearz16", "id": 398683797580812288}, {"text": "OMG WITH THE VAMPIRE DIARIES!", "user": "jennimeetsworld", "id": 398681945082568704}, {"text": "RT @Eddie100987: @somerdovbers the vampire diaries", "user": "somerdovbers", "id": 398678092513693696}, {"text": "@somerdovbers the vampire diaries", "user": "Eddie100987", "id": 398677893271654400}, {"text": "If they cut out the first part of vampire diaries cause Thursday night lights ran long, I'm gonna rage.", "user": "alli_gutierrez", "id": 398667709367341057}, {"text": "up on vampire diaries oh god cant believe she dumped damien shocked now to watch true blood let the blood n guts begin", "user": "Nasisha71vLapit", "id": 398660508028375040}, {"text": "Photo: I just unlocked the The Vampire Diaries: Handle with Care sticker on GetGlue 3183 others have also... http://t.co/82U3y6KNFw", "user": "amedievalgenius", "id": 398657326020059136}, {"text": "RT @TheOriginalsTV: RT if you love The Vampire Diaries and The Originals! #TVD #TheOriginals http://t.co/K6ijsfwqfh", "user": "beeivelisse", "id": 398654685491773440}, {"text": "I am lowkey obsessed with the vampire diaries.", "user": "AshlyWilkrsn", "id": 398653545727025152}, {"text": "\"@JerickaMatthews: \u201c@HoochieMaster: Can't wait for #VampireDiaries\u201d omgee yes!\" The originals and vampire diaries is my shit", "user": "HoochieMaster", "id": 398652126458417153}, {"text": "\u2018Vampire Diaries\u2019 Recap: A Shadow From The Past Poses A Triple Threat http://t.co/IFp5PQDepq", "user": "JennyBruck", "id": 398651746915856384}, {"text": "\u2018The Vampire Diaries\u2019 \u2018Handle With Care\u2019 Recap: Die Another Day http://t.co/7F17yuSxah", "user": "Club7radio", "id": 398651672668667904}, {"text": "Starting to freaking hate Thursday Night Lights. It's getting in the way of my Vampire Diaries time !!!! I want Vamps not HS Football", "user": "MellieRose7711", "id": 398649621699756032}, {"text": "Another crappy episode of Vampire Diaries! So disappointing that they seem determined to ruin the show with the insane love triangle.", "user": "lateVMlover", "id": 398648815139299328}, {"text": "RT @domagas_madison: Why cant the men in Vampire Diaries live in Katy \ud83d\ude11\ud83d\ude0d", "user": "sammodaro", "id": 398646604737286144}, {"text": "Yo wait let's also talk about how crazy The Vampire Diaries was tonight. and how much I love Katherine.", "user": "mermaidking", "id": 398646272456146945}, {"text": "RT @domagas_madison: Why cant the men in Vampire Diaries live in Katy \ud83d\ude11\ud83d\ude0d", "user": "rebecca_harle3", "id": 398645127423352832}, {"text": "vampire diaries is hands down the best show in the entire world if you haven't seen i deeply feel sorry for you and highly encourage you too", "user": "ayeshapatel3", "id": 398644329981304832}, {"text": "\u201c@domagas_madison: Why cant the men in Vampire Diaries live in Katy \ud83d\ude11\ud83d\ude0d\u201d Idc about the rest I just want Damen", "user": "NicholaAubuchon", "id": 398644318300540928}, {"text": "RT @Malyssak: The way Elena cries in Vampire Diaries is so ugly", "user": "AshleyBlamey", "id": 398643911427502080}, {"text": "The Vampire Diaries tonight was intense.. \ud83d\ude01", "user": "LondonMarie_16", "id": 398642591073173504}, {"text": "I'm watching The Vampire Diaries (9758 others are watching) http://t.co/Ium1lkxeIf #GetGlue @CWTVD", "user": "BeeGeeXD", "id": 398642567740678144}, {"text": "RT @domagas_madison: Why cant the men in Vampire Diaries live in Katy \ud83d\ude11\ud83d\ude0d", "user": "MeganAshleyy1", "id": 398642486706331648}, {"text": "RT @TheOriginalsTV: RT if you love The Vampire Diaries and The Originals! #TVD #TheOriginals http://t.co/K6ijsfwqfh", "user": "AnaCanada_", "id": 398640841679331328}, {"text": "Photo: I just unlocked the The Vampire Diaries: Handle with Care sticker on GetGlue 3138 others have also... http://t.co/5NcOhzrIuB", "user": "HeyyRosa", "id": 398638224459186176}, {"text": "Re-watching The Vampire Diaries on Netflix \ud83d\udc95", "user": "verawank", "id": 398636617553809408}, {"text": "So does anyone know if vampire diaries is next after the stupid football game?\ud83d\ude12", "user": "quelmarie4", "id": 398635689912184832}, {"text": "RT @mahinn_ali: Vampire Diaries never fails to keep me anxiously waiting for the next episode #TVD", "user": "kaitlinnxbaby", "id": 398634215543410688}, {"text": "RT @mahinn_ali: Vampire Diaries never fails to keep me anxiously waiting for the next episode #TVD", "user": "Sarieberry97", "id": 398634053622308864}, {"text": "RT @mahinn_ali: Vampire Diaries never fails to keep me anxiously waiting for the next episode #TVD", "user": "Vous_Etes__Beau", "id": 398633728446304256}, {"text": "RT @mahinn_ali: Vampire Diaries never fails to keep me anxiously waiting for the next episode #TVD", "user": "Aiir_amo", "id": 398632983168823297}, {"text": "RT @mahinn_ali: Vampire Diaries never fails to keep me anxiously waiting for the next episode #TVD", "user": "KanyshaSays", "id": 398632893812985857}, {"text": "The Vampire Diaries is hands down one of the worst shows on television! It's like a bad soap opera that ran out of ideas and said \"Vampires\"", "user": "jbiz13", "id": 398632788485623808}, {"text": "Vampire Diaries never fails to keep me anxiously waiting for the next episode #TVD", "user": "mahinn_ali", "id": 398632704125988864}, {"text": "The Vampire Diaries everyone shut up", "user": "_jazelleperez", "id": 398632568826105856}, {"text": "Sorry bout the football tweets lady followers. I'll live tweet vampire diaries or something next week to be fair. \ud83d\ude02", "user": "t_kuban", "id": 398631492017852417}, {"text": "@DSunesara and you watch vampire diaries?! are you also watching the originals?", "user": "SellaAyvazian", "id": 398630480678903808}, {"text": "So I'm waiting for #Reign to start &amp; I'm watching Vampire Diaries for the 1st time... I don't get why people like it...", "user": "johannap42610", "id": 398629810609467392}, {"text": "Oh mm ghee! I can't with The Vampire Diaries #tvd", "user": "IamMrFancy", "id": 398629041231519744}, {"text": "RT @_iCARLYYY: \"Insert weekly I love the vampire diaries tweet \"", "user": "Dayleighshaaaaa", "id": 398628512434647040}, {"text": "\"Insert weekly I love the vampire diaries tweet \"", "user": "_iCARLYYY", "id": 398628326434013184}, {"text": "I been watchin the FUCK outa vampire diaries.", "user": "OfficialBeezy_", "id": 398626068669546496}, {"text": "RT @BlondeBelle122: I miss the old Vampire Diaries", "user": "NCclass_", "id": 398625203284353024}, {"text": "\u201c@charlee_fischer: I'm so upset that I have missed the past three episodes of Vampire Diaries\ud83d\ude2d\u201d", "user": "Carrigan_Marcia", "id": 398625037587976192}, {"text": "RT @BlondeBelle122: I miss the old Vampire Diaries", "user": "Rachel_Neilson", "id": 398623715698544640}, {"text": "RT @BlondeBelle122: I miss the old Vampire Diaries", "user": "JessieMcWhorter", "id": 398622305917890561}, {"text": "I miss the old Vampire Diaries", "user": "BlondeBelle122", "id": 398621930745376770}, {"text": "\u201c@TVDfangatic: Can Candice send me to the Vampire Diaries set please.\u201d", "user": "klausundies", "id": 398621108301484032}, {"text": "The vampire diaries&lt;3", "user": "MonikaaMcr666", "id": 398620700870598656}, {"text": "Ugh! My dad is watching the game and I wanna watch the vampire diaries! !!", "user": "ibnz2004", "id": 398618236171718656}, {"text": "Photo: I just unlocked the The Vampire Diaries: Handle with Care sticker on GetGlue 4540 others have also... http://t.co/4oKzP1Qpgu", "user": "TVNerd95", "id": 398617925193826305}, {"text": "Photo: I\u2019m watching The Vampire Diaries 5143 others are also watching. The Vampire Diaries on http://t.co/Bv3YWNnD3o http://t.co/gGYCxAElJK", "user": "TVNerd95", "id": 398617925034455040}, {"text": "On my way home to watch The Vampire Diaries. My life has meaning now!! LOL #TVD", "user": "DracaenaRedwood", "id": 398617471441043456}, {"text": "The vampire diaries is onnnnnn.\ud83d\ude0d", "user": "LoveAlondra20", "id": 398616715023491074}, {"text": "The vampire diaries ! \u2764\ufe0f\ud83d\ude0a", "user": "azalealoveee", "id": 398616693708058624}, {"text": "Photo: I just unlocked the The Vampire Diaries: Handle with Care sticker on GetGlue 3145 others have also... http://t.co/ZIMWeWfcb0", "user": "MHerdez1972", "id": 398616625777491968}, {"text": "Photo: I\u2019m watching The Vampire Diaries 4291 others are also watching. The Vampire Diaries on http://t.co/4w5vipz97l http://t.co/QUUdydLZ7i", "user": "MHerdez1972", "id": 398616625257394176}, {"text": "RT @_giseller: the vampire diaries, finally \ud83d\ude04", "user": "pack_taylor", "id": 398616247270535168}, {"text": "I hate my life right now! The Vampire Diaries and The Voice are going to be on at the same time !!! @cwtvd @NBCTheVoice why????", "user": "1DM5BSBTheMaine", "id": 398614987297390593}, {"text": "First time in 3 seasons that I'll be able to watch an episode of The Vampire Diaries on the night it airs!! #SOPUMPED", "user": "killaakayyy", "id": 398614967831646208}, {"text": "I'm watching The Vampire Diaries (2829 others are watching) http://t.co/HkuvwuHjgj #GetGlue @CWTVD", "user": "HeatherRAllen", "id": 398614577757585408}, {"text": "The Vampire Diaries in 10 mins :D", "user": "Leesuh5", "id": 398613007090999296}, {"text": "RT @AlluringWolf_: Theu Vampire Diaries &amp; The Originals [AU] || Royals of Orleans || Time of our lifes {BTV} http://t.co/tMX0Gto6NH via @yo\u2026", "user": "JailedBrunetteK", "id": 398611992459501568}, {"text": "Theu Vampire Diaries &amp; The Originals [AU] || Royals of Orleans || Time of our lifes {BTV} http://t.co/tMX0Gto6NH via @youtube", "user": "AlluringRose_", "id": 398611800117088256}, {"text": "RT @originalstvfans: Complete songlistbfor #TheOriginals: Fruit of the Poisoned Tree. (EP106) http://t.co/gOEiz7opL3 #TVD", "user": "vampirediries9", "id": 398607570283556864}, {"text": "RT @originalstvfans: #TheOriginals Spoiler Bomb: Bosses dish on #TVD Crossover Episode, Elijah and Hayley's connection and more. http://t.c\u2026", "user": "tvdangels", "id": 398603279770615808}, {"text": "RT @originalstvfans: Complete songlistbfor #TheOriginals: Fruit of the Poisoned Tree. (EP106) http://t.co/gOEiz7opL3 #TVD", "user": "tvdangels", "id": 398603263098249216}, {"text": "RT @originalstvfans: People's Choice Awards 2014 \u2013 Vote! Vote! Vote! For your favorite Vampire Diaries and The Originals stars. http://t.co\u2026", "user": "tvdangels", "id": 398603183540695040}, {"text": "RT @originalstvfans: The Vampire Diaries' Trevino to bring answers to The Originals. http://t.co/vP2vKaLD5b", "user": "tvdangels", "id": 398603171846963200}, {"text": "I'm watching The Vampire Diaries (778 others are watching) http://t.co/fY3YZEDxtV #GetGlue @CWTVD", "user": "Rhettoric_1", "id": 398602019730358272}, {"text": "I'm watching The Vampire Diaries (729 others are watching) http://t.co/fY3YZEDxtV #GetGlue @CWTVD", "user": "Rhettoric_1", "id": 398601993553707008}, {"text": "#TheOriginals Spoiler Bomb: Bosses dish on #TVD Crossover Episode, Elijah and Hayley's connection and more. http://t.co/sStQ3JwN9O", "user": "originalstvfans", "id": 398600847745384448}, {"text": "Complete songlistbfor #TheOriginals: Fruit of the Poisoned Tree. (EP106) http://t.co/gOEiz7opL3 #TVD", "user": "originalstvfans", "id": 398600613606731777}, {"text": "RT @originalstvfans: The Vampire Diaries' Trevino to bring answers to The Originals. http://t.co/vP2vKaLD5b", "user": "GailsIsHappy", "id": 398599741610921984}, {"text": "RT @originalstvfans: People's Choice Awards 2014 \u2013 Vote! Vote! Vote! For your favorite Vampire Diaries and The Originals stars. http://t.co\u2026", "user": "Biahnascimento_", "id": 398599423057338368}, {"text": "Does anyone have netflix :p I wanna finish watching season 4 of the vampire diaries.", "user": "MemoEvanRoss", "id": 398599405697114112}, {"text": "It's not even 6 and it's dark out. If it wasn't for the new Vampire Diaries at 7 I would be asleep", "user": "Madzyz", "id": 398599293956681728}, {"text": "People's Choice Awards 2014 \u2013 Vote! Vote! Vote! For your favorite Vampire Diaries and The Originals stars. http://t.co/g1u9UI8s4h", "user": "originalstvfans", "id": 398598915484024832}, {"text": "The Vampire Diaries' Trevino to bring answers to The Originals. http://t.co/vP2vKaLD5b", "user": "originalstvfans", "id": 398598709766029312}, {"text": "RT @originalstvfans: New promo for #OpenGrave with @JosephMorgan front and center. #TheOriginals #TVD http://t.co/6gvpBnlo6a", "user": "born_the_brave_", "id": 398597992028323840}, {"text": "Can't wait to watch Vampire Diaries and The Originals !!! eeeeeeek.", "user": "MurkasiN", "id": 398593230666620932}, {"text": "Sneak peak of an all-new 'The Vampire Diaries' TONIGHT at 7pm. #CWtvd http://t.co/GjAEe6KujF", "user": "CWLakeCharles", "id": 398586257741455361}, {"text": "The way Elena cries in Vampire Diaries is so ugly", "user": "Malyssak", "id": 398584894848122880}, {"text": "The Vampire Diaries and Scandal are on tonight ahhhh I can't wait #scandal #vampirediaries #lovethursdaynighttv", "user": "Marilee_992", "id": 398580770995847168}, {"text": "And to make it even better, The Vampire Diaries and Reign comes on tonight!!! :3", "user": "heyytheredalila", "id": 398575330077597696}, {"text": "RT @tori_ornelas: OMG GLEE AND VAMPIRE DIARIES ARE ON TONIGHT! PLEASE DON'T BE AT THE SAME TIME \ud83d\ude2d\ud83d\ude2d", "user": "itsanelisia_", "id": 398574883874938880}, {"text": "OMG GLEE AND VAMPIRE DIARIES ARE ON TONIGHT! PLEASE DON'T BE AT THE SAME TIME \ud83d\ude2d\ud83d\ude2d", "user": "tori_ornelas", "id": 398574651242078210}, {"text": "I'm somewhat, kinda, very obsessed with The Vampire Diaries \ud83d\ude08\u2764\ufe0f", "user": "Morganeliz2012", "id": 398574266309808128}, {"text": "\"@tvdnews: [V-D Net] The Originals In Review: Fruit of the Poisoned Tree (EP106) - An Apple Bright http://t.co/fcIgJiKGH4 #TVD #TheOriginals", "user": "80sRebelGirl", "id": 398573475776180224}, {"text": "RT @TheOriginalsTV: RT if you love The Vampire Diaries and The Originals! #TVD #TheOriginals http://t.co/K6ijsfwqfh", "user": "SmouldyBlueEyes", "id": 398566807583612928}, {"text": "RT @TheOriginalsTV: RT if you love The Vampire Diaries and The Originals! #TVD #TheOriginals http://t.co/K6ijsfwqfh", "user": "laur5461", "id": 398566761974726656}, {"text": "Being sick today has allowed me to catch up on The Originals and Vampire Diaries", "user": "morganks607", "id": 398559139007188992}, {"text": "Catching up on Vampire Diaries &amp; The Originals. Oddly, I feel sad again for Amy Winehouse's death. She coulda had sick vamp-propriate songs.", "user": "MiguelATX", "id": 398545890450735104}, {"text": "THE VAMPIRE DIARIES COMES ON TONIGHT FUCK YYAAAHHHH", "user": "StylesTitHoran", "id": 398517180079169536}, {"text": "RT @leblancpatti: RT Enter to #win Blackened Silver and Gold Marquise Necklace - As Seen on The Vampire Diaries from @HeidiLee_Design http:\u2026", "user": "Giantkat", "id": 398516964030951424}, {"text": "RT Enter to #win Blackened Silver and Gold Marquise Necklace - As Seen on The Vampire Diaries from @HeidiLee_Design http://t.co/zb5ZzmeGyR", "user": "leblancpatti", "id": 398515659207737345}, {"text": "I just entered to #win &amp; you can too: \"Blackened Silver and Gold Marquise Necklace - A...\". Enter the #giveaway here: http://t.co/zb5ZzmeGyR", "user": "leblancpatti", "id": 398515598641995776}, {"text": "RT @Marcmywords2: If Bram Stoker had known ,\nthat Dracula would eventually \nlead to The Vampire Diaries,\nhe'd a driven a stake through\nhis \u2026", "user": "SiggyMD", "id": 398515575065833472}, {"text": "RT @Marcmywords2: If Bram Stoker had known ,\nthat Dracula would eventually \nlead to The Vampire Diaries,\nhe'd a driven a stake through\nhis \u2026", "user": "neonorchid1", "id": 398514846083198976}, {"text": "-- then sweet Elena. For Vampire Diaries being Stefan's story, it sure does seem to revolve around the various forms of Elena, doesn't it?", "user": "OriginalAss", "id": 398507064667820033}, {"text": "I think I'm going to start the vampire diaries.", "user": "Mister_Sanchezz", "id": 398504121969278976}, {"text": "Favorite part about fall break is catching up on my shows... The vampire diaries, Grey's anatomy, revenge.", "user": "dylanmichelle11", "id": 398500658283700224}, {"text": "'Write a story about being alone' \n\nThe Vampire Diaries and The Originals\n\nI literally wrote about supernatural creatures. Bless me.", "user": "Janice_YJN", "id": 398422725338734592}, {"text": "Thursday = The Vampire Diaries #TVD", "user": "cherylmateo", "id": 398417820683231232}, {"text": "RT @willowcreekjlry: Amethyst Earrings to be worn by \"Caroline\" on The Vampire Diaries during the Season 5 Premiere, Oct  http://t.co/78Oec\u2026", "user": "Crystal_Fantasy", "id": 398383545443303424}, {"text": "Thursday Nov 07 08:00PM The Vampire Diaries (Handle with Care): INDESTRUCTIBLE \u00e2\u0080\u0094 Silas happily announces his... http://t.co/Qn8kO66FsR", "user": "ByJRochelle", "id": 398371298608300032}, {"text": "Behind on The Vampire Diaries and haven't even started on New Girl, Arrow, or Once Upon A Time yet...WHAT AM I DOING WITH MY LIFEEE :(", "user": "myyvoo", "id": 398335933650448384}, {"text": "RT @Marcmywords2: If Bram Stoker had known ,\nthat Dracula would eventually \nlead to The Vampire Diaries,\nhe'd a driven a stake through\nhis \u2026", "user": "DangerFink", "id": 398320811389378560}, {"text": "RT @willowcreekjlry: Amethyst Earrings to be worn by \"Caroline\" on The Vampire Diaries during the Season 5 Premiere, Oct  http://t.co/78Oec\u2026", "user": "MadeByTammy", "id": 398316014305161216}, {"text": "RT @Marcmywords2: If Bram Stoker had known ,\nthat Dracula would eventually \nlead to The Vampire Diaries,\nhe'd a driven a stake through\nhis \u2026", "user": "NatelleZiegler", "id": 398308914799710208}, {"text": "The Vampire Diaries is the only vampire shit I like.", "user": "jayrokk17", "id": 398305361712513024}, {"text": "Pay day is tomorrow and Reign, and The Vampire Diaries aaaaaaannnnnd 5 classes. Looking forward to it, but then again I'm not. \ud83d\ude36", "user": "lexinfairytales", "id": 398303690492502016}, {"text": "RT @Marcmywords2: If Bram Stoker had known ,\nthat Dracula would eventually \nlead to The Vampire Diaries,\nhe'd a driven a stake through\nhis \u2026", "user": "Lilwickidz", "id": 398291552684236800}, {"text": "I just voted for The Vampire Diaries #TVD #PeoplesChoice. Retweet to vote http://t.co/eny8qcoyMi via @peopleschoice", "user": "Collegefangirl1", "id": 398290715702075392}, {"text": "RT @Marcmywords2: If Bram Stoker had known ,\nthat Dracula would eventually \nlead to The Vampire Diaries,\nhe'd a driven a stake through\nhis \u2026", "user": "aura_birdie", "id": 398288580344160256}, {"text": "RT @Marcmywords2: If Bram Stoker had known ,\nthat Dracula would eventually \nlead to The Vampire Diaries,\nhe'd a driven a stake through\nhis \u2026", "user": "BigBroYo", "id": 398275998640111619}, {"text": "RT @kevinbrigante: \u201c@BeyonceLand: The Vampire Diaries cast went to The Mrs. Carter Show together! http://t.co/iQQw5buOMB http://t.co/Wtrsbj\u2026", "user": "SayeeW_", "id": 398275839395393538}, {"text": "RT @Marcmywords2: If Bram Stoker had known ,\nthat Dracula would eventually \nlead to The Vampire Diaries,\nhe'd a driven a stake through\nhis \u2026", "user": "No1_8769", "id": 398265129487572993}, {"text": "RT @Marcmywords2: If Bram Stoker had known ,\nthat Dracula would eventually \nlead to The Vampire Diaries,\nhe'd a driven a stake through\nhis \u2026", "user": "socio_atheist", "id": 398263459881578496}, {"text": "RT @Marcmywords2: If Bram Stoker had known ,\nthat Dracula would eventually \nlead to The Vampire Diaries,\nhe'd a driven a stake through\nhis \u2026", "user": "VinitaKayRay68", "id": 398263246257283074}, {"text": "RT @Marcmywords2: If Bram Stoker had known ,\nthat Dracula would eventually \nlead to The Vampire Diaries,\nhe'd a driven a stake through\nhis \u2026", "user": "espeandgio", "id": 398262109005676544}, {"text": "If Bram Stoker had known ,\nthat Dracula would eventually \nlead to The Vampire Diaries,\nhe'd a driven a stake through\nhis own heart.", "user": "Marcmywords2", "id": 398261944211103744}, {"text": "Why is my laptop taking so long to restart... Especially in the middle of a vampire diaries episode", "user": "regina_salau", "id": 398261621769785344}, {"text": "RT @linddsssss: obsessed with the vampire diaries \ud83d\ude0d", "user": "EppinetteAlyssa", "id": 398257931881164800}, {"text": "RT @linddsssss: obsessed with the vampire diaries \ud83d\ude0d", "user": "madisynwright", "id": 398252785163964416}, {"text": "obsessed with the vampire diaries \ud83d\ude0d", "user": "linddsssss", "id": 398247883020857345}, {"text": "What happened to \"previously on the vampire diaries...\" ? #TVD #TVDParty", "user": "ShreyaMadisond", "id": 398239895296016384}, {"text": "RT @opscandy: The Vampire Diaries #scifitv #PeoplesChoice", "user": "heavenkeaton", "id": 398229592953356288}, {"text": "If \"Hey Brother\" isn't on The Vampire Diaries - or The Originals - at some point this season, their music person will have totally failed.", "user": "IanMenard", "id": 398225272987590656}, {"text": "@borgatasbxtch is he going to go back on vampire diaries? I must have missed the episode where the originals left? Ahhh lol", "user": "muuhlinduuh", "id": 398219890735071233}, {"text": "RT @TheOriginalsTV: RT if you love The Vampire Diaries and The Originals! #TVD #TheOriginals http://t.co/K6ijsfwqfh", "user": "HannahBewwy", "id": 398217965734473728}, {"text": "Long Live Season 1 of the Vampire Diaries. #Sorrybutitgotbadatseason3prettymuch", "user": "Lucia_Bell", "id": 398206775175815168}, {"text": "@camilacabello97 THATS WHAT HAPPENED TO ME W/ THE VAMPIRE DIARIES AND PRETTY LITTLE LIARS", "user": "Zayna_Lioness", "id": 398205795600707584}, {"text": "RT @TheOriginalsTV: RT if you love The Vampire Diaries and The Originals! #TVD #TheOriginals http://t.co/K6ijsfwqfh", "user": "rebecaleeite_", "id": 398205285070024704}, {"text": "Hmm @BaneKiller: Always said it. The Originals is sooo good, it makes The Vampire Diaries look so annoying\"", "user": "TheYhindus", "id": 398177275981869056}, {"text": "RT @TheOriginalsTV: RT if you love The Vampire Diaries and The Originals! #TVD #TheOriginals http://t.co/K6ijsfwqfh", "user": "jb1452", "id": 398175563497869312}, {"text": "RT @TheOriginalsTV: RT if you love The Vampire Diaries and The Originals! #TVD #TheOriginals http://t.co/K6ijsfwqfh", "user": "larissa_nadia5", "id": 398154604351086592}, {"text": "RT Enter to #win Blackened Silver and Gold Marquise Necklace - As Seen on The Vampire Diaries from @HeidiLee_Design http://t.co/zb5ZzmeGyR", "user": "leblancpatti", "id": 398153863842119680}, {"text": "I just entered to #win &amp; you can too: \"Blackened Silver and Gold Marquise Necklace - A...\". Enter the #giveaway here: http://t.co/zb5ZzmeGyR", "user": "leblancpatti", "id": 398153837493493760}, {"text": "Fourth season of The Vampire Diaries, leggoooo!", "user": "mariadelreyes", "id": 398153392138113025}, {"text": "The vampire diaries have me hooked,just finished season 4.... Starting on season 5 now,yay!!!", "user": "_MaKem_anAddict", "id": 398138552430919680}, {"text": "Pleiades Blog: The Vampire Diaries - \"Monster's Ball\" - Review http://t.co/e3FKk307lT #TVD", "user": "JessicaPatzer1", "id": 398122964115128320}, {"text": "What happened to \"previously on the vampire diaries...\" ? #TVD #TVDParty", "user": "NashEvanf", "id": 398117150755287040}, {"text": "What happened to \"previously on the vampire diaries...\" ? #TVD #TVDParty", "user": "RudyJasonc", "id": 398098228370866176}, {"text": "RT @BreakEven_____: The Vampire Diaries is just so beautiful!! Even though you know they're just acting you can still feel the emotions the\u2026", "user": "Freakedout_Dee", "id": 398093494751092737}, {"text": "The Vampire Diaries is just so beautiful!! Even though you know they're just acting you can still feel the emotions they feel!", "user": "BreakEven_____", "id": 398093230538883072}, {"text": "RT @Lana_Denae: I'm sorry for laughing at you when you cried while watching The Vampire Diaries. I understand now. @lacy_fontenot", "user": "lacy_fontenot", "id": 398082850823475201}]