[{"text": "I'm pretty excited for True Detective. Being a nobody in the entertainment world (seriously, nobody), my first TV experience was with HBO.", "user": "joshlpaige", "id": 399976382555361280}, {"text": "@Cheechins Dude have you heard of True Detective on HBO? It looks like its gunna be good", "user": "Dat_Saintsfan", "id": 399759020711346176}, {"text": "Haha...so true. RT @powellmap: Debugging is like being the detective in a crime movie where you are also the murderer. (via @fortes)", "user": "batherton", "id": 399378695498268672}]