[{"text": "#astrodome #houston #preservationThe Dome Goes Under  http://t.co/NP3y5q4E6G", "user": "ExpatApple", "id": 400334322458050560}, {"text": "RT @KShillings: #StAmant v-ball now a perfect 7-0 in home playoff games at the Gold Dome under Allison Leake after 3 -1 win over Northshore\u2026", "user": "yuung_riley", "id": 400266505822031873}, {"text": "RT @KShillings: #StAmant v-ball now a perfect 7-0 in home playoff games at the Gold Dome under Allison Leake after 3 -1 win over Northshore\u2026", "user": "blairdeshea3", "id": 400259312804589568}, {"text": "RT @KShillings: #StAmant v-ball now a perfect 7-0 in home playoff games at the Gold Dome under Allison Leake after 3 -1 win over Northshore\u2026", "user": "mkay_itsKayla", "id": 400116374569103360}, {"text": "RT @KShillings: #StAmant v-ball now a perfect 7-0 in home playoff games at the Gold Dome under Allison Leake after 3 -1 win over Northshore\u2026", "user": "briannemarie9", "id": 400104429317521408}, {"text": "RT @KShillings: #StAmant v-ball now a perfect 7-0 in home playoff games at the Gold Dome under Allison Leake after 3 -1 win over Northshore\u2026", "user": "sta_grettes", "id": 400086041186430976}, {"text": "@THEbitchiestgay I haven\u2019t checked out under the dome yet. Revolution never hooked &amp; wasn\u2019t that interested myself.", "user": "michaelparks11", "id": 400083864615256064}, {"text": "#StAmant v-ball now a perfect 7-0 in home playoff games at the Gold Dome under Allison Leake after 3 -1 win over Northshore #DomeSweetDome", "user": "KShillings", "id": 400080705188659200}, {"text": "Incredibly pissed off at the ending of under the dome", "user": "ashkilledthedj", "id": 400034378027253760}, {"text": "JESUS FUCKING CHRIST! Talk about a cliffhanger! Under the dome ye fucker", "user": "ashkilledthedj", "id": 400033769916092416}, {"text": "Super-dome is magnificent. Never looked better. Even the Cowboys look good under our lights.", "user": "TRobMacho", "id": 399710499509518336}, {"text": "My over under for Saints-Boys is 75. Points in the dome.", "user": "GraysonOsgood", "id": 399697757469822976}, {"text": "Who Dat Nation... Are You Ready!  The Saints take on the Cowboys in da dome under the bright glow of prime-time... http://t.co/1xXZ0JHpyH", "user": "k99_fm", "id": 399585279670886400}, {"text": "The Saints just don't lose at the dome under the national spotlight.", "user": "ThatBoyPAT", "id": 399576048787918848}, {"text": "Study shows early voting popular | Under the Dome Blog | http://t.co/dTAQXLUuGN http://t.co/qzPKWsuCNO", "user": "JohnHill60", "id": 399548359326707712}, {"text": "I'm watching Under the Dome, Let the Games Begin (S1EP10) @intonow http://t.co/gFPgeb1lI4", "user": "mickster09", "id": 399181626522890241}, {"text": "@alanhahn @wallyball Under the Dome", "user": "LX646", "id": 398929334011830272}, {"text": "I'm saving up to buy a big glass dome under the sea :)", "user": "RAWRim_frodo", "id": 398888005525860352}, {"text": "Parent: \"He's wanted to read Under the Dome but didn't have time. Thanks for giving him time to read!\" #openhouse", "user": "jennann516", "id": 398666746468777984}, {"text": "\"Under the Dome: Honduras\"", "user": "Vivianne___", "id": 398646233385816064}, {"text": "##nw under the dome", "user": "EmrickBatgang", "id": 398542072539774976}, {"text": "Nw under the dome #voteaustinmahone", "user": "o2lsvibes", "id": 398541644485918720}, {"text": "Awesome pic of the dome under a beam of sunshine! http://t.co/0VQUntjHTX", "user": "JCEustis", "id": 398469724335378432}, {"text": "I'm watching Under the Dome, The Fourth Hand (S1EP9) @intonow http://t.co/Dh8iiJdJR9", "user": "mickster09", "id": 398242085909700608}, {"text": "#Astrodome the iconic #Houston landmark soon to be lost The Dome Goes Under http://t.co/NP3y5q4E6G #travel", "user": "ExpatApple", "id": 398213097006964737}, {"text": "@hannahsmothers_ lk the astrodome or that cbs show under the dome?", "user": "dsackllah", "id": 398179220922187776}, {"text": "RT @clintosaurus: #top3 disappointing new shows\n\nHemlock Grove\nUnder The Dome\nAgents of SHIELD\n\n@Top3Tyrant", "user": "Top3Tyrant", "id": 398178367440031744}, {"text": "#top3 disappointing new shows\n\nHemlock Grove\nUnder The Dome\nAgents of SHIELD\n\n@Top3Tyrant", "user": "clintosaurus", "id": 398160100159803392}]