[{"text": "I've watched \"Controlling Interest\" (S5 E4) of White Collar (via @tvshowtracker)", "user": "wanderlustlover", "id": 400826063514636288}, {"text": "\u201c\u2018Lean in\u2019 is the white collar \u2018get \u2018er done.\u201d Jenny gets the best lines on The League. @theleaguefxx", "user": "mikerastiello", "id": 400825514199240704}, {"text": "RT @Lmg1234567: @WhiteCollarUSA Love, love, love White Collar!", "user": "MarissaAngell", "id": 400712620099244033}, {"text": "@WhiteCollarUSA Love, love, love White Collar!", "user": "Lmg1234567", "id": 400701250733240320}, {"text": "Oh mah gah White Collar &amp; Matt Bomer. I have found my new show.", "user": "lpfaulkner", "id": 400700402208755712}, {"text": "WHITE COLLAR?", "user": "astro_cake", "id": 400691683190263808}, {"text": "\u201c@Bomericasnalgas: @TimDeKay @MattBomer @WillieGarson White Collar #cabletvdrama #PeoplesChoice http://t.co/zAounDnRYg\u201d OMG HAHAHA \u2764\ufe0f\ud83d\ude0d\ud83d\ude02\ud83d\udc4d", "user": "iTiunes", "id": 400599484658241536}, {"text": "@lil_caribou: Found Matt Bomer voting again for White Collar! Do the same!! White Collar #cabletvdrama #PeoplesChoice http://t.co/2MgfGqz24P", "user": "iTiunes", "id": 400599338469974017}, {"text": "RT @ExitingtheTiu: \u201c@lil_caribou: See!! Even Matt Bomer is voting for White collar!! White Collar #cabletvdrama #PeoplesChoice http://t.co/\u2026", "user": "lil_caribou", "id": 400501528261566464}, {"text": "RT @iAmVonteee: \u201c@_los10: why this nigga gay.. he bulls mad hoes on white collar ... not even funny\u201d he's like me", "user": "_los10", "id": 400460708946513921}, {"text": "\u201c@_los10: why this nigga gay.. he bulls mad hoes on white collar ... not even funny\u201d he's like me", "user": "iAmVonteee", "id": 400460213611819010}, {"text": "\u201c@lil_caribou: See!! Even Matt Bomer is voting for White collar!! White Collar #cabletvdrama #PeoplesChoice http://t.co/PHuu5KAvdg\u201d \u2764\ufe0f\u2764\ufe0f", "user": "iTiunes", "id": 400398070715645952}, {"text": "\u201c@odell_deb: White collar #cabletvdrama #PeoplesChoice  Matt bomer :-) http://t.co/0AhPeVsUjD\u201d", "user": "iTiunes", "id": 400398005859135490}, {"text": "White Collar #cabletvdrama #PeoplesChoice http://t.co/CtT9En5mYi", "user": "MzzEccentriK", "id": 400377537332645888}, {"text": "Protestor: \"Backroom deals and white collar criminals. That's what makes this city run\" #KWEXdemo", "user": "Joeycules", "id": 400368816070213633}, {"text": "@JimboSlice006 anything with pair or Meade!I'll probably take white collar crime lol Pair is ridiculously easy!! I'm taking criminology too!", "user": "XoNastassja", "id": 400348231894179840}, {"text": "Wow... I can't watch my White Collar online now... Somebody is about to be very angry...", "user": "bbslugger", "id": 400141706550452224}, {"text": "I love the white collar crack Starbucks sells me, but I despise every other person in there. Everytime.", "user": "JessDawn", "id": 400088236640325633}, {"text": "@karlsh17 Watched a White Collar video that had Matt Bomer flirting with Bridget Regan and kissing Eliza Dushku and Alexandra Daddario.", "user": "_ChrisDavis90", "id": 399956682081460224}, {"text": "Everybody telling me2 wear a collar shirt but ion wanna wa no da collar shirt I jus wanna wa a white t I'm tired of collar shirts", "user": "Trey_DontFWM", "id": 399951114813968385}, {"text": "\u201c@MattBomerUK: White Collar #cabletvdrama #PeoplesChoice Retweet to vote http://t.co/bXFlGei5Af\u201d \ud83d\ude0d\ud83d\ude0d\ud83d\ude0d\ud83d\ude0d\ud83d\ude0d\ud83d\ude31\ud83d\ude31\ud83d\ude31\ud83d\ude31\ud83d\ude31", "user": "iTiunes", "id": 399837110196109313}, {"text": "\u201c@MattBomerUK: Pic of The Day #mattbomer #happysaturday White Collar #cabletvdrama #peopleschoice http://t.co/8nKcsPC370\u201d \u2764\ufe0f\u2764\ufe0f\u2764\ufe0f\u2764\ufe0f\ud83d\ude0d\ud83d\ude0d\ud83d\ude0d\ud83d\ude0d", "user": "iTiunes", "id": 399837050657980416}, {"text": "@arbear442 Netflix needs to fuel my addiction. Which is the one I used to watch with you? White Collar??", "user": "kirbyliz", "id": 399758409303482368}, {"text": "Watching White Collar first. Hasn\u2019t seen this weeks episode.", "user": "michaelparks11", "id": 399747960634109952}, {"text": "I kinda wanna watch white collar now", "user": "iGiselle_", "id": 399662076890583041}, {"text": "\u201c@taylorgiese: @brooke_177 she's on white collar along with Matt Bomer so it's prefect! http://t.co/CRvBZG0XID\u201d I know I've been told!!", "user": "brooke_177", "id": 399648948433854464}, {"text": "@deaddragonz on white collar! The main dude's view. Hahaha! Does he not have it anymore?!", "user": "jillianmay_", "id": 399584818746245120}, {"text": "@deaddragonz omigod Wade's outside playing guns so I get to watch white collar early!!!!", "user": "jillianmay_", "id": 399559138989989888}, {"text": "@deaddragonz so, I started white collar last night. Super good. But I didn't make if through the first episode cause I fell asleep, but now", "user": "jillianmay_", "id": 399537935868911616}, {"text": "white collar jus keeps getting better", "user": "tscrant_716", "id": 399427266096021504}, {"text": "I've watched \"Controlling Interest\" (S5 E4) of White Collar (via @tvshowtracker)", "user": "Borgy7206", "id": 399422100341276672}, {"text": "Mark Sheppard on White Collar I don't know why I am surprised", "user": "SlytherinShan", "id": 399399247428067328}, {"text": "I've watched \"One Last Stakeout\" (S5 E3) of White Collar (via @tvshowtracker)", "user": "wanderlustlover", "id": 399378775181230081}, {"text": "White Collar Sideshow @wcsideshow @ NewChurch Georgetown http://t.co/6ZpJ6fZDUI", "user": "DeepRGraves", "id": 399374615375798272}, {"text": "Is White Collar available to watch on Netflix streaming? Just watched the first episode and I'm hooked now...", "user": "whatarisaid", "id": 399343994657726464}, {"text": "RT @Demonpuppy: @JoshuaYehl The guy from White Collar, he's my ideal pick. Can act, can fight, handsome.", "user": "MyLittleZion", "id": 399329840303968257}, {"text": "@JoshuaYehl The guy from White Collar, he's my ideal pick. Can act, can fight, handsome.", "user": "Demonpuppy", "id": 399284510988054528}, {"text": "@Ginomillionaire it is ! you'll like it . you should watch white collar too", "user": "ohmikaaa", "id": 399274097932136448}, {"text": "Without God, I'm nothing, I have nothing, I would be nothing,pale lilac with white collar? You always look so smart :-)", "user": "Irish_8876", "id": 399252171570814977}, {"text": "About to cry a little white lab is running around my neighborhood without a collar I think he's someone's lost pup \ud83d\ude22", "user": "cshamburglar", "id": 399180575971344384}, {"text": "I wanna watch white collar", "user": "iAmVonteee", "id": 399097345201016832}, {"text": "@theserapideyes Oh yeah, that's true too! I know Willie Garson has live tweeted during White Collar.", "user": "aimee2621", "id": 399070892913094656}, {"text": "\"@lexi_the_great: Matt Bomer, I love you\"\n white collar?", "user": "pj_liner", "id": 399019311425003520}, {"text": "RT @Dal_GD: @Sampson_mma completely white. Green collar. I'd appreciate the look out.", "user": "501sOnBuns", "id": 398913070686142464}, {"text": "@Sampson_mma completely white. Green collar. I'd appreciate the look out.", "user": "Dal_GD", "id": 398912891081854976}, {"text": "@charliephung white collar, watch it.", "user": "d_THvCH", "id": 398880116505604097}, {"text": "I always wake up on Friday mornings and realize I missed White Collar \ud83d\ude2d", "user": "Can________", "id": 398877456393723904}, {"text": "White Collar is one of my favorite shows. #MattBomer", "user": "kare_keri", "id": 398851705921486849}, {"text": "RT @iAmVonteee: \u201c@MayraMoctezuma: So is the main dude in white collar a detective or something?\u201d Art thief", "user": "_los10", "id": 398678138554548224}, {"text": "I'm #Viggling \"White Collar\". TV loves you back with #ViggleTV!\n\n #WhiteCollar #viggle", "user": "delarosapaula", "id": 398677309982396416}, {"text": "\u201c@MayraMoctezuma: So is the main dude in white collar a detective or something?\u201d Art thief", "user": "iAmVonteee", "id": 398676737401184256}, {"text": "My TV loves me back when I watch \"White Collar\" with #ViggleTV\n\n #WhiteCollar #viggle", "user": "babygirl191615", "id": 398671024247422976}, {"text": "U watching white collar @mkins5", "user": "hcampos2k3", "id": 398640272294170624}, {"text": "Hurry up and finish game so I can change it to@white collar", "user": "hcampos2k3", "id": 398640017725063168}, {"text": "Missing white collar to study :(((((((((", "user": "AaquelinJlvarez", "id": 398632608935841792}, {"text": "White Collar time!!", "user": "RobertDavila7", "id": 398631110390726656}, {"text": "Law and Order: SVU and White Collar. Yes Yes", "user": "berbabyy21", "id": 398621192447221761}, {"text": "Photo: I\u2019m watching White Collar \u201cLove love love this show\u201d 1178 others are also watching. White Collar on... http://t.co/iPl5qL1c3d", "user": "MzzEccentriK", "id": 398619440331624448}, {"text": "white collar scandal and The gym always males for a good thursday", "user": "OzaNidas", "id": 398617301127147521}, {"text": "I'm watching White Collar (493 others are watching) http://t.co/bUwXbmMGGN #GetGlue @WhiteCollarUSA", "user": "Rhettoric_1", "id": 398616773530255360}, {"text": "Dog Collar and Flower  MADE TO ORDER wedding Pure by ArcadiusDog http://t.co/P4IBQAzEQz via @Etsy #etsy #handmade #dog #wedding #white", "user": "ArcadiusDog", "id": 398614537726726145}, {"text": "@netflix when are y'all getting White Collar season 4?", "user": "MattAHamlin", "id": 398601201303830528}, {"text": "@JoshYEG Stupid theoretical white collar\u2026", "user": "Manglehaft", "id": 398545133575995394}, {"text": "RT @LoveGlass2: LT Stained glass white West Highland Terrier sun catcher light catcher dog with red collar Westie http://t.co/Nqq0xB0rwA #E\u2026", "user": "JesseVintage", "id": 398526992016232448}, {"text": "LT Stained glass white West Highland Terrier sun catcher light catcher dog with red collar Westie http://t.co/Nqq0xB0rwA #Etsy #WhiteWestie", "user": "LoveGlass2", "id": 398526749174009856}, {"text": "Enter the 'White Collar' NYC trip sweepstakes at http://t.co/62pOtScVX2!  http://t.co/Wnxcpj0Fep", "user": "debbutterflys", "id": 398497888495362049}, {"text": "RT @LoveGlass2: LT Stained glass white West Highland Terrier sun catcher light catcher dog with red collar W\u2026 http://t.co/Nqq0xB0rwA #Etsy \u2026", "user": "Oldeshop2012", "id": 398467177000341507}, {"text": "RT @LoveGlass2: LT Stained glass white West Highland Terrier sun catcher light catcher dog with red collar W\u2026 http://t.co/Nqq0xB0rwA #Etsy \u2026", "user": "JesseVintage", "id": 398466984180191232}, {"text": "LT Stained glass white West Highland Terrier sun catcher light catcher dog with red collar W\u2026 http://t.co/Nqq0xB0rwA #Etsy #HighlandTerrier", "user": "LoveGlass2", "id": 398466309672800256}, {"text": "Ok I'm going watch White Collar.", "user": "PrinceMax_TPK", "id": 398355799204171776}, {"text": "Enter the 'White Collar' NYC trip sweepstakes at http://t.co/7u175ElxWb!  http://t.co/uWyXFtaeYH", "user": "aaranpate", "id": 398352050221637632}, {"text": "RT @iAmVonteee: WHITE COLLAR TOMORROW", "user": "_los10", "id": 398347954882220033}, {"text": "RT @iAmVonteee: WHITE COLLAR TOMORROW", "user": "MannySingh1020", "id": 398346488285110273}, {"text": "WHITE COLLAR TOMORROW", "user": "iAmVonteee", "id": 398344833078546432}, {"text": "@joerogan @TimKennedyMMA Here is your next gig. http://t.co/DxGQz0nzUw", "user": "Choronzon39", "id": 398339044179841025}, {"text": "If wasn't serious about being a white collar worker id let my hair run wild", "user": "INTL_M", "id": 398306917191131137}, {"text": "#FightClub Finally! @joerogan http://t.co/DxGQz0nzUw", "user": "Choronzon39", "id": 398300433023647744}, {"text": "@rocknhorses http://t.co/DxGQz0nzUw Looks like me and you Joe?", "user": "Choronzon39", "id": 398298637425324032}, {"text": "As far as I'm concerned, white collar, suits and psyche are all the same show.", "user": "TheTwituation", "id": 398275514630406144}, {"text": "I just voted for White Collar #cabletvdrama #PeoplesChoice. Retweet to vote http://t.co/N73dQQTfMs via @peopleschoice", "user": "DannieJohnson", "id": 398262949187289088}, {"text": "White collar time \ud83d\ude4a", "user": "KyMueller", "id": 398258740459077632}, {"text": "This is happening Saturday! Come show some love for White Collar Sideshow http://t.co/TzEUt80633", "user": "TheLivingRoomGT", "id": 398239527174561792}, {"text": "'White Collar' sweepstakes: Enter to win a trip to NYC! http://t.co/SI85BRVKwF", "user": "notjeanine", "id": 398105505564229632}, {"text": "White Rhinestone Funnel Collar Coat by Madison &amp; Lola on #zulily today! http://t.co/P1mfyDqSJM", "user": "red_head30", "id": 398094574952132608}]