[{"text": "@ho0drat it's Witches of East End. Witches of Eastwick is a movie.", "user": "SethLeBlanc3", "id": 400723338470776833}, {"text": "apx por witches of east end", "user": "whtsahs", "id": 400718241481228288}, {"text": "Photo: I\u2019m watching Witches of East End \u201cS1E6 Potentia Noctis\u201d 25 others are also watching. Witches of East... http://t.co/l1xe6gaaW9", "user": "jlp6869rocks", "id": 400273276997730304}, {"text": "Photo: I\u2019m watching Witches of East End \u201cSeason 1 Episode 1\u201d 29 others are also watching. Witches of East... http://t.co/DVfKKWWJuw", "user": "jlp6869rocks", "id": 400259389204226049}, {"text": "How do I make \"Witches of East End\" even better? I Viggle It! TV loves you back with #ViggleTV\n\n #WitchesofEastEnd #viggle", "user": "BossLady19", "id": 399939888855777280}, {"text": "I'm #Viggling \"Witches of East End\". TV loves you back with #ViggleTV!\n\n #WitchesofEastEnd #viggle", "user": "babygirl191615", "id": 399823591618797569}, {"text": "@jennaldewan I want you to know your amazing on witches of east end!!!!!!!!! I love you!!", "user": "Mariahlynnkerry", "id": 399776862819196929}, {"text": "Dash and Killian on witches of east end um I love!!!! :))) #Teamdash", "user": "Mariahlynnkerry", "id": 399776461201997824}, {"text": "Witches of East End is going to be good next week.", "user": "gabmorales19", "id": 399772166926770177}, {"text": "\u2018Witches Of East End\u2019 Recap: The Beauchamp Girls Face Their Deaths http://t.co/4UxXCQrmdY", "user": "JennyBruck", "id": 399758476244561921}, {"text": "#Nw Witches of East End", "user": "BitterSweetNexa", "id": 399746934694764544}, {"text": "Witches of East End, then bed!! \ud83d\ude0d\ud83d\udd2e\u2728", "user": "SheaSheally", "id": 399743649715453952}, {"text": "No, Freya mixing weird potion shit right there at the bar isn't obvious at all. WTF Witches of East End.", "user": "KJMusings", "id": 399741567792996352}, {"text": "Holy witch. That's my kind of party. That was sexy. Witches of East End is getting intense.\ud83d\ude0d\ud83d\ude09\ud83d\ude0f", "user": "Ohhmybed", "id": 399736926074179586}, {"text": "Photo: I just unlocked the Witches of East End: Potentia Noctis sticker on GetGlue 3331 others have also... http://t.co/nzcaTs5z1L", "user": "TheGlamKitty", "id": 399735838319603712}, {"text": "@WitchesEastEnd Watching my Sunday night guilty pleasure Witches of East End. \ud83d\udd2e #WitchesOfEastEnd", "user": "W3ND3PAIG3", "id": 399735494692831232}, {"text": "Photo: I\u2019m watching Witches of East End 3977 others are also watching. Witches of East End on http://t.co/Bv3YWNnD3o http://t.co/3XXHfJNqqR", "user": "TVNerd95", "id": 399734498042314752}, {"text": "Photo: I just unlocked the Witches of East End: Potentia Noctis sticker on GetGlue 2941 others have also... http://t.co/X3Gj6Kv9MM", "user": "TVNerd95", "id": 399734497283174401}, {"text": "I'm watching Witches of East End (2888 others are watching) http://t.co/9MfAPjbsB8 #GetGlue @WitchesEastEnd", "user": "BeeGeeXD", "id": 399733484270673920}, {"text": "Waiting on Witches of East End to come on!", "user": "Try_Chocolate", "id": 399710579214278656}, {"text": "I'm planning to watch Witches of East End on Lifetime, Sun. #zeebox http://t.co/5K0Cb5ExjO", "user": "tonjaah", "id": 399280900854136832}, {"text": "Witches Of East End has gotten good.  Glad I got into it. @jennaldewan @rachelboston @WitchesEastEnd", "user": "lil_J_3405", "id": 398595619972857856}, {"text": "\u2018Witches Of East End\u2019 Clip: Ingrid Experiments With \u2018Magic Brownies\u2019 http://t.co/aomueIl2n1", "user": "JennyBruck", "id": 398574991123292160}]